audio_id,question_id,wpm,pause_count,speech_duration,word_count,average_pause,silence_ratio,long_pause_count,filler_count,repetition_count,hesitation_label,is_synthetic
AUD_2906,Spontaneous,120.0,9,42.77,63,,,,,,High,False
AUD_852,Reading,142.0,5,40.21,151,,,,,,Medium,False
AUD_2182,Spontaneous,122.0,6,32.66,137,,,,,,Medium,False
synth_low_42_00751,0,138.3,4,42.65,158,,,,,,Low,True
synth_low_42_00649,0,94.0,5,32.94,126,,,,,,Low,True
synth_low_42_00749,0,161.0,13,53.35,94,,,,,,Low,True
AUD_1945,Reading,91.0,10,73.11,175,,,,,,Medium,False
synth_low_42_00680,0,101.14,12,33.03,126,,,,,,Low,True
AUD_2954,Reading,177.0,4,32.41,142,,,,,,Medium,False
AUD_132,Spontaneous,106.0,9,22.09,127,,,,,,High,False
AUD_101,Reading,135.0,14,68.0,182,,,,,,Medium,False
synth_low_42_01445,0,131.97,5,23.04,94,,,,,,Low,True
AUD_1726,Spontaneous,125.0,14,86.38,170,,,,,,High,False
AUD_4700,Reading,168.0,13,70.66,110,,,,,,High,False
AUD_544,Reading,165.0,9,20.17,181,,,,,,High,False
synth_low_42_00356,0,134.0,8,29.96,94,,,,,,Low,True
AUD_4586,Reading,134.0,5,83.17,186,,,,,,High,False
synth_low_42_01126,0,117.0,8,85.38,138,,,,,,Low,True
AUD_3458,Reading,170.0,6,43.58,170,,,,,,High,False
AUD_4708,Spontaneous,117.0,2,21.93,73,,,,,,High,False
AUD_2447,Spontaneous,148.0,5,21.68,92,,,,,,High,False
AUD_2921,Spontaneous,167.0,2,87.84,145,,,,,,Medium,False
AUD_2688,Reading,102.0,12,69.94,53,,,,,,Medium,False
AUD_2431,Spontaneous,158.0,4,62.71,196,,,,,,High,False
AUD_469,Reading,153.0,13,64.44,123,,,,,,High,False
AUD_586,Spontaneous,120.0,11,84.42,76,,,,,,High,False
AUD_3332,Reading,149.0,5,72.12,170,,,,,,High,False
synth_low_42_01409,0,167.76,12,55.4,71,,,,,,Low,True
AUD_1670,Spontaneous,179.0,12,24.32,176,,,,,,Medium,False
AUD_742,Reading,99.0,3,49.67,121,,,,,,High,False
AUD_2705,Spontaneous,161.0,14,21.0,198,,,,,,High,False
AUD_1192,Spontaneous,123.0,6,75.19,114,,,,,,High,False
synth_low_42_00640,0,124.85,13,31.15,100,,,,,,Low,True
AUD_3552,Reading,121.0,10,68.94,121,,,,,,Medium,False
AUD_2550,Spontaneous,154.0,13,82.86,89,,,,,,High,False
AUD_4260,Spontaneous,102.0,2,53.7,168,,,,,,Medium,False
AUD_1423,Spontaneous,134.0,7,48.56,171,,,,,,High,False
synth_low_42_00513,0,153.0,5,39.06,74,,,,,,Low,True
AUD_2239,Reading,99.0,8,55.74,81,,,,,,High,False
AUD_4334,Reading,178.0,4,61.16,122,,,,,,High,False
AUD_3612,Spontaneous,93.0,4,71.9,76,,,,,,Medium,False
AUD_3861,Spontaneous,102.0,8,57.97,152,,,,,,Medium,False
synth_low_42_01549,0,110.51,5,41.47,163,,,,,,Low,True
AUD_4229,Spontaneous,169.0,13,88.52,95,,,,,,High,False
AUD_3825,Reading,135.0,5,57.57,125,,,,,,Medium,False
synth_low_42_00295,0,112.65,9,21.62,82,,,,,,Low,True
AUD_1569,Reading,175.0,7,42.98,165,,,,,,Low,False
AUD_838,Spontaneous,93.0,4,72.45,81,,,,,,High,False
AUD_4081,Spontaneous,172.0,14,53.07,166,,,,,,High,False
AUD_2119,Spontaneous,121.0,7,21.3,111,,,,,,High,False
AUD_2833,Reading,166.0,11,47.48,120,,,,,,Medium,False
synth_low_42_00642,0,104.0,6,74.3,110,,,,,,Low,True
synth_low_42_00048,0,174.8,9,31.02,69,,,,,,Low,True
AUD_1566,Spontaneous,118.0,8,52.44,107,,,,,,High,False
AUD_534,Reading,153.0,13,26.3,74,,,,,,High,False
AUD_4102,Spontaneous,129.0,11,27.24,180,,,,,,High,False
AUD_620,Spontaneous,163.0,14,50.59,90,,,,,,High,False
AUD_4864,Reading,180.0,5,71.11,110,,,,,,Medium,False
AUD_2173,Reading,116.0,7,54.12,132,,,,,,High,False
AUD_3881,Reading,156.0,6,34.11,113,,,,,,High,False
AUD_1562,Reading,105.0,13,32.1,167,,,,,,High,False
synth_low_42_00610,0,120.0,3,73.22,74,,,,,,Low,True
AUD_1078,Spontaneous,144.0,13,44.69,129,,,,,,Medium,False
AUD_3366,Reading,126.0,5,63.66,56,,,,,,High,False
AUD_3758,Reading,107.0,5,42.89,189,,,,,,Medium,False
AUD_3945,Reading,147.0,9,51.3,80,,,,,,High,False
AUD_4253,Reading,132.0,2,36.26,173,,,,,,High,False
synth_low_42_00767,0,152.56,3,40.75,145,,,,,,Low,True
AUD_457,Reading,166.0,3,54.15,89,,,,,,Medium,False
synth_low_42_01627,0,120.74,13,59.09,59,,,,,,Low,True
AUD_2517,Reading,177.0,14,47.25,155,,,,,,High,False
AUD_179,Reading,152.0,3,43.06,130,,,,,,High,False
AUD_3049,Spontaneous,169.0,11,75.09,115,,,,,,High,False
AUD_50,Spontaneous,102.0,4,32.08,66,,,,,,High,False
AUD_1533,Spontaneous,174.0,10,26.83,62,,,,,,High,False
AUD_2407,Spontaneous,127.0,6,44.53,196,,,,,,High,False
AUD_3282,Reading,92.0,8,25.91,189,,,,,,Medium,False
synth_low_42_00774,0,90.96,6,39.28,56,,,,,,Low,True
synth_low_42_00022,0,175.0,3,41.64,52,,,,,,Low,True
AUD_2977,Spontaneous,150.0,13,44.5,161,,,,,,Low,False
synth_low_42_00395,0,110.0,10,53.29,115,,,,,,Low,True
synth_low_42_01564,0,128.0,10,69.48,75,,,,,,Low,True
AUD_4558,Reading,137.0,3,71.37,115,,,,,,Medium,False
AUD_3274,Spontaneous,124.0,10,87.29,122,,,,,,High,False
AUD_842,Reading,129.0,6,88.26,153,,,,,,Low,False
AUD_4354,Reading,140.0,12,28.91,151,,,,,,Medium,False
AUD_1561,Spontaneous,149.0,3,36.96,128,,,,,,High,False
AUD_2829,Spontaneous,137.0,10,85.87,135,,,,,,Medium,False
AUD_2499,Reading,155.0,13,53.95,92,,,,,,Medium,False
synth_low_42_00277,0,175.0,13,69.47,167,,,,,,Low,True
AUD_3388,Reading,146.0,9,57.29,164,,,,,,Medium,False
AUD_4669,Reading,178.0,6,75.86,191,,,,,,High,False
AUD_3195,Spontaneous,113.0,8,63.53,117,,,,,,High,False
AUD_4072,Reading,138.0,2,87.3,85,,,,,,High,False
AUD_1617,Spontaneous,162.0,7,61.01,79,,,,,,Medium,False
synth_low_42_01765,0,149.0,14,36.3,94,,,,,,Low,True
synth_low_42_00557,0,105.07,11,22.03,82,,,,,,Low,True
AUD_1544,Reading,107.0,8,51.72,105,,,,,,Medium,False
AUD_4690,Reading,170.0,8,44.29,192,,,,,,Medium,False
AUD_1992,Spontaneous,127.0,3,78.92,113,,,,,,Medium,False
AUD_865,Reading,131.0,10,57.0,71,,,,,,High,False
synth_low_42_00285,0,148.55,14,47.92,151,,,,,,Low,True
AUD_2389,Spontaneous,151.0,13,51.96,176,,,,,,High,False
AUD_3412,Reading,159.0,13,20.35,102,,,,,,High,False
AUD_2018,Reading,122.0,11,38.14,170,,,,,,Medium,False
AUD_3182,Reading,117.0,3,26.32,112,,,,,,Medium,False
AUD_4508,Reading,136.0,12,25.44,74,,,,,,Low,False
AUD_4871,Spontaneous,100.0,2,87.76,81,,,,,,Medium,False
AUD_736,Spontaneous,162.0,4,70.48,189,,,,,,High,False
AUD_1487,Spontaneous,129.0,11,60.88,102,,,,,,Medium,False
synth_low_42_00723,0,168.0,4,39.68,68,,,,,,Low,True
AUD_3167,Spontaneous,163.0,12,76.1,54,,,,,,Medium,False
AUD_642,Reading,102.0,8,45.75,136,,,,,,Medium,False
AUD_3032,Reading,113.0,7,35.29,146,,,,,,Medium,False
AUD_2215,Spontaneous,115.0,14,56.12,118,,,,,,Medium,False
AUD_3783,Spontaneous,178.0,14,29.44,153,,,,,,Medium,False
AUD_756,Reading,104.0,7,43.32,102,,,,,,High,False
AUD_4011,Spontaneous,166.0,2,47.69,103,,,,,,Medium,False
synth_low_42_01449,0,151.0,2,85.17,110,,,,,,Low,True
AUD_3193,Spontaneous,127.0,6,60.01,146,,,,,,High,False
synth_low_42_00484,0,136.0,11,21.24,95,,,,,,Low,True
synth_low_42_00936,0,111.33,8,75.24,121,,,,,,Low,True
synth_low_42_00251,0,94.0,4,68.46,95,,,,,,Low,True
AUD_503,Spontaneous,103.0,5,58.12,73,,,,,,High,False
AUD_4343,Spontaneous,99.0,8,34.26,133,,,,,,High,False
AUD_3148,Spontaneous,119.0,11,57.49,193,,,,,,High,False
AUD_472,Reading,161.0,12,82.5,94,,,,,,Medium,False
synth_low_42_00375,0,160.6,12,20.68,66,,,,,,Low,True
AUD_1370,Spontaneous,138.0,2,80.07,73,,,,,,Medium,False
synth_low_42_00735,0,123.0,14,82.44,74,,,,,,Low,True
synth_low_42_00149,0,101.36,8,34.57,63,,,,,,Low,True
AUD_4479,Reading,146.0,2,36.12,119,,,,,,Medium,False
synth_low_42_01369,0,112.0,3,64.5,128,,,,,,Low,True
AUD_1595,Reading,135.0,6,58.39,106,,,,,,Medium,False
AUD_3620,Reading,96.0,3,68.9,78,,,,,,Medium,False
AUD_2759,Spontaneous,105.0,4,61.14,83,,,,,,Medium,False
synth_low_42_01546,0,137.0,7,74.06,130,,,,,,Low,True
synth_low_42_00132,0,141.29,10,75.2,113,,,,,,Low,True
AUD_696,Spontaneous,108.0,5,20.48,189,,,,,,Medium,False
AUD_4190,Spontaneous,125.0,5,62.39,192,,,,,,Medium,False
AUD_2029,Reading,128.0,4,73.29,64,,,,,,Medium,False
AUD_3487,Reading,113.0,11,85.01,116,,,,,,High,False
AUD_3357,Reading,135.0,10,25.73,169,,,,,,Medium,False
synth_low_42_00244,0,144.27,7,28.14,74,,,,,,Low,True
AUD_4879,Spontaneous,135.0,9,73.12,56,,,,,,High,False
AUD_4990,Spontaneous,94.0,10,72.55,193,,,,,,Medium,False
AUD_233,Spontaneous,122.0,13,42.47,119,,,,,,Medium,False
synth_low_42_01062,0,109.0,3,46.07,55,,,,,,Low,True
AUD_1009,Reading,149.0,10,60.75,164,,,,,,Medium,False
synth_low_42_00710,0,109.0,10,30.0,94,,,,,,Low,True
AUD_1419,Spontaneous,95.0,14,72.9,101,,,,,,Medium,False
AUD_3718,Spontaneous,169.0,4,65.79,121,,,,,,Medium,False
synth_low_42_01121,0,153.18,3,69.39,58,,,,,,Low,True
AUD_4953,Reading,125.0,2,71.18,125,,,,,,Medium,False
AUD_1321,Spontaneous,178.0,4,61.44,82,,,,,,High,False
synth_low_42_00944,0,161.78,14,28.07,132,,,,,,Low,True
AUD_2592,Reading,122.0,14,66.37,197,,,,,,High,False
AUD_2821,Reading,159.0,13,47.56,133,,,,,,High,False
AUD_4834,Reading,118.0,7,87.61,174,,,,,,Medium,False
AUD_3592,Reading,90.0,13,61.71,172,,,,,,Medium,False
AUD_3404,Spontaneous,102.0,8,41.32,181,,,,,,Medium,False
synth_low_42_00035,0,153.0,13,83.05,166,,,,,,Low,True
AUD_2375,Spontaneous,139.0,4,38.39,56,,,,,,Medium,False
AUD_4816,Spontaneous,131.0,12,32.69,177,,,,,,Medium,False
AUD_2301,Spontaneous,104.0,13,38.63,158,,,,,,High,False
AUD_2531,Spontaneous,173.0,5,86.78,82,,,,,,High,False
synth_low_42_00379,0,142.64,7,34.48,157,,,,,,Low,True
synth_low_42_00074,0,151.7,9,75.3,163,,,,,,Low,True
AUD_1883,Spontaneous,124.0,12,35.41,121,,,,,,High,False
AUD_3142,Spontaneous,145.0,11,52.87,169,,,,,,High,False
AUD_230,Spontaneous,119.0,5,43.64,88,,,,,,High,False
synth_low_42_00338,0,137.98,7,77.25,91,,,,,,Low,True
AUD_3774,Spontaneous,154.0,8,52.12,183,,,,,,Medium,False
synth_low_42_00741,0,98.0,4,64.85,141,,,,,,Low,True
AUD_1175,Spontaneous,141.0,4,48.79,183,,,,,,High,False
AUD_1097,Reading,152.0,8,88.88,110,,,,,,High,False
AUD_4140,Reading,180.0,11,41.11,67,,,,,,High,False
AUD_1662,Reading,170.0,8,41.49,160,,,,,,High,False
AUD_3977,Reading,130.0,12,69.84,124,,,,,,Medium,False
AUD_3944,Spontaneous,138.0,5,81.55,94,,,,,,Medium,False
AUD_3905,Spontaneous,175.0,2,84.52,183,,,,,,Medium,False
synth_low_42_01573,0,172.76,12,60.8,131,,,,,,Low,True
synth_low_42_01660,0,117.66,12,64.21,136,,,,,,Low,True
synth_low_42_01240,0,110.0,8,25.86,56,,,,,,Low,True
AUD_3297,Reading,165.0,3,84.81,147,,,,,,High,False
AUD_3667,Reading,106.0,3,74.24,102,,,,,,Medium,False
AUD_239,Spontaneous,132.0,2,26.47,89,,,,,,Medium,False
AUD_393,Reading,93.0,2,59.29,177,,,,,,High,False
AUD_1741,Reading,113.0,10,34.74,182,,,,,,Medium,False
AUD_3539,Spontaneous,123.0,8,28.4,171,,,,,,Medium,False
synth_low_42_01669,0,152.0,5,81.91,138,,,,,,Low,True
AUD_3513,Spontaneous,119.0,3,43.93,103,,,,,,High,False
synth_low_42_00863,0,99.0,8,42.99,95,,,,,,Low,True
AUD_1034,Spontaneous,153.0,13,60.44,174,,,,,,Medium,False
synth_low_42_01682,0,153.36,12,51.95,121,,,,,,Low,True
synth_low_42_00447,0,98.0,13,39.59,120,,,,,,Low,True
synth_low_42_01691,0,166.9,3,75.73,126,,,,,,Low,True
AUD_61,Reading,168.0,4,61.6,160,,,,,,Medium,False
AUD_3715,Spontaneous,159.0,4,85.46,179,,,,,,High,False
AUD_3816,Reading,94.0,9,63.57,199,,,,,,High,False
AUD_3717,Reading,116.0,10,75.28,192,,,,,,Medium,False
synth_low_42_01490,0,123.0,7,75.01,144,,,,,,Low,True
AUD_2153,Reading,127.0,11,67.68,52,,,,,,Medium,False
synth_low_42_01574,0,161.0,13,89.82,63,,,,,,Low,True
AUD_2406,Reading,128.0,14,27.31,175,,,,,,Medium,False
AUD_4039,Reading,156.0,14,49.99,121,,,,,,Medium,False
AUD_3764,Reading,104.0,2,84.81,85,,,,,,High,False
synth_low_42_01177,0,129.0,3,77.42,154,,,,,,Low,True
AUD_1323,Reading,166.0,13,46.28,102,,,,,,Low,False
AUD_247,Spontaneous,139.0,3,84.41,180,,,,,,High,False
AUD_3761,Reading,155.0,5,53.27,105,,,,,,High,False
AUD_3313,Reading,128.0,13,44.15,166,,,,,,Medium,False
AUD_3066,Reading,124.0,3,49.27,143,,,,,,Medium,False
AUD_1886,Spontaneous,95.0,12,38.42,129,,,,,,Medium,False
AUD_19,Spontaneous,107.0,10,88.8,65,,,,,,Medium,False
synth_low_42_00409,0,136.0,3,47.59,69,,,,,,Low,True
synth_low_42_00133,0,120.0,6,23.45,94,,,,,,Low,True
synth_low_42_01239,0,158.0,12,61.12,84,,,,,,Low,True
AUD_1509,Spontaneous,178.0,12,64.57,196,,,,,,Medium,False
AUD_2900,Spontaneous,161.0,9,86.26,74,,,,,,High,False
AUD_3185,Reading,132.0,2,33.04,153,,,,,,Medium,False
synth_low_42_00967,0,151.0,2,77.64,155,,,,,,Low,True
synth_low_42_01116,0,128.0,12,37.81,87,,,,,,Low,True
AUD_2476,Reading,145.0,14,48.73,115,,,,,,Medium,False
AUD_1919,Spontaneous,127.0,7,39.85,100,,,,,,Medium,False
AUD_217,Spontaneous,160.0,10,78.06,109,,,,,,Medium,False
AUD_1608,Spontaneous,172.0,2,74.36,178,,,,,,High,False
AUD_4331,Spontaneous,142.0,5,57.52,74,,,,,,Medium,False
AUD_1740,Spontaneous,165.0,4,29.77,86,,,,,,High,False
AUD_3187,Reading,98.0,11,22.6,81,,,,,,Medium,False
AUD_4685,Reading,123.0,13,73.01,76,,,,,,Medium,False
synth_low_42_01041,0,151.0,6,37.78,90,,,,,,Low,True
AUD_3664,Reading,91.0,5,50.79,122,,,,,,Medium,False
synth_low_42_01407,0,104.0,14,34.98,82,,,,,,Low,True
AUD_3532,Reading,116.0,13,33.54,138,,,,,,Medium,False
synth_low_42_01009,0,95.0,8,25.29,84,,,,,,Low,True
AUD_4233,Reading,141.0,4,20.52,121,,,,,,High,False
synth_low_42_01609,0,94.0,7,64.17,136,,,,,,Low,True
AUD_4372,Reading,143.0,10,76.15,101,,,,,,High,False
AUD_4993,Spontaneous,179.0,12,59.0,74,,,,,,High,False
synth_low_42_01610,0,108.83,7,23.29,171,,,,,,Low,True
AUD_3680,Reading,109.0,5,44.14,175,,,,,,Medium,False
AUD_965,Spontaneous,177.0,11,81.53,109,,,,,,High,False
AUD_2184,Spontaneous,138.0,2,35.64,69,,,,,,Medium,False
AUD_321,Reading,122.0,5,56.65,144,,,,,,High,False
AUD_447,Reading,144.0,12,82.41,62,,,,,,High,False
AUD_1056,Reading,167.0,10,85.62,88,,,,,,High,False
synth_low_42_01364,0,112.0,12,39.87,68,,,,,,Low,True
AUD_2880,Spontaneous,99.0,12,56.75,106,,,,,,Medium,False
AUD_585,Reading,115.0,2,61.57,132,,,,,,High,False
AUD_4922,Spontaneous,120.0,12,65.62,182,,,,,,High,False
AUD_4370,Reading,123.0,13,62.67,64,,,,,,High,False
AUD_169,Spontaneous,119.0,4,61.25,105,,,,,,Medium,False
AUD_3871,Spontaneous,94.0,4,32.85,138,,,,,,Low,False
synth_low_42_01440,0,95.0,5,24.19,198,,,,,,Low,True
AUD_4295,Spontaneous,116.0,5,58.68,76,,,,,,High,False
AUD_1163,Reading,149.0,11,65.72,163,,,,,,Medium,False
synth_low_42_01716,0,139.0,9,61.04,125,,,,,,Low,True
AUD_2970,Spontaneous,105.0,2,61.97,158,,,,,,High,False
synth_low_42_01616,0,102.0,14,21.83,157,,,,,,Low,True
AUD_2229,Reading,132.0,10,34.76,111,,,,,,High,False
AUD_4272,Reading,118.0,7,20.54,162,,,,,,Medium,False
synth_low_42_01257,0,116.01,13,40.48,194,,,,,,Low,True
AUD_3915,Reading,99.0,10,30.34,188,,,,,,Low,False
AUD_1656,Reading,123.0,14,37.38,78,,,,,,High,False
synth_low_42_01001,0,135.24,8,61.06,70,,,,,,Low,True
synth_low_42_00420,0,90.67,13,25.35,140,,,,,,Low,True
AUD_1223,Spontaneous,161.0,6,58.44,160,,,,,,High,False
synth_low_42_01704,0,95.0,2,34.5,99,,,,,,Low,True
synth_low_42_00584,0,134.19,11,57.94,189,,,,,,Low,True
AUD_31,Reading,161.0,11,78.05,74,,,,,,High,False
AUD_932,Spontaneous,128.0,5,31.14,148,,,,,,High,False
AUD_812,Spontaneous,175.0,9,81.7,94,,,,,,Medium,False
synth_low_42_01056,0,99.0,7,31.3,63,,,,,,Low,True
AUD_4609,Reading,137.0,8,23.31,199,,,,,,Medium,False
AUD_1005,Reading,105.0,14,52.96,195,,,,,,Medium,False
synth_low_42_00433,0,122.0,8,28.85,161,,,,,,Low,True
AUD_4907,Reading,105.0,4,45.64,96,,,,,,High,False
AUD_3470,Reading,168.0,7,23.42,108,,,,,,High,False
AUD_4902,Spontaneous,128.0,6,46.79,164,,,,,,High,False
AUD_17,Reading,149.0,8,86.19,121,,,,,,Medium,False
AUD_96,Reading,169.0,6,77.91,123,,,,,,Medium,False
AUD_4952,Spontaneous,173.0,7,89.78,170,,,,,,Medium,False
AUD_4125,Reading,178.0,11,25.57,178,,,,,,Medium,False
AUD_1153,Spontaneous,117.0,5,28.17,110,,,,,,Low,False
synth_low_42_01698,0,124.32,3,57.67,99,,,,,,Low,True
synth_low_42_00907,0,166.67,5,31.54,55,,,,,,Low,True
synth_low_42_01551,0,161.0,14,36.32,193,,,,,,Low,True
AUD_1801,Reading,150.0,13,23.16,75,,,,,,Medium,False
AUD_800,Spontaneous,92.0,7,79.02,156,,,,,,Medium,False
AUD_496,Spontaneous,119.0,11,88.44,57,,,,,,Medium,False
AUD_1149,Spontaneous,141.0,8,84.29,56,,,,,,High,False
AUD_3127,Spontaneous,107.0,6,60.23,184,,,,,,Medium,False
synth_low_42_00716,0,129.0,9,47.66,124,,,,,,Low,True
AUD_752,Spontaneous,180.0,14,52.66,168,,,,,,Medium,False
synth_low_42_00528,0,177.0,14,62.33,103,,,,,,Low,True
AUD_538,Spontaneous,122.0,6,74.48,141,,,,,,High,False
AUD_80,Reading,177.0,12,41.77,137,,,,,,Low,False
AUD_1882,Reading,106.0,5,69.69,79,,,,,,High,False
AUD_4614,Spontaneous,111.0,2,59.49,66,,,,,,Medium,False
synth_low_42_00317,0,102.71,3,63.05,93,,,,,,Low,True
AUD_1400,Reading,150.0,6,26.8,157,,,,,,Medium,False
AUD_3008,Reading,170.0,7,44.18,73,,,,,,High,False
AUD_2574,Reading,125.0,8,49.66,62,,,,,,High,False
synth_low_42_01776,0,166.0,9,34.44,57,,,,,,Low,True
AUD_4093,Spontaneous,163.0,10,35.55,146,,,,,,High,False
AUD_3220,Spontaneous,126.0,7,20.23,169,,,,,,Medium,False
AUD_3250,Reading,138.0,6,39.01,54,,,,,,Medium,False
AUD_611,Spontaneous,177.0,7,26.94,176,,,,,,Medium,False
synth_low_42_01744,0,122.0,2,85.46,85,,,,,,Low,True
AUD_960,Spontaneous,165.0,4,41.21,115,,,,,,High,False
AUD_93,Spontaneous,110.0,12,83.77,197,,,,,,Low,False
AUD_706,Reading,95.0,3,27.01,82,,,,,,High,False
AUD_681,Reading,132.0,6,62.1,173,,,,,,High,False
AUD_3653,Reading,164.0,9,59.04,54,,,,,,Medium,False
AUD_3305,Reading,111.0,11,50.32,153,,,,,,Medium,False
AUD_4438,Spontaneous,104.0,12,38.06,78,,,,,,High,False
AUD_37,Reading,98.0,7,89.27,153,,,,,,High,False
AUD_4883,Spontaneous,151.0,2,53.57,146,,,,,,Medium,False
synth_low_42_01495,0,95.1,8,51.45,125,,,,,,Low,True
synth_low_42_00247,0,120.0,2,64.85,99,,,,,,Low,True
AUD_3095,Reading,147.0,10,27.61,115,,,,,,High,False
synth_low_42_01117,0,147.05,12,85.08,56,,,,,,Low,True
AUD_4323,Reading,124.0,12,73.23,90,,,,,,Medium,False
AUD_429,Spontaneous,135.0,3,81.91,152,,,,,,Medium,False
synth_low_42_01457,0,138.0,3,85.25,145,,,,,,Low,True
AUD_2995,Reading,128.0,9,71.62,152,,,,,,High,False
synth_low_42_00438,0,139.0,12,30.18,163,,,,,,Low,True
synth_low_42_01581,0,147.0,14,84.14,89,,,,,,Low,True
AUD_2405,Reading,176.0,8,49.62,71,,,,,,Low,False
AUD_4284,Spontaneous,170.0,9,50.64,179,,,,,,Medium,False
synth_low_42_00306,0,98.28,12,33.39,130,,,,,,Low,True
AUD_4269,Reading,146.0,7,65.97,115,,,,,,Medium,False
AUD_2168,Reading,136.0,2,74.74,174,,,,,,High,False
AUD_263,Reading,137.0,7,60.08,99,,,,,,Low,False
synth_low_42_00195,0,96.04,5,23.33,75,,,,,,Low,True
AUD_1195,Reading,138.0,7,39.8,165,,,,,,High,False
AUD_2283,Spontaneous,104.0,5,58.3,131,,,,,,Medium,False
AUD_2302,Spontaneous,167.0,3,50.85,161,,,,,,High,False
AUD_1261,Spontaneous,98.0,13,21.78,123,,,,,,Medium,False
AUD_2112,Spontaneous,155.0,3,40.35,63,,,,,,High,False
AUD_535,Spontaneous,111.0,8,41.67,142,,,,,,Medium,False
AUD_334,Spontaneous,177.0,11,66.31,144,,,,,,High,False
AUD_4519,Reading,97.0,2,31.2,120,,,,,,Medium,False
synth_low_42_01195,0,172.0,9,29.0,121,,,,,,Low,True
AUD_2446,Spontaneous,164.0,5,34.27,73,,,,,,Low,False
AUD_1374,Spontaneous,143.0,13,84.28,194,,,,,,High,False
synth_low_42_01219,0,143.32,10,32.85,63,,,,,,Low,True
AUD_23,Reading,169.0,9,29.06,62,,,,,,Medium,False
AUD_435,Reading,136.0,10,28.29,135,,,,,,High,False
synth_low_42_00080,0,101.0,11,84.6,94,,,,,,Low,True
synth_low_42_01720,0,117.48,2,73.61,159,,,,,,Low,True
synth_low_42_00255,0,121.0,10,35.56,104,,,,,,Low,True
AUD_4161,Reading,132.0,3,68.16,52,,,,,,High,False
AUD_4308,Reading,164.0,7,50.69,121,,,,,,High,False
AUD_476,Spontaneous,137.0,2,88.13,116,,,,,,High,False
AUD_683,Reading,131.0,8,33.36,195,,,,,,Medium,False
AUD_2249,Spontaneous,153.0,5,74.44,185,,,,,,High,False
AUD_4769,Spontaneous,107.0,7,45.52,115,,,,,,High,False
AUD_2509,Spontaneous,123.0,6,37.59,181,,,,,,Medium,False
AUD_2716,Spontaneous,151.0,4,54.42,131,,,,,,Medium,False
AUD_4840,Reading,126.0,12,43.34,138,,,,,,High,False
AUD_1545,Spontaneous,133.0,2,37.7,142,,,,,,High,False
AUD_1499,Reading,97.0,5,41.11,135,,,,,,High,False
AUD_2916,Reading,141.0,12,32.71,157,,,,,,High,False
AUD_921,Spontaneous,100.0,5,48.59,118,,,,,,Medium,False
AUD_2944,Reading,102.0,6,47.89,172,,,,,,Medium,False
AUD_3407,Spontaneous,118.0,2,39.75,87,,,,,,Medium,False
AUD_3044,Reading,156.0,7,82.65,72,,,,,,Medium,False
AUD_4085,Spontaneous,108.0,12,22.06,86,,,,,,Medium,False
synth_low_42_01739,0,123.15,3,35.65,198,,,,,,Low,True
synth_low_42_01342,0,98.0,6,58.06,194,,,,,,Low,True
AUD_2164,Reading,147.0,7,33.65,113,,,,,,Medium,False
synth_low_42_00465,0,90.2,4,85.97,95,,,,,,Low,True
AUD_1732,Reading,123.0,12,29.0,84,,,,,,High,False
AUD_1582,Spontaneous,112.0,13,75.4,72,,,,,,Medium,False
AUD_2582,Reading,167.0,4,51.22,117,,,,,,High,False
AUD_2542,Reading,93.0,3,69.4,81,,,,,,Medium,False
AUD_4028,Reading,151.0,14,66.44,190,,,,,,Low,False
synth_low_42_00972,0,108.76,6,52.0,186,,,,,,Low,True
AUD_378,Reading,120.0,4,65.99,186,,,,,,High,False
AUD_4204,Spontaneous,155.0,2,22.76,168,,,,,,High,False
AUD_811,Reading,134.0,10,74.6,95,,,,,,Medium,False
AUD_3649,Spontaneous,103.0,13,72.2,134,,,,,,Medium,False
AUD_199,Reading,134.0,6,20.45,162,,,,,,Medium,False
synth_low_42_00563,0,158.0,10,60.25,114,,,,,,Low,True
synth_low_42_00789,0,174.0,13,50.19,74,,,,,,Low,True
AUD_3078,Spontaneous,121.0,10,55.54,182,,,,,,Medium,False
synth_low_42_01510,0,110.0,3,64.33,128,,,,,,Low,True
AUD_2596,Reading,146.0,12,70.11,172,,,,,,High,False
synth_low_42_00201,0,99.0,10,64.74,167,,,,,,Low,True
AUD_468,Spontaneous,149.0,14,25.79,127,,,,,,Medium,False
synth_low_42_00620,0,135.77,9,30.25,141,,,,,,Low,True
AUD_4221,Reading,165.0,2,72.78,55,,,,,,High,False
AUD_491,Spontaneous,113.0,6,52.47,60,,,,,,High,False
synth_low_42_01229,0,178.89,12,50.68,136,,,,,,Low,True
AUD_1397,Reading,113.0,11,66.45,54,,,,,,High,False
AUD_2629,Spontaneous,139.0,11,36.7,86,,,,,,Low,False
AUD_3538,Reading,142.0,4,35.98,70,,,,,,Medium,False
AUD_3469,Spontaneous,108.0,12,62.1,61,,,,,,Medium,False
AUD_1657,Spontaneous,157.0,4,83.68,188,,,,,,High,False
AUD_3858,Spontaneous,125.0,9,43.09,189,,,,,,Medium,False
AUD_561,Spontaneous,134.0,5,63.68,148,,,,,,Medium,False
synth_low_42_01324,0,153.43,8,66.49,83,,,,,,Low,True
AUD_1669,Spontaneous,139.0,6,68.17,105,,,,,,High,False
AUD_2633,Reading,154.0,6,65.25,130,,,,,,Medium,False
AUD_1652,Reading,170.0,13,69.62,144,,,,,,Medium,False
AUD_1507,Spontaneous,134.0,4,37.81,109,,,,,,High,False
AUD_3410,Reading,171.0,12,65.33,175,,,,,,High,False
synth_low_42_00456,0,155.0,5,44.68,151,,,,,,Low,True
synth_low_42_01150,0,112.0,2,51.52,178,,,,,,Low,True
AUD_733,Reading,100.0,10,43.11,181,,,,,,Medium,False
AUD_3786,Reading,117.0,9,21.96,137,,,,,,Medium,False
synth_low_42_00137,0,164.88,11,25.21,191,,,,,,Low,True
synth_low_42_01640,0,109.0,7,28.06,152,,,,,,Low,True
synth_low_42_01129,0,138.0,7,34.51,156,,,,,,Low,True
AUD_3475,Reading,150.0,7,42.32,142,,,,,,Medium,False
AUD_3575,Spontaneous,114.0,3,34.79,160,,,,,,High,False
synth_low_42_00712,0,141.89,9,30.64,125,,,,,,Low,True
AUD_2742,Spontaneous,112.0,11,27.53,65,,,,,,High,False
AUD_3771,Reading,130.0,14,64.12,161,,,,,,High,False
synth_low_42_00377,0,129.0,14,20.13,156,,,,,,Low,True
synth_low_42_00372,0,151.0,5,52.05,172,,,,,,Low,True
synth_low_42_00265,0,126.36,2,84.49,156,,,,,,Low,True
AUD_2417,Spontaneous,173.0,9,38.3,113,,,,,,Medium,False
synth_low_42_01298,0,98.54,10,37.82,94,,,,,,Low,True
AUD_1694,Reading,137.0,13,38.85,64,,,,,,Medium,False
AUD_408,Reading,129.0,8,53.07,52,,,,,,High,False
AUD_2291,Spontaneous,126.0,5,64.03,136,,,,,,Medium,False
synth_low_42_00081,0,177.61,10,67.01,109,,,,,,Low,True
AUD_4595,Reading,154.0,2,50.77,112,,,,,,Medium,False
synth_low_42_00429,0,178.78,9,62.52,167,,,,,,Low,True
AUD_2937,Spontaneous,90.0,8,59.69,138,,,,,,Medium,False
synth_low_42_00499,0,95.0,11,32.85,55,,,,,,Low,True
AUD_1405,Reading,118.0,7,85.75,65,,,,,,High,False
synth_low_42_00532,0,114.0,13,77.28,74,,,,,,Low,True
AUD_3336,Reading,126.0,9,59.01,192,,,,,,Medium,False
AUD_4252,Spontaneous,109.0,6,78.13,142,,,,,,Medium,False
AUD_79,Spontaneous,95.0,7,54.57,170,,,,,,Medium,False
synth_low_42_01279,0,99.0,11,23.75,99,,,,,,Low,True
AUD_1671,Reading,135.0,6,22.75,187,,,,,,Medium,False
synth_low_42_00938,0,121.0,13,25.55,191,,,,,,Low,True
synth_low_42_01337,0,109.0,6,89.82,142,,,,,,Low,True
AUD_833,Reading,137.0,4,22.03,177,,,,,,High,False
AUD_4256,Spontaneous,99.0,9,79.86,59,,,,,,High,False
AUD_625,Spontaneous,136.0,7,89.18,182,,,,,,High,False
AUD_2127,Spontaneous,100.0,3,43.58,94,,,,,,Medium,False
AUD_4220,Spontaneous,122.0,13,82.51,116,,,,,,High,False
AUD_4866,Reading,159.0,5,70.89,126,,,,,,High,False
AUD_2519,Reading,108.0,5,35.09,74,,,,,,Medium,False
AUD_2299,Spontaneous,138.0,9,63.78,133,,,,,,Medium,False
AUD_3002,Reading,165.0,8,44.77,163,,,,,,Medium,False
AUD_1891,Reading,174.0,3,63.69,182,,,,,,Medium,False
AUD_2683,Spontaneous,170.0,6,56.77,69,,,,,,Medium,False
AUD_1420,Spontaneous,158.0,14,62.3,124,,,,,,High,False
AUD_798,Spontaneous,154.0,3,66.59,188,,,,,,Medium,False
synth_low_42_00521,0,97.0,3,33.92,146,,,,,,Low,True
AUD_592,Spontaneous,175.0,14,26.04,108,,,,,,High,False
synth_low_42_00635,0,114.0,13,64.67,110,,,,,,Low,True
synth_low_42_01685,0,172.36,3,73.91,194,,,,,,Low,True
AUD_2927,Spontaneous,91.0,9,25.35,130,,,,,,Low,False
AUD_1215,Reading,105.0,11,24.94,96,,,,,,High,False
AUD_4056,Spontaneous,140.0,8,52.1,179,,,,,,Medium,False
AUD_3621,Spontaneous,161.0,4,46.79,58,,,,,,Medium,False
synth_low_42_00065,0,128.0,12,32.49,63,,,,,,Low,True
AUD_381,Reading,119.0,3,88.12,126,,,,,,Medium,False
synth_low_42_01385,0,139.78,7,86.2,101,,,,,,Low,True
AUD_712,Reading,170.0,5,41.88,57,,,,,,High,False
synth_low_42_00696,0,121.0,9,40.35,172,,,,,,Low,True
AUD_2943,Reading,111.0,12,68.45,89,,,,,,Low,False
AUD_324,Reading,157.0,9,72.14,166,,,,,,High,False
AUD_3807,Reading,111.0,11,78.82,75,,,,,,Medium,False
synth_low_42_01555,0,97.0,9,58.38,168,,,,,,Low,True
AUD_1199,Reading,132.0,8,71.76,150,,,,,,High,False
synth_low_42_00284,0,96.0,12,43.78,112,,,,,,Low,True
AUD_4092,Spontaneous,162.0,10,36.26,152,,,,,,High,False
AUD_1330,Spontaneous,125.0,8,31.45,160,,,,,,Medium,False
AUD_1550,Spontaneous,100.0,8,30.1,71,,,,,,Medium,False
AUD_3443,Reading,126.0,6,58.21,195,,,,,,Medium,False
AUD_2650,Reading,98.0,14,46.38,71,,,,,,Medium,False
AUD_1335,Reading,96.0,8,73.45,73,,,,,,High,False
AUD_2042,Reading,166.0,8,85.58,104,,,,,,Medium,False
AUD_3089,Spontaneous,93.0,12,67.34,85,,,,,,High,False
AUD_1022,Reading,92.0,10,40.11,156,,,,,,High,False
synth_low_42_01570,0,119.57,8,42.8,127,,,,,,Low,True
AUD_3064,Reading,164.0,12,87.85,178,,,,,,High,False
synth_low_42_01377,0,121.57,6,23.61,88,,,,,,Low,True
AUD_511,Reading,138.0,9,30.07,164,,,,,,Medium,False
AUD_4664,Spontaneous,111.0,4,85.21,159,,,,,,Low,False
AUD_1615,Reading,173.0,4,31.59,74,,,,,,High,False
AUD_4877,Reading,91.0,6,50.53,152,,,,,,High,False
AUD_1057,Spontaneous,116.0,12,20.89,199,,,,,,Medium,False
AUD_2276,Spontaneous,145.0,7,66.82,65,,,,,,High,False
synth_low_42_01318,0,161.0,8,50.9,86,,,,,,Low,True
AUD_88,Spontaneous,168.0,5,50.48,93,,,,,,Medium,False
synth_low_42_01548,0,100.0,12,61.34,142,,,,,,Low,True
AUD_4837,Reading,122.0,8,89.2,131,,,,,,Medium,False
AUD_4847,Reading,122.0,10,36.46,127,,,,,,Medium,False
AUD_473,Reading,95.0,7,64.78,87,,,,,,High,False
AUD_3937,Reading,99.0,3,53.22,137,,,,,,High,False
AUD_156,Spontaneous,151.0,5,76.08,127,,,,,,High,False
AUD_3499,Spontaneous,157.0,10,66.11,59,,,,,,Medium,False
AUD_1193,Reading,114.0,12,67.3,90,,,,,,High,False
AUD_1219,Spontaneous,127.0,7,23.14,140,,,,,,High,False
synth_low_42_00259,0,111.0,8,55.65,105,,,,,,Low,True
AUD_1074,Spontaneous,153.0,4,21.42,173,,,,,,High,False
AUD_2939,Reading,120.0,8,80.95,122,,,,,,Medium,False
synth_low_42_00066,0,117.0,12,60.15,195,,,,,,Low,True
AUD_1144,Spontaneous,158.0,4,21.08,104,,,,,,Medium,False
AUD_4890,Spontaneous,102.0,11,48.54,153,,,,,,Medium,False
AUD_3989,Spontaneous,157.0,4,60.54,179,,,,,,High,False
AUD_4201,Reading,98.0,5,33.82,194,,,,,,Medium,False
AUD_198,Spontaneous,119.0,14,34.77,57,,,,,,Medium,False
synth_low_42_01372,0,167.69,5,56.73,176,,,,,,Low,True
AUD_3400,Spontaneous,157.0,13,85.01,91,,,,,,High,False
AUD_3245,Spontaneous,174.0,8,63.05,113,,,,,,Medium,False
AUD_73,Reading,167.0,4,88.84,72,,,,,,High,False
AUD_2117,Spontaneous,107.0,13,52.9,159,,,,,,High,False
synth_low_42_00812,0,123.45,5,81.16,116,,,,,,Low,True
AUD_3615,Spontaneous,159.0,3,75.31,127,,,,,,High,False
synth_low_42_00228,0,132.0,3,36.26,64,,,,,,Low,True
AUD_2664,Reading,160.0,8,65.26,173,,,,,,Medium,False
AUD_2024,Spontaneous,142.0,14,45.55,159,,,,,,High,False
AUD_2462,Reading,117.0,7,20.72,186,,,,,,High,False
synth_low_42_01664,0,156.0,9,39.27,169,,,,,,Low,True
AUD_1768,Spontaneous,127.0,9,87.38,171,,,,,,Medium,False
AUD_1188,Reading,148.0,2,27.2,190,,,,,,High,False
AUD_547,Reading,152.0,12,82.85,191,,,,,,Medium,False
AUD_2569,Spontaneous,165.0,3,70.07,105,,,,,,Medium,False
AUD_4597,Reading,132.0,3,31.48,173,,,,,,Medium,False
AUD_2473,Spontaneous,179.0,12,63.21,136,,,,,,Medium,False
AUD_4480,Spontaneous,141.0,14,54.51,134,,,,,,Medium,False
AUD_1820,Reading,180.0,4,82.3,173,,,,,,Medium,False
AUD_4386,Reading,165.0,5,81.15,181,,,,,,Medium,False
AUD_2846,Reading,110.0,2,75.87,57,,,,,,Medium,False
AUD_1379,Spontaneous,97.0,11,60.09,157,,,,,,Medium,False
synth_low_42_01583,0,129.0,12,37.74,151,,,,,,Low,True
AUD_1862,Reading,124.0,11,89.19,189,,,,,,Medium,False
AUD_4800,Spontaneous,155.0,10,21.22,154,,,,,,Medium,False
AUD_2053,Reading,103.0,8,88.28,146,,,,,,High,False
AUD_3409,Reading,117.0,11,35.29,72,,,,,,High,False
AUD_208,Spontaneous,140.0,12,37.31,122,,,,,,High,False
AUD_3076,Reading,138.0,9,83.06,63,,,,,,Medium,False
AUD_2540,Reading,108.0,8,23.74,110,,,,,,High,False
AUD_3616,Spontaneous,157.0,8,25.57,139,,,,,,High,False
AUD_2687,Reading,95.0,13,31.06,98,,,,,,Medium,False
AUD_4983,Spontaneous,112.0,12,56.6,93,,,,,,High,False
synth_low_42_01392,0,113.64,12,28.37,131,,,,,,Low,True
synth_low_42_00684,0,161.0,7,27.28,89,,,,,,Low,True
AUD_2521,Reading,130.0,4,48.71,128,,,,,,High,False
AUD_2251,Reading,117.0,8,32.57,113,,,,,,High,False
AUD_3395,Spontaneous,124.0,8,29.29,82,,,,,,High,False
synth_low_42_01592,0,178.94,12,49.45,148,,,,,,Low,True
synth_low_42_00743,0,140.0,3,49.22,82,,,,,,Low,True
synth_low_42_01178,0,99.0,3,65.95,135,,,,,,Low,True
AUD_3399,Reading,121.0,9,64.87,168,,,,,,High,False
AUD_1840,Reading,99.0,9,26.7,174,,,,,,Medium,False
AUD_3608,Reading,168.0,8,31.96,147,,,,,,High,False
AUD_576,Reading,155.0,11,68.89,114,,,,,,Medium,False
AUD_2653,Reading,152.0,6,21.02,109,,,,,,Medium,False
AUD_3169,Spontaneous,162.0,13,30.98,199,,,,,,Medium,False
AUD_4667,Spontaneous,144.0,4,82.25,162,,,,,,High,False
synth_low_42_00086,0,148.22,3,50.88,89,,,,,,Low,True
AUD_3918,Spontaneous,149.0,8,76.09,54,,,,,,High,False
AUD_4405,Spontaneous,117.0,8,88.89,189,,,,,,Medium,False
AUD_401,Spontaneous,149.0,4,35.31,51,,,,,,High,False
AUD_3773,Spontaneous,102.0,10,38.36,190,,,,,,Medium,False
AUD_1805,Reading,105.0,5,29.72,136,,,,,,Medium,False
AUD_41,Spontaneous,145.0,13,54.97,66,,,,,,Medium,False
AUD_1760,Reading,103.0,13,69.88,142,,,,,,High,False
AUD_1173,Spontaneous,166.0,12,86.98,155,,,,,,High,False
AUD_2392,Reading,150.0,3,65.04,96,,,,,,Medium,False
synth_low_42_00218,0,168.54,12,50.88,95,,,,,,Low,True
AUD_1242,Reading,129.0,2,87.04,155,,,,,,Medium,False
synth_low_42_01542,0,156.35,9,57.94,95,,,,,,Low,True
AUD_3710,Spontaneous,168.0,14,87.67,132,,,,,,Medium,False
AUD_3125,Reading,159.0,14,51.62,91,,,,,,Medium,False
AUD_2271,Reading,105.0,7,46.07,181,,,,,,High,False
AUD_2318,Reading,132.0,5,78.7,64,,,,,,High,False
AUD_4148,Spontaneous,173.0,9,61.92,75,,,,,,High,False
AUD_2680,Reading,166.0,3,46.65,139,,,,,,Medium,False
AUD_1869,Reading,140.0,14,82.17,171,,,,,,High,False
AUD_676,Reading,134.0,10,61.96,103,,,,,,Low,False
AUD_4283,Reading,124.0,2,65.47,93,,,,,,Medium,False
AUD_1315,Spontaneous,134.0,6,56.58,164,,,,,,High,False
synth_low_42_01563,0,124.5,8,78.11,93,,,,,,Low,True
AUD_1371,Reading,173.0,4,80.96,76,,,,,,Medium,False
AUD_1586,Spontaneous,164.0,3,64.02,187,,,,,,Medium,False
synth_low_42_01264,0,128.0,11,42.55,91,,,,,,Low,True
AUD_3439,Spontaneous,90.0,9,34.78,187,,,,,,Medium,False
AUD_3889,Spontaneous,130.0,4,59.69,79,,,,,,Medium,False
AUD_3358,Spontaneous,96.0,8,41.72,191,,,,,,Medium,False
AUD_549,Reading,148.0,2,65.71,92,,,,,,Medium,False
AUD_1536,Reading,142.0,4,46.22,101,,,,,,Medium,False
AUD_3107,Reading,172.0,9,44.74,115,,,,,,High,False
AUD_2338,Reading,100.0,5,68.3,58,,,,,,Medium,False
AUD_296,Spontaneous,117.0,4,62.31,88,,,,,,Medium,False
AUD_2484,Spontaneous,157.0,2,63.7,171,,,,,,Medium,False
AUD_2348,Spontaneous,128.0,11,49.25,70,,,,,,Medium,False
AUD_2858,Spontaneous,148.0,2,57.23,100,,,,,,Medium,False
AUD_4823,Reading,177.0,10,68.46,66,,,,,,Low,False
synth_low_42_01089,0,172.0,13,39.79,114,,,,,,Low,True
AUD_4691,Spontaneous,177.0,2,33.73,152,,,,,,High,False
synth_low_42_00010,0,165.11,12,75.86,152,,,,,,Low,True
AUD_2874,Reading,99.0,6,89.54,62,,,,,,High,False
synth_low_42_00709,0,102.8,7,83.87,51,,,,,,Low,True
AUD_2753,Spontaneous,124.0,3,53.33,176,,,,,,High,False
synth_low_42_01584,0,100.38,7,31.47,75,,,,,,Low,True
AUD_2840,Reading,110.0,2,73.0,69,,,,,,High,False
synth_low_42_00823,0,166.0,4,82.52,185,,,,,,Low,True
AUD_2107,Spontaneous,152.0,7,69.23,134,,,,,,High,False
AUD_2707,Reading,170.0,6,78.02,74,,,,,,Medium,False
AUD_743,Reading,95.0,10,50.32,123,,,,,,High,False
AUD_346,Spontaneous,97.0,12,80.47,171,,,,,,Medium,False
AUD_2572,Reading,177.0,3,63.11,81,,,,,,Medium,False
synth_low_42_00474,0,126.34,8,51.58,143,,,,,,Low,True
AUD_2031,Reading,148.0,14,53.87,51,,,,,,Medium,False
AUD_3662,Reading,137.0,5,47.64,127,,,,,,High,False
AUD_1038,Spontaneous,164.0,12,41.82,156,,,,,,Medium,False
synth_low_42_00773,0,166.61,8,33.84,122,,,,,,Low,True
AUD_87,Spontaneous,151.0,3,44.56,184,,,,,,High,False
AUD_465,Spontaneous,180.0,10,79.48,147,,,,,,Medium,False
AUD_1553,Spontaneous,91.0,7,41.85,121,,,,,,Medium,False
synth_low_42_00110,0,138.0,2,50.8,151,,,,,,Low,True
synth_low_42_01334,0,96.0,12,26.25,110,,,,,,Low,True
AUD_4239,Reading,165.0,12,22.25,175,,,,,,High,False
AUD_4693,Spontaneous,137.0,4,38.8,65,,,,,,High,False
AUD_3149,Reading,91.0,10,89.45,169,,,,,,Medium,False
AUD_157,Reading,137.0,4,86.01,160,,,,,,Low,False
AUD_351,Reading,138.0,2,30.49,117,,,,,,Medium,False
AUD_4294,Reading,177.0,6,56.56,60,,,,,,High,False
AUD_1263,Reading,151.0,2,87.18,150,,,,,,Medium,False
AUD_3946,Reading,105.0,2,85.41,160,,,,,,Medium,False
synth_low_42_00152,0,155.0,5,28.11,56,,,,,,Low,True
AUD_3909,Spontaneous,168.0,6,59.76,59,,,,,,High,False
AUD_3258,Spontaneous,120.0,4,60.57,178,,,,,,Medium,False
synth_low_42_01423,0,169.77,10,43.32,125,,,,,,Low,True
AUD_4966,Spontaneous,122.0,8,59.44,172,,,,,,High,False
AUD_1703,Spontaneous,118.0,3,80.86,79,,,,,,High,False
synth_low_42_01320,0,132.0,12,55.09,92,,,,,,Low,True
AUD_4676,Reading,113.0,11,36.22,96,,,,,,Medium,False
AUD_1407,Spontaneous,176.0,13,38.13,112,,,,,,High,False
AUD_2464,Reading,165.0,5,70.02,150,,,,,,Medium,False
AUD_1108,Reading,151.0,9,75.65,128,,,,,,Medium,False
AUD_4397,Spontaneous,172.0,10,65.46,139,,,,,,High,False
synth_low_42_00492,0,108.17,5,45.15,190,,,,,,Low,True
AUD_3704,Reading,130.0,4,42.86,57,,,,,,High,False
AUD_3257,Spontaneous,90.0,5,47.9,121,,,,,,Medium,False
synth_low_42_01543,0,139.0,12,59.38,88,,,,,,Low,True
AUD_4960,Reading,174.0,5,76.74,120,,,,,,High,False
AUD_167,Reading,109.0,11,35.77,92,,,,,,Medium,False
AUD_1372,Reading,140.0,5,21.4,85,,,,,,High,False
synth_low_42_00593,0,113.0,4,75.76,189,,,,,,Low,True
AUD_2310,Reading,153.0,7,54.45,139,,,,,,Medium,False
AUD_1452,Spontaneous,141.0,8,32.27,64,,,,,,Medium,False
AUD_1181,Spontaneous,146.0,7,50.16,183,,,,,,Medium,False
synth_low_42_00148,0,105.03,11,49.36,66,,,,,,Low,True
AUD_1744,Spontaneous,126.0,9,35.61,181,,,,,,Medium,False
AUD_3260,Reading,125.0,2,69.64,75,,,,,,Medium,False
AUD_3728,Reading,174.0,6,20.14,101,,,,,,Medium,False
AUD_982,Reading,144.0,9,72.72,109,,,,,,High,False
AUD_2339,Spontaneous,170.0,3,20.46,151,,,,,,Medium,False
synth_low_42_00861,0,179.0,5,25.65,62,,,,,,Low,True
synth_low_42_01659,0,109.01,6,81.42,184,,,,,,Low,True
AUD_2439,Reading,177.0,7,84.03,59,,,,,,Medium,False
AUD_3922,Spontaneous,136.0,11,35.32,196,,,,,,High,False
AUD_3954,Reading,132.0,2,63.87,116,,,,,,High,False
AUD_2942,Spontaneous,138.0,6,64.05,76,,,,,,Medium,False
AUD_4724,Reading,159.0,8,27.5,117,,,,,,High,False
synth_low_42_00500,0,144.0,10,39.87,95,,,,,,Low,True
AUD_3381,Spontaneous,118.0,2,82.27,79,,,,,,High,False
AUD_4886,Spontaneous,174.0,2,86.17,81,,,,,,High,False
AUD_373,Spontaneous,105.0,11,65.6,177,,,,,,High,False
synth_low_42_00166,0,177.0,12,57.09,74,,,,,,Low,True
synth_low_42_01398,0,169.01,12,30.83,158,,,,,,Low,True
AUD_308,Spontaneous,146.0,13,66.81,130,,,,,,Medium,False
AUD_4257,Spontaneous,147.0,11,25.46,72,,,,,,High,False
AUD_763,Spontaneous,118.0,14,55.39,129,,,,,,Low,False
synth_low_42_01043,0,129.65,13,35.56,60,,,,,,Low,True
synth_low_42_01118,0,132.0,12,37.82,91,,,,,,Low,True
synth_low_42_01481,0,151.0,14,32.85,80,,,,,,Low,True
AUD_4709,Spontaneous,124.0,4,41.91,63,,,,,,Medium,False
AUD_3424,Spontaneous,172.0,7,78.66,70,,,,,,Medium,False
synth_low_42_00849,0,155.0,4,34.32,114,,,,,,Low,True
synth_low_42_01291,0,104.79,7,74.12,89,,,,,,Low,True
synth_low_42_00362,0,134.0,13,57.49,52,,,,,,Low,True
AUD_4264,Reading,148.0,7,40.48,77,,,,,,High,False
AUD_4149,Reading,92.0,9,55.1,108,,,,,,Medium,False
synth_low_42_01034,0,111.0,10,29.94,82,,,,,,Low,True
AUD_1650,Reading,172.0,3,47.59,82,,,,,,Low,False
synth_low_42_00781,0,112.0,14,50.71,57,,,,,,Low,True
AUD_3214,Reading,152.0,3,69.57,62,,,,,,High,False
AUD_1414,Spontaneous,178.0,4,60.58,139,,,,,,Medium,False
AUD_828,Reading,165.0,3,25.61,92,,,,,,Medium,False
AUD_3437,Spontaneous,161.0,10,64.96,113,,,,,,High,False
AUD_1357,Spontaneous,154.0,9,74.41,120,,,,,,High,False
AUD_322,Reading,151.0,13,23.26,144,,,,,,Medium,False
AUD_248,Reading,170.0,12,48.35,175,,,,,,Medium,False
AUD_2132,Reading,179.0,4,76.94,94,,,,,,Medium,False
synth_low_42_00286,0,177.0,11,75.5,82,,,,,,Low,True
AUD_3467,Spontaneous,152.0,11,28.36,54,,,,,,High,False
AUD_231,Spontaneous,124.0,5,33.46,72,,,,,,High,False
AUD_1042,Reading,152.0,4,20.1,77,,,,,,Medium,False
AUD_1049,Reading,97.0,7,51.29,78,,,,,,Medium,False
AUD_4126,Spontaneous,91.0,12,49.82,63,,,,,,Medium,False
AUD_4355,Reading,146.0,4,42.56,125,,,,,,High,False
AUD_3938,Spontaneous,112.0,4,71.51,100,,,,,,High,False
AUD_1425,Spontaneous,109.0,7,82.83,95,,,,,,High,False
AUD_91,Reading,164.0,4,37.91,165,,,,,,Medium,False
AUD_3770,Reading,103.0,13,73.8,142,,,,,,High,False
AUD_318,Spontaneous,115.0,11,20.45,126,,,,,,High,False
AUD_2505,Reading,151.0,8,44.25,177,,,,,,High,False
AUD_3460,Reading,105.0,10,70.83,79,,,,,,High,False
AUD_2268,Spontaneous,123.0,7,45.89,154,,,,,,Medium,False
AUD_3630,Reading,99.0,9,79.84,164,,,,,,High,False
synth_low_42_00168,0,95.0,2,21.85,126,,,,,,Low,True
synth_low_42_01350,0,143.67,12,54.94,95,,,,,,Low,True
AUD_1575,Spontaneous,166.0,6,60.33,114,,,,,,Medium,False
AUD_2623,Spontaneous,133.0,9,87.81,77,,,,,,Medium,False
AUD_3431,Reading,174.0,6,20.92,169,,,,,,High,False
AUD_2691,Spontaneous,94.0,7,53.88,166,,,,,,Medium,False
synth_low_42_00667,0,138.0,9,28.17,117,,,,,,Low,True
synth_low_42_00094,0,161.39,6,28.9,51,,,,,,Low,True
synth_low_42_00719,0,107.12,6,46.51,195,,,,,,Low,True
AUD_4483,Spontaneous,164.0,13,59.54,59,,,,,,High,False
AUD_3580,Spontaneous,150.0,4,83.1,193,,,,,,Medium,False
AUD_4532,Spontaneous,147.0,14,70.97,176,,,,,,Medium,False
AUD_3504,Reading,116.0,4,42.98,168,,,,,,High,False
synth_low_42_01332,0,126.0,8,69.15,195,,,,,,Low,True
synth_low_42_00985,0,167.0,14,49.35,126,,,,,,Low,True
AUD_4602,Reading,92.0,13,78.44,71,,,,,,Medium,False
synth_low_42_01760,0,132.0,11,84.13,74,,,,,,Low,True
synth_low_42_00146,0,159.24,7,75.79,120,,,,,,Low,True
AUD_957,Spontaneous,126.0,12,73.04,162,,,,,,Medium,False
synth_low_42_00672,0,134.0,2,42.64,198,,,,,,Low,True
synth_low_42_00067,0,150.73,13,49.02,151,,,,,,Low,True
AUD_265,Reading,151.0,13,89.39,65,,,,,,High,False
synth_low_42_01712,0,116.52,3,57.02,89,,,,,,Low,True
AUD_3286,Spontaneous,131.0,9,26.31,126,,,,,,High,False
AUD_4472,Spontaneous,129.0,6,42.96,194,,,,,,Medium,False
AUD_4368,Spontaneous,93.0,10,25.9,73,,,,,,Medium,False
AUD_2684,Reading,100.0,8,52.3,129,,,,,,High,False
AUD_3150,Spontaneous,139.0,9,26.94,102,,,,,,High,False
AUD_1720,Reading,163.0,8,64.64,131,,,,,,High,False
AUD_14,Reading,174.0,7,86.12,138,,,,,,High,False
AUD_3780,Reading,117.0,6,82.47,95,,,,,,Low,False
AUD_1039,Reading,173.0,7,41.66,142,,,,,,High,False
AUD_970,Spontaneous,143.0,13,22.83,192,,,,,,High,False
AUD_8,Reading,164.0,8,83.62,100,,,,,,Medium,False
AUD_3306,Reading,130.0,4,29.3,129,,,,,,High,False
AUD_2155,Reading,144.0,3,23.6,130,,,,,,Medium,False
AUD_332,Reading,162.0,3,73.0,97,,,,,,High,False
synth_low_42_00654,0,175.0,9,28.17,70,,,,,,Low,True
AUD_1426,Reading,150.0,8,52.05,53,,,,,,High,False
synth_low_42_00235,0,97.13,3,82.46,82,,,,,,Low,True
AUD_2603,Spontaneous,110.0,12,76.3,136,,,,,,Low,False
AUD_2457,Spontaneous,171.0,2,44.55,166,,,,,,High,False
AUD_3809,Spontaneous,154.0,12,69.58,151,,,,,,High,False
AUD_2647,Reading,168.0,8,64.43,148,,,,,,Medium,False
AUD_339,Spontaneous,178.0,13,82.72,171,,,,,,Medium,False
synth_low_42_01125,0,110.0,9,87.47,168,,,,,,Low,True
AUD_3362,Spontaneous,177.0,6,75.1,163,,,,,,High,False
AUD_4563,Spontaneous,121.0,6,58.32,120,,,,,,High,False
AUD_4280,Spontaneous,109.0,6,63.81,135,,,,,,High,False
AUD_3682,Reading,175.0,11,30.26,115,,,,,,Medium,False
AUD_1773,Spontaneous,100.0,8,47.58,110,,,,,,High,False
AUD_1115,Spontaneous,170.0,4,31.94,61,,,,,,High,False
AUD_622,Reading,167.0,3,38.95,174,,,,,,Medium,False
AUD_1354,Reading,131.0,8,67.67,104,,,,,,Medium,False
AUD_2559,Reading,158.0,5,31.75,119,,,,,,Medium,False
synth_low_42_01727,0,150.0,9,43.12,146,,,,,,Low,True
synth_low_42_00769,0,161.2,12,32.35,140,,,,,,Low,True
AUD_1872,Spontaneous,105.0,3,74.57,78,,,,,,Medium,False
AUD_2133,Spontaneous,113.0,2,44.53,95,,,,,,High,False
AUD_1860,Spontaneous,170.0,11,55.32,78,,,,,,High,False
AUD_1197,Reading,166.0,9,28.76,165,,,,,,High,False
AUD_2288,Reading,151.0,5,28.16,157,,,,,,Medium,False
AUD_1084,Spontaneous,96.0,10,80.61,152,,,,,,Medium,False
AUD_1559,Reading,132.0,14,52.62,160,,,,,,Medium,False
AUD_994,Spontaneous,157.0,4,77.07,54,,,,,,Medium,False
AUD_1876,Spontaneous,130.0,4,73.91,134,,,,,,Medium,False
synth_low_42_01577,0,150.0,2,77.24,146,,,,,,Low,True
AUD_196,Reading,161.0,4,63.5,62,,,,,,Medium,False
AUD_3571,Reading,108.0,12,88.51,157,,,,,,Medium,False
AUD_2189,Reading,126.0,10,44.18,124,,,,,,High,False
AUD_1375,Reading,98.0,7,28.6,105,,,,,,Medium,False
AUD_4489,Spontaneous,174.0,5,24.14,76,,,,,,High,False
AUD_3454,Reading,145.0,4,23.39,57,,,,,,High,False
synth_low_42_01580,0,150.0,12,30.45,66,,,,,,Low,True
AUD_432,Spontaneous,150.0,3,77.72,61,,,,,,Medium,False
AUD_2952,Reading,133.0,6,39.13,161,,,,,,High,False
AUD_2057,Reading,147.0,12,23.48,94,,,,,,Medium,False
AUD_4159,Reading,169.0,3,38.49,74,,,,,,Medium,False
AUD_4325,Reading,105.0,3,36.26,138,,,,,,Medium,False
AUD_2323,Reading,173.0,8,51.82,184,,,,,,Medium,False
AUD_1934,Reading,131.0,10,80.9,167,,,,,,High,False
synth_low_42_01784,0,175.0,14,24.0,175,,,,,,Low,True
synth_low_42_00331,0,139.0,4,43.17,56,,,,,,Low,True
synth_low_42_00570,0,116.0,10,62.13,54,,,,,,Low,True
AUD_84,Reading,106.0,9,43.93,181,,,,,,High,False
AUD_1158,Reading,152.0,14,68.1,76,,,,,,Medium,False
synth_low_42_01779,0,165.71,12,42.29,80,,,,,,Low,True
AUD_3910,Spontaneous,158.0,7,64.3,98,,,,,,Medium,False
AUD_425,Reading,98.0,14,64.51,144,,,,,,High,False
AUD_4490,Reading,110.0,7,26.37,186,,,,,,Medium,False
AUD_2095,Spontaneous,143.0,11,62.01,101,,,,,,High,False
synth_low_42_01419,0,175.0,2,81.53,91,,,,,,Low,True
AUD_2345,Reading,127.0,10,73.32,190,,,,,,Medium,False
AUD_2470,Reading,91.0,14,25.48,87,,,,,,Medium,False
AUD_604,Reading,94.0,4,39.48,71,,,,,,High,False
synth_low_42_00328,0,175.0,8,43.2,171,,,,,,Low,True
AUD_4865,Reading,162.0,10,63.65,113,,,,,,High,False
AUD_3936,Reading,107.0,11,42.49,75,,,,,,High,False
AUD_4630,Spontaneous,106.0,3,60.91,168,,,,,,High,False
AUD_2895,Reading,106.0,11,68.64,85,,,,,,High,False
AUD_4333,Spontaneous,126.0,7,69.64,161,,,,,,High,False
AUD_4596,Reading,178.0,7,21.71,97,,,,,,High,False
AUD_3590,Spontaneous,135.0,9,59.25,191,,,,,,Medium,False
AUD_185,Spontaneous,126.0,13,48.68,127,,,,,,Medium,False
AUD_2589,Reading,142.0,2,36.64,115,,,,,,High,False
AUD_1721,Spontaneous,160.0,7,41.49,144,,,,,,High,False
AUD_3406,Reading,141.0,7,26.58,111,,,,,,High,False
synth_low_42_01603,0,110.0,13,73.77,136,,,,,,Low,True
AUD_3463,Spontaneous,165.0,8,34.37,80,,,,,,High,False
AUD_1221,Reading,165.0,6,77.32,59,,,,,,High,False
AUD_4305,Reading,150.0,12,52.57,72,,,,,,Medium,False
AUD_2804,Reading,176.0,12,52.93,59,,,,,,Medium,False
synth_low_42_00335,0,137.49,5,41.47,122,,,,,,Low,True
AUD_486,Spontaneous,140.0,4,65.05,103,,,,,,Medium,False
AUD_1485,Reading,96.0,13,35.15,87,,,,,,High,False
AUD_4326,Spontaneous,111.0,13,88.17,155,,,,,,High,False
AUD_3975,Reading,150.0,6,68.8,106,,,,,,Medium,False
AUD_4987,Reading,150.0,12,73.85,109,,,,,,Medium,False
AUD_1511,Spontaneous,179.0,7,88.75,126,,,,,,Medium,False
AUD_1488,Reading,161.0,11,46.84,62,,,,,,Medium,False
AUD_2181,Spontaneous,166.0,8,39.47,139,,,,,,High,False
AUD_1897,Spontaneous,106.0,14,85.92,181,,,,,,Medium,False
synth_low_42_01299,0,134.0,7,75.54,184,,,,,,Low,True
synth_low_42_00921,0,140.0,13,31.72,125,,,,,,Low,True
AUD_3838,Spontaneous,165.0,10,73.06,131,,,,,,Medium,False
AUD_4024,Reading,179.0,13,84.09,181,,,,,,Medium,False
synth_low_42_01370,0,119.0,14,20.89,74,,,,,,Low,True
synth_low_42_00963,0,172.0,13,51.96,153,,,,,,Low,True
AUD_3268,Spontaneous,168.0,2,37.22,182,,,,,,High,False
AUD_228,Spontaneous,118.0,2,87.41,83,,,,,,High,False
AUD_3375,Spontaneous,154.0,7,33.03,167,,,,,,High,False
AUD_2991,Spontaneous,109.0,13,84.03,88,,,,,,High,False
AUD_1174,Spontaneous,175.0,9,66.66,87,,,,,,High,False
synth_low_42_00574,0,133.85,7,26.92,186,,,,,,Low,True
AUD_1839,Reading,152.0,4,27.64,62,,,,,,High,False
AUD_3442,Spontaneous,148.0,11,57.54,70,,,,,,Medium,False
AUD_3544,Spontaneous,93.0,3,42.9,136,,,,,,Medium,False
AUD_1465,Spontaneous,177.0,8,22.74,138,,,,,,Medium,False
AUD_4108,Reading,136.0,4,77.47,75,,,,,,Medium,False
synth_low_42_00742,0,178.15,2,29.5,171,,,,,,Low,True
synth_low_42_01049,0,127.37,2,41.14,126,,,,,,Low,True
AUD_2883,Spontaneous,147.0,9,52.4,127,,,,,,Medium,False
AUD_4118,Reading,124.0,6,54.25,89,,,,,,High,False
AUD_3025,Reading,91.0,12,67.1,119,,,,,,Medium,False
AUD_4969,Spontaneous,149.0,2,71.92,184,,,,,,High,False
synth_low_42_01761,0,127.97,11,38.93,138,,,,,,Low,True
AUD_1362,Reading,140.0,6,53.64,148,,,,,,Medium,False
AUD_1046,Spontaneous,129.0,2,64.16,160,,,,,,Low,False
AUD_4686,Spontaneous,130.0,5,75.53,179,,,,,,Medium,False
AUD_2855,Reading,179.0,8,49.24,193,,,,,,Medium,False
AUD_3231,Reading,92.0,5,52.6,192,,,,,,High,False
AUD_1287,Reading,130.0,12,83.08,143,,,,,,Medium,False
AUD_2167,Reading,139.0,10,75.42,58,,,,,,High,False
AUD_254,Spontaneous,166.0,13,32.18,170,,,,,,Medium,False
AUD_2799,Reading,151.0,9,53.81,136,,,,,,Medium,False
synth_low_42_01596,0,175.0,11,57.9,121,,,,,,Low,True
AUD_2955,Reading,106.0,13,65.53,168,,,,,,Medium,False
synth_low_42_00212,0,151.0,13,35.21,125,,,,,,Low,True
AUD_221,Reading,176.0,7,55.25,186,,,,,,High,False
synth_low_42_01082,0,139.0,10,74.23,65,,,,,,Low,True
synth_low_42_00171,0,162.96,7,24.08,106,,,,,,Low,True
AUD_65,Spontaneous,99.0,3,25.74,86,,,,,,High,False
AUD_2678,Spontaneous,117.0,11,63.3,193,,,,,,High,False
AUD_1075,Spontaneous,169.0,9,58.0,89,,,,,,Low,False
synth_low_42_00407,0,177.0,11,30.54,119,,,,,,Low,True
AUD_3822,Spontaneous,92.0,6,77.43,64,,,,,,High,False
synth_low_42_01163,0,164.83,5,82.45,117,,,,,,Low,True
synth_low_42_00695,0,131.08,10,32.77,70,,,,,,Low,True
AUD_4098,Spontaneous,156.0,6,58.97,61,,,,,,Medium,False
synth_low_42_00993,0,173.85,9,38.16,164,,,,,,Low,True
AUD_3832,Reading,113.0,10,54.39,142,,,,,,Medium,False
AUD_1835,Reading,126.0,14,42.06,162,,,,,,Medium,False
AUD_1328,Reading,111.0,6,24.93,143,,,,,,High,False
AUD_2770,Reading,157.0,7,39.13,137,,,,,,Medium,False
synth_low_42_01611,0,151.0,10,53.2,180,,,,,,Low,True
AUD_4762,Reading,179.0,14,78.1,78,,,,,,High,False
synth_low_42_00341,0,177.0,11,31.14,105,,,,,,Low,True
AUD_3875,Spontaneous,128.0,9,87.39,145,,,,,,Medium,False
AUD_4046,Reading,163.0,4,41.55,185,,,,,,High,False
AUD_2233,Reading,175.0,14,85.12,150,,,,,,Medium,False
AUD_2516,Reading,152.0,13,47.27,96,,,,,,Medium,False
AUD_1079,Reading,150.0,9,43.17,53,,,,,,High,False
AUD_1803,Reading,112.0,4,32.69,173,,,,,,Medium,False
AUD_1410,Spontaneous,163.0,9,21.56,102,,,,,,Medium,False
AUD_376,Reading,167.0,9,89.63,62,,,,,,Low,False
AUD_4038,Spontaneous,132.0,11,89.41,161,,,,,,Medium,False
AUD_543,Spontaneous,101.0,10,28.51,99,,,,,,Medium,False
synth_low_42_01532,0,112.48,2,64.17,70,,,,,,Low,True
synth_low_42_00509,0,123.0,13,30.24,90,,,,,,Low,True
AUD_2252,Reading,154.0,2,88.26,107,,,,,,Medium,False
AUD_755,Spontaneous,110.0,13,65.72,182,,,,,,Medium,False
AUD_291,Reading,157.0,7,29.28,136,,,,,,Medium,False
AUD_764,Spontaneous,148.0,9,42.63,195,,,,,,High,False
AUD_2862,Reading,95.0,2,49.68,183,,,,,,High,False
AUD_2210,Spontaneous,142.0,2,86.9,156,,,,,,Medium,False
AUD_188,Spontaneous,106.0,9,73.77,177,,,,,,Medium,False
AUD_2992,Reading,97.0,2,73.91,80,,,,,,Medium,False
AUD_177,Reading,164.0,6,34.22,57,,,,,,Medium,False
AUD_1737,Spontaneous,107.0,11,73.16,132,,,,,,Medium,False
AUD_2298,Reading,159.0,12,26.84,133,,,,,,Medium,False
AUD_2879,Spontaneous,117.0,8,81.1,143,,,,,,Medium,False
AUD_996,Spontaneous,100.0,12,31.98,167,,,,,,High,False
synth_low_42_01252,0,151.0,9,30.05,54,,,,,,Low,True
AUD_501,Reading,103.0,10,35.72,126,,,,,,Medium,False
AUD_3706,Spontaneous,147.0,4,89.46,160,,,,,,Medium,False
AUD_3935,Spontaneous,149.0,8,22.38,146,,,,,,Medium,False
synth_low_42_01529,0,118.6,13,42.8,110,,,,,,Low,True
AUD_4909,Reading,130.0,13,59.22,72,,,,,,Medium,False
synth_low_42_00973,0,122.0,9,66.47,138,,,,,,Low,True
AUD_747,Reading,139.0,2,73.81,121,,,,,,High,False
synth_low_42_01288,0,139.0,8,31.96,158,,,,,,Low,True
AUD_672,Reading,146.0,7,20.29,173,,,,,,High,False
AUD_3692,Spontaneous,102.0,4,52.21,155,,,,,,High,False
AUD_1483,Spontaneous,120.0,14,49.61,75,,,,,,High,False
AUD_4855,Spontaneous,179.0,3,46.78,78,,,,,,Medium,False
AUD_1002,Spontaneous,91.0,5,37.14,56,,,,,,High,False
AUD_3235,Spontaneous,134.0,13,35.46,155,,,,,,High,False
synth_low_42_00482,0,111.36,12,42.89,70,,,,,,Low,True
AUD_1436,Reading,133.0,13,20.93,156,,,,,,High,False
AUD_2004,Reading,134.0,14,39.52,66,,,,,,High,False
synth_low_42_00325,0,99.0,14,51.91,82,,,,,,Low,True
AUD_168,Reading,130.0,6,35.2,76,,,,,,Medium,False
synth_low_42_00193,0,112.0,9,43.24,67,,,,,,Low,True
synth_low_42_00594,0,123.0,7,38.35,115,,,,,,Low,True
synth_low_42_01354,0,171.0,13,60.5,164,,,,,,Low,True
AUD_518,Spontaneous,170.0,9,48.94,171,,,,,,High,False
AUD_1176,Spontaneous,104.0,6,67.84,57,,,,,,Medium,False
AUD_2868,Reading,174.0,8,77.32,114,,,,,,High,False
AUD_1616,Reading,155.0,9,43.54,197,,,,,,Medium,False
AUD_319,Reading,164.0,8,31.09,122,,,,,,High,False
AUD_1864,Reading,161.0,3,35.69,86,,,,,,High,False
AUD_1728,Spontaneous,141.0,4,86.6,61,,,,,,High,False
AUD_4500,Reading,165.0,12,22.21,101,,,,,,High,False
AUD_245,Reading,127.0,11,47.1,61,,,,,,Medium,False
synth_low_42_00231,0,151.0,2,44.73,75,,,,,,Low,True
AUD_3585,Spontaneous,172.0,12,29.3,52,,,,,,Medium,False
AUD_4641,Spontaneous,102.0,9,89.29,61,,,,,,Medium,False
AUD_506,Reading,152.0,10,82.17,143,,,,,,Medium,False
synth_low_42_00028,0,114.0,11,81.45,104,,,,,,Low,True
AUD_3213,Reading,132.0,10,81.82,74,,,,,,High,False
AUD_2907,Reading,177.0,10,50.83,171,,,,,,Low,False
AUD_216,Spontaneous,118.0,6,76.05,63,,,,,,High,False
AUD_1183,Reading,178.0,9,43.5,164,,,,,,High,False
AUD_4378,Reading,134.0,3,34.71,99,,,,,,Medium,False
synth_low_42_01063,0,147.0,14,55.03,140,,,,,,Low,True
AUD_2094,Reading,97.0,9,45.6,61,,,,,,High,False
AUD_2034,Reading,142.0,8,48.11,102,,,,,,Medium,False
synth_low_42_00432,0,110.0,8,73.84,171,,,,,,Low,True
AUD_4913,Reading,153.0,13,69.89,125,,,,,,Medium,False
AUD_3050,Spontaneous,175.0,14,41.8,150,,,,,,Medium,False
AUD_4340,Spontaneous,166.0,9,76.09,176,,,,,,High,False
AUD_1702,Spontaneous,140.0,8,30.92,178,,,,,,Medium,False
synth_low_42_01462,0,114.39,14,43.04,182,,,,,,Low,True
AUD_1412,Reading,91.0,14,60.28,75,,,,,,Medium,False
synth_low_42_01375,0,174.0,13,48.62,84,,,,,,Low,True
AUD_333,Reading,148.0,12,35.89,94,,,,,,Medium,False
AUD_4051,Spontaneous,116.0,3,33.76,164,,,,,,Medium,False
AUD_1786,Reading,133.0,9,54.83,82,,,,,,Medium,False
AUD_1090,Spontaneous,104.0,6,77.81,108,,,,,,High,False
synth_low_42_01788,0,99.19,9,32.47,125,,,,,,Low,True
AUD_3011,Reading,121.0,10,76.78,111,,,,,,Medium,False
AUD_2865,Spontaneous,149.0,10,70.45,129,,,,,,Medium,False
synth_low_42_01635,0,105.0,5,57.15,166,,,,,,Low,True
synth_low_42_01694,0,96.53,7,50.69,75,,,,,,Low,True
synth_low_42_01561,0,156.0,8,73.87,115,,,,,,Low,True
AUD_2543,Reading,128.0,12,60.43,181,,,,,,Medium,False
AUD_746,Reading,173.0,3,33.52,123,,,,,,Medium,False
AUD_3038,Reading,160.0,10,75.73,148,,,,,,High,False
AUD_1789,Reading,151.0,4,32.27,144,,,,,,High,False
AUD_2805,Reading,113.0,11,29.14,132,,,,,,High,False
AUD_4712,Spontaneous,175.0,11,43.86,157,,,,,,Medium,False
AUD_2577,Reading,172.0,7,60.6,194,,,,,,High,False
AUD_437,Spontaneous,133.0,11,88.5,97,,,,,,High,False
AUD_347,Spontaneous,171.0,10,43.83,174,,,,,,Medium,False
synth_low_42_01791,0,136.0,4,52.93,188,,,,,,Low,True
AUD_3270,Reading,144.0,11,79.51,160,,,,,,High,False
synth_low_42_00288,0,149.89,2,89.82,80,,,,,,Low,True
synth_low_42_01710,0,132.0,12,33.02,56,,,,,,Low,True
synth_low_42_00922,0,156.9,7,69.42,111,,,,,,Low,True
AUD_2932,Reading,118.0,12,25.77,62,,,,,,High,False
AUD_4746,Reading,174.0,4,44.38,56,,,,,,Medium,False
AUD_259,Reading,132.0,3,83.05,93,,,,,,High,False
synth_low_42_00418,0,159.0,9,49.67,51,,,,,,Low,True
synth_low_42_00562,0,90.0,10,51.74,70,,,,,,Low,True
AUD_3551,Reading,170.0,14,50.77,147,,,,,,Medium,False
AUD_2077,Reading,95.0,13,63.92,54,,,,,,High,False
synth_low_42_00382,0,99.0,10,42.02,88,,,,,,Low,True
AUD_1454,Spontaneous,106.0,4,87.54,64,,,,,,Medium,False
AUD_2812,Spontaneous,100.0,9,43.8,136,,,,,,Low,False
synth_low_42_01582,0,158.0,3,74.46,129,,,,,,Low,True
AUD_3360,Reading,95.0,10,45.85,67,,,,,,High,False
AUD_1281,Spontaneous,147.0,12,47.79,125,,,,,,Low,False
AUD_599,Reading,97.0,12,79.91,112,,,,,,High,False
synth_low_42_00439,0,152.0,3,36.58,194,,,,,,Low,True
AUD_45,Reading,158.0,2,43.04,119,,,,,,Medium,False
synth_low_42_01750,0,178.38,13,53.16,141,,,,,,Low,True
AUD_2807,Reading,160.0,9,67.64,81,,,,,,Medium,False
AUD_3540,Reading,162.0,4,37.31,77,,,,,,High,False
synth_low_42_00213,0,176.0,5,34.79,112,,,,,,Low,True
synth_low_42_00940,0,146.98,5,30.8,184,,,,,,Low,True
AUD_2131,Reading,150.0,6,20.41,54,,,,,,Medium,False
AUD_1557,Reading,143.0,14,81.79,147,,,,,,High,False
AUD_3815,Spontaneous,120.0,10,25.58,71,,,,,,Medium,False
synth_low_42_00820,0,158.02,6,57.9,56,,,,,,Low,True
synth_low_42_01059,0,134.0,13,42.4,153,,,,,,Low,True
AUD_323,Spontaneous,101.0,13,89.8,187,,,,,,High,False
AUD_1103,Reading,164.0,2,40.82,144,,,,,,High,False
synth_low_42_01122,0,147.0,9,66.47,143,,,,,,Low,True
AUD_3334,Reading,147.0,14,35.76,194,,,,,,Medium,False
synth_low_42_01503,0,151.33,2,35.4,62,,,,,,Low,True
synth_low_42_00129,0,152.0,3,41.94,74,,,,,,Low,True
AUD_4394,Reading,99.0,3,70.49,177,,,,,,High,False
synth_low_42_01558,0,132.35,8,42.09,112,,,,,,Low,True
AUD_2415,Reading,114.0,10,37.54,137,,,,,,High,False
synth_low_42_00538,0,129.0,12,21.73,119,,,,,,Low,True
synth_low_42_00655,0,166.0,10,34.69,142,,,,,,Low,True
AUD_426,Spontaneous,114.0,4,54.68,63,,,,,,Medium,False
AUD_3422,Spontaneous,137.0,9,44.3,121,,,,,,Medium,False
AUD_805,Spontaneous,107.0,4,51.57,52,,,,,,Medium,False
AUD_410,Spontaneous,136.0,4,21.1,123,,,,,,Medium,False
AUD_3317,Reading,130.0,11,78.9,76,,,,,,Medium,False
AUD_438,Reading,129.0,7,28.17,184,,,,,,Medium,False
AUD_2087,Reading,120.0,8,68.51,191,,,,,,Medium,False
AUD_4087,Reading,161.0,11,47.34,149,,,,,,Medium,False
AUD_1554,Spontaneous,114.0,14,38.6,172,,,,,,Medium,False
AUD_1047,Spontaneous,161.0,12,20.32,51,,,,,,Medium,False
AUD_1755,Reading,147.0,11,79.48,194,,,,,,High,False
AUD_4620,Reading,138.0,13,42.24,182,,,,,,Medium,False
AUD_1345,Spontaneous,174.0,5,23.53,122,,,,,,Medium,False
AUD_2157,Spontaneous,108.0,5,59.83,84,,,,,,High,False
AUD_626,Spontaneous,160.0,6,77.07,75,,,,,,High,False
AUD_1433,Reading,133.0,2,71.58,121,,,,,,Medium,False
AUD_210,Reading,101.0,11,41.86,86,,,,,,Medium,False
AUD_4756,Spontaneous,136.0,13,51.35,58,,,,,,Low,False
AUD_3527,Spontaneous,175.0,6,29.96,130,,,,,,High,False
AUD_51,Reading,137.0,5,36.92,145,,,,,,High,False
synth_low_42_01402,0,141.7,5,72.47,173,,,,,,Low,True
AUD_1244,Reading,104.0,6,27.24,95,,,,,,High,False
AUD_4235,Reading,94.0,8,31.29,92,,,,,,High,False
AUD_2622,Reading,134.0,10,32.49,68,,,,,,Low,False
synth_low_42_01511,0,120.0,8,44.47,198,,,,,,Low,True
synth_low_42_00771,0,112.0,7,44.44,89,,,,,,Low,True
AUD_3299,Reading,94.0,10,47.89,54,,,,,,High,False
AUD_3478,Reading,149.0,14,42.64,99,,,,,,Medium,False
synth_low_42_01447,0,153.0,13,75.89,136,,,,,,Low,True
AUD_1893,Spontaneous,140.0,6,41.01,124,,,,,,Medium,False
synth_low_42_00274,0,121.24,3,51.43,197,,,,,,Low,True
synth_low_42_01696,0,104.37,13,25.43,190,,,,,,Low,True
synth_low_42_00057,0,99.0,12,37.94,165,,,,,,Low,True
AUD_1512,Spontaneous,121.0,11,80.34,125,,,,,,High,False
AUD_1606,Spontaneous,164.0,14,62.76,189,,,,,,Medium,False
AUD_705,Spontaneous,153.0,13,45.19,192,,,,,,High,False
AUD_2820,Spontaneous,172.0,9,69.43,137,,,,,,Medium,False
AUD_2377,Reading,170.0,7,33.3,63,,,,,,High,False
AUD_4768,Reading,161.0,10,26.45,81,,,,,,High,False
AUD_1514,Spontaneous,120.0,4,39.17,117,,,,,,High,False
AUD_527,Spontaneous,97.0,14,64.53,90,,,,,,Low,False
synth_low_42_00677,0,99.0,12,26.04,189,,,,,,Low,True
AUD_565,Spontaneous,135.0,14,32.58,143,,,,,,Medium,False
AUD_2754,Spontaneous,177.0,8,42.25,140,,,,,,Medium,False
AUD_2704,Reading,162.0,14,88.23,191,,,,,,Medium,False
AUD_640,Reading,175.0,12,72.68,87,,,,,,Medium,False
AUD_1297,Reading,92.0,7,67.05,91,,,,,,High,False
AUD_730,Spontaneous,171.0,10,27.92,157,,,,,,Medium,False
synth_low_42_01553,0,114.19,9,32.85,122,,,,,,Low,True
synth_low_42_00025,0,175.0,5,64.35,120,,,,,,Low,True
AUD_325,Reading,105.0,10,78.66,86,,,,,,High,False
AUD_290,Reading,122.0,5,38.78,196,,,,,,High,False
AUD_1535,Reading,162.0,14,38.44,118,,,,,,Medium,False
AUD_2398,Spontaneous,166.0,7,24.36,57,,,,,,High,False
AUD_1971,Spontaneous,127.0,14,63.11,179,,,,,,Medium,False
AUD_3896,Reading,107.0,9,52.12,135,,,,,,High,False
AUD_3757,Spontaneous,117.0,7,49.19,179,,,,,,Medium,False
synth_low_42_01386,0,156.25,14,55.88,52,,,,,,Low,True
AUD_3023,Reading,136.0,2,29.88,113,,,,,,High,False
AUD_864,Reading,97.0,9,40.23,172,,,,,,High,False
synth_low_42_01437,0,117.56,12,38.96,135,,,,,,Low,True
synth_low_42_00752,0,149.0,2,65.06,135,,,,,,Low,True
synth_low_42_00480,0,132.0,14,60.68,171,,,,,,Low,True
synth_low_42_00705,0,96.0,2,22.61,74,,,,,,Low,True
AUD_2887,Reading,151.0,10,28.16,127,,,,,,Medium,False
synth_low_42_00296,0,119.3,12,73.73,70,,,,,,Low,True
AUD_371,Spontaneous,109.0,5,82.36,191,,,,,,Medium,False
AUD_2570,Spontaneous,135.0,6,53.88,179,,,,,,Medium,False
synth_low_42_01023,0,159.0,9,31.81,156,,,,,,Low,True
AUD_3139,Reading,166.0,13,51.05,59,,,,,,High,False
synth_low_42_00046,0,143.68,9,35.88,126,,,,,,Low,True
AUD_3252,Spontaneous,140.0,9,33.09,106,,,,,,High,False
AUD_4939,Spontaneous,90.0,11,58.37,171,,,,,,Medium,False
AUD_4668,Spontaneous,93.0,3,26.71,129,,,,,,High,False
AUD_3101,Reading,132.0,12,85.23,198,,,,,,High,False
synth_low_42_01153,0,110.0,13,44.77,92,,,,,,Low,True
AUD_1480,Spontaneous,92.0,6,21.17,50,,,,,,High,False
AUD_1578,Reading,114.0,3,30.96,160,,,,,,High,False
synth_low_42_00363,0,103.44,13,65.04,82,,,,,,Low,True
AUD_1807,Spontaneous,113.0,13,66.56,83,,,,,,Low,False
AUD_122,Spontaneous,144.0,8,33.17,108,,,,,,Medium,False
AUD_479,Spontaneous,106.0,14,88.59,168,,,,,,Medium,False
AUD_4918,Reading,165.0,10,78.75,88,,,,,,High,False
synth_low_42_00089,0,155.07,9,41.47,71,,,,,,Low,True
AUD_1599,Spontaneous,170.0,13,53.43,126,,,,,,High,False
AUD_2098,Reading,179.0,2,21.98,104,,,,,,High,False
AUD_4412,Spontaneous,147.0,13,43.55,117,,,,,,Medium,False
AUD_940,Spontaneous,129.0,3,42.5,80,,,,,,Medium,False
AUD_1961,Reading,109.0,8,63.62,62,,,,,,Medium,False
synth_low_42_00550,0,117.0,4,66.31,71,,,,,,Low,True
AUD_439,Spontaneous,130.0,5,50.22,109,,,,,,High,False
synth_low_42_01631,0,170.24,7,34.27,92,,,,,,Low,True
AUD_2370,Reading,171.0,7,45.81,198,,,,,,Low,False
AUD_4379,Reading,126.0,2,40.67,71,,,,,,Medium,False
AUD_2697,Reading,175.0,13,30.21,198,,,,,,Medium,False
AUD_3929,Spontaneous,114.0,3,47.23,99,,,,,,High,False
AUD_3555,Spontaneous,139.0,8,61.58,180,,,,,,High,False
synth_low_42_01740,0,166.0,3,41.56,88,,,,,,Low,True
AUD_3043,Spontaneous,105.0,11,24.45,127,,,,,,Medium,False
AUD_4464,Spontaneous,129.0,7,85.05,120,,,,,,Medium,False
AUD_3132,Reading,163.0,2,24.07,193,,,,,,High,False
AUD_4698,Spontaneous,97.0,11,48.15,103,,,,,,High,False
AUD_279,Reading,168.0,7,61.69,58,,,,,,High,False
synth_low_42_00874,0,111.0,5,75.23,101,,,,,,Low,True
synth_low_42_01028,0,165.92,2,30.06,92,,,,,,Low,True
AUD_3971,Reading,129.0,4,31.34,123,,,,,,Medium,False
synth_low_42_00868,0,105.0,10,32.5,51,,,,,,Low,True
synth_low_42_01526,0,99.0,2,36.51,161,,,,,,Low,True
AUD_1101,Spontaneous,137.0,12,28.54,198,,,,,,Medium,False
AUD_2892,Reading,90.0,3,40.28,142,,,,,,Medium,False
AUD_2020,Reading,137.0,8,46.65,176,,,,,,Medium,False
AUD_3308,Spontaneous,95.0,12,86.81,54,,,,,,High,False
AUD_577,Spontaneous,123.0,7,79.74,54,,,,,,Medium,False
AUD_59,Spontaneous,111.0,6,49.56,140,,,,,,Medium,False
AUD_2843,Reading,150.0,11,33.62,156,,,,,,Medium,False
AUD_787,Reading,134.0,7,83.24,78,,,,,,Medium,False
synth_low_42_00453,0,122.52,2,35.2,168,,,,,,Low,True
AUD_4318,Spontaneous,106.0,8,27.75,114,,,,,,Medium,False
AUD_4481,Reading,138.0,9,76.07,181,,,,,,Medium,False
AUD_3904,Spontaneous,137.0,13,80.23,191,,,,,,Low,False
AUD_4458,Reading,150.0,6,28.81,103,,,,,,Medium,False
AUD_3429,Reading,136.0,9,80.8,58,,,,,,High,False
AUD_1623,Spontaneous,148.0,11,42.63,57,,,,,,High,False
synth_low_42_01233,0,144.97,9,51.09,129,,,,,,Low,True
synth_low_42_00701,0,175.04,4,44.51,110,,,,,,Low,True
AUD_1477,Spontaneous,164.0,5,49.91,195,,,,,,High,False
AUD_3996,Reading,121.0,5,72.48,56,,,,,,High,False
AUD_1859,Spontaneous,104.0,14,44.93,147,,,,,,High,False
AUD_420,Spontaneous,166.0,10,28.24,61,,,,,,High,False
AUD_4739,Reading,128.0,8,65.96,76,,,,,,High,False
AUD_553,Spontaneous,164.0,6,47.06,90,,,,,,Medium,False
AUD_3849,Spontaneous,167.0,14,65.84,185,,,,,,High,False
AUD_3392,Spontaneous,113.0,10,20.87,86,,,,,,Medium,False
AUD_3379,Reading,172.0,5,75.93,80,,,,,,High,False
AUD_3181,Reading,133.0,12,59.11,59,,,,,,High,False
synth_low_42_01194,0,161.0,2,32.44,88,,,,,,Low,True
AUD_2548,Spontaneous,116.0,12,77.26,138,,,,,,Medium,False
synth_low_42_00962,0,161.0,5,30.41,177,,,,,,Low,True
AUD_4975,Spontaneous,143.0,12,41.76,102,,,,,,Medium,False
synth_low_42_00291,0,123.0,4,74.16,115,,,,,,Low,True
AUD_2118,Reading,178.0,9,31.68,194,,,,,,Medium,False
AUD_1421,Spontaneous,118.0,8,34.65,122,,,,,,Medium,False
AUD_181,Reading,121.0,4,62.17,194,,,,,,High,False
synth_low_42_00419,0,113.0,7,47.48,129,,,,,,Low,True
AUD_794,Reading,107.0,7,79.07,190,,,,,,Medium,False
AUD_4101,Spontaneous,108.0,5,71.47,107,,,,,,High,False
synth_low_42_01088,0,148.65,3,74.5,134,,,,,,Low,True
AUD_2526,Spontaneous,172.0,8,56.34,168,,,,,,High,False
synth_low_42_01083,0,99.0,9,65.99,80,,,,,,Low,True
AUD_3135,Reading,157.0,8,33.15,134,,,,,,High,False
synth_low_42_00662,0,158.0,8,72.22,109,,,,,,Low,True
AUD_530,Spontaneous,115.0,11,36.46,160,,,,,,High,False
synth_low_42_00263,0,123.0,10,57.1,52,,,,,,Low,True
AUD_710,Spontaneous,148.0,11,65.49,131,,,,,,High,False
synth_low_42_00900,0,137.91,10,75.0,166,,,,,,Low,True
AUD_4004,Spontaneous,113.0,9,59.05,165,,,,,,Medium,False
synth_low_42_00720,0,95.0,9,68.83,123,,,,,,Low,True
AUD_4382,Spontaneous,155.0,14,40.07,120,,,,,,Medium,False
synth_low_42_01493,0,118.53,4,84.37,196,,,,,,Low,True
AUD_907,Reading,127.0,6,55.82,130,,,,,,Medium,False
AUD_2706,Reading,153.0,14,87.25,169,,,,,,High,False
synth_low_42_00761,0,155.45,9,57.18,146,,,,,,Low,True
synth_low_42_00508,0,144.87,12,34.78,118,,,,,,Low,True
AUD_1467,Reading,148.0,2,33.35,71,,,,,,Medium,False
AUD_3611,Reading,172.0,14,66.36,78,,,,,,Medium,False
AUD_4956,Spontaneous,165.0,4,41.64,184,,,,,,High,False
synth_low_42_00658,0,151.0,6,69.23,194,,,,,,Low,True
AUD_3501,Reading,102.0,8,50.51,131,,,,,,High,False
AUD_926,Reading,105.0,14,84.63,131,,,,,,High,False
AUD_2303,Spontaneous,180.0,7,79.09,78,,,,,,High,False
AUD_1406,Spontaneous,175.0,8,62.28,81,,,,,,Medium,False
AUD_15,Spontaneous,101.0,14,31.9,120,,,,,,Medium,False
synth_low_42_01143,0,115.98,11,28.17,171,,,,,,Low,True
AUD_315,Spontaneous,107.0,8,33.4,72,,,,,,Medium,False
AUD_2575,Reading,158.0,12,42.28,194,,,,,,High,False
AUD_4829,Spontaneous,116.0,7,54.39,109,,,,,,High,False
AUD_1161,Spontaneous,165.0,14,42.75,197,,,,,,High,False
synth_low_42_00130,0,159.92,4,73.92,186,,,,,,Low,True
AUD_1393,Spontaneous,162.0,11,63.92,195,,,,,,Medium,False
synth_low_42_00724,0,122.34,9,50.72,110,,,,,,Low,True
AUD_1618,Reading,143.0,9,56.42,151,,,,,,High,False
AUD_1212,Reading,166.0,8,46.24,95,,,,,,High,False
synth_low_42_00107,0,131.89,10,37.79,70,,,,,,Low,True
AUD_1501,Reading,175.0,4,55.37,97,,,,,,Medium,False
AUD_1966,Spontaneous,110.0,13,31.13,120,,,,,,Low,False
synth_low_42_00278,0,161.0,12,85.23,113,,,,,,Low,True
synth_low_42_00650,0,153.0,11,34.24,100,,,,,,Low,True
AUD_4335,Reading,93.0,2,74.94,199,,,,,,High,False
AUD_4209,Spontaneous,160.0,12,68.17,109,,,,,,High,False
AUD_2881,Reading,107.0,9,58.2,102,,,,,,Medium,False
AUD_2404,Reading,171.0,5,21.38,188,,,,,,Medium,False
synth_low_42_01455,0,114.0,13,88.2,197,,,,,,Low,True
synth_low_42_01676,0,120.0,2,69.45,125,,,,,,Low,True
synth_low_42_00103,0,167.0,12,85.2,117,,,,,,Low,True
synth_low_42_00436,0,119.0,13,24.47,151,,,,,,Low,True
AUD_4369,Reading,103.0,7,68.37,174,,,,,,Medium,False
AUD_2337,Reading,156.0,10,65.86,115,,,,,,Medium,False
synth_low_42_00765,0,117.0,9,40.87,89,,,,,,Low,True
AUD_3455,Reading,125.0,9,65.72,148,,,,,,Medium,False
AUD_1832,Spontaneous,112.0,14,45.67,185,,,,,,Medium,False
AUD_1032,Spontaneous,135.0,7,22.38,68,,,,,,High,False
synth_low_42_01312,0,168.88,14,51.36,93,,,,,,Low,True
AUD_3651,Reading,133.0,3,79.91,79,,,,,,Medium,False
AUD_1632,Reading,103.0,12,66.52,136,,,,,,High,False
synth_low_42_01393,0,120.99,2,73.92,95,,,,,,Low,True
AUD_2656,Reading,123.0,13,83.78,78,,,,,,High,False
AUD_1010,Reading,131.0,5,79.33,135,,,,,,Medium,False
AUD_3599,Spontaneous,92.0,6,89.26,125,,,,,,High,False
synth_low_42_01494,0,101.0,12,20.69,189,,,,,,Low,True
AUD_691,Spontaneous,155.0,12,43.34,101,,,,,,High,False
AUD_533,Reading,162.0,6,62.24,86,,,,,,High,False
synth_low_42_01401,0,159.14,8,85.87,92,,,,,,Low,True
AUD_1902,Reading,108.0,13,73.87,157,,,,,,Medium,False
AUD_652,Spontaneous,172.0,5,42.97,128,,,,,,High,False
AUD_33,Reading,161.0,2,62.74,94,,,,,,Medium,False
AUD_2751,Reading,118.0,14,86.09,60,,,,,,High,False
AUD_44,Reading,148.0,12,68.03,52,,,,,,High,False
AUD_3159,Spontaneous,160.0,8,27.29,147,,,,,,Medium,False
AUD_4848,Reading,91.0,12,74.47,113,,,,,,Medium,False
AUD_964,Spontaneous,134.0,3,24.06,161,,,,,,High,False
AUD_2199,Reading,122.0,4,64.64,75,,,,,,Medium,False
AUD_3082,Spontaneous,178.0,6,43.32,110,,,,,,High,False
synth_low_42_01473,0,138.0,11,30.82,58,,,,,,Low,True
AUD_2486,Reading,114.0,7,28.17,88,,,,,,Medium,False
AUD_1446,Reading,137.0,7,41.67,126,,,,,,High,False
AUD_1940,Spontaneous,130.0,8,82.76,109,,,,,,Medium,False
AUD_2185,Spontaneous,102.0,8,62.31,156,,,,,,Low,False
AUD_3276,Spontaneous,166.0,12,37.32,199,,,,,,High,False
synth_low_42_00064,0,132.0,8,25.56,121,,,,,,Low,True
AUD_2149,Spontaneous,140.0,3,36.39,66,,,,,,High,False
AUD_26,Spontaneous,93.0,14,66.68,81,,,,,,High,False
synth_low_42_00870,0,139.0,5,75.4,156,,,,,,Low,True
AUD_63,Spontaneous,122.0,12,31.42,70,,,,,,High,False
AUD_1044,Spontaneous,177.0,2,89.82,139,,,,,,High,False
AUD_3997,Spontaneous,92.0,7,36.3,181,,,,,,High,False
AUD_4962,Spontaneous,126.0,6,59.66,108,,,,,,Medium,False
AUD_227,Spontaneous,143.0,5,76.26,150,,,,,,High,False
synth_low_42_01785,0,132.0,13,65.99,69,,,,,,Low,True
AUD_2859,Reading,91.0,14,60.15,67,,,,,,High,False
AUD_4537,Spontaneous,147.0,8,27.01,171,,,,,,High,False
synth_low_42_01450,0,109.0,13,32.67,62,,,,,,Low,True
AUD_3428,Spontaneous,94.0,9,26.73,97,,,,,,Medium,False
AUD_969,Spontaneous,123.0,3,25.71,190,,,,,,High,False
AUD_4442,Reading,167.0,6,77.49,149,,,,,,Medium,False
AUD_4424,Reading,150.0,7,61.83,75,,,,,,High,False
AUD_4677,Spontaneous,98.0,7,39.08,198,,,,,,High,False
AUD_1352,Reading,93.0,6,29.0,120,,,,,,High,False
AUD_1643,Reading,127.0,12,87.23,179,,,,,,Medium,False
AUD_2333,Reading,96.0,4,55.25,98,,,,,,High,False
AUD_4575,Spontaneous,123.0,3,81.8,149,,,,,,High,False
synth_low_42_01684,0,104.9,11,36.22,55,,,,,,Low,True
AUD_2083,Spontaneous,119.0,9,58.06,83,,,,,,Medium,False
AUD_2850,Spontaneous,169.0,6,33.34,102,,,,,,Medium,False
AUD_3698,Reading,93.0,14,55.86,82,,,,,,High,False
AUD_1385,Reading,137.0,5,88.27,198,,,,,,High,False
AUD_4923,Reading,98.0,14,24.6,172,,,,,,Medium,False
AUD_252,Spontaneous,110.0,7,77.45,73,,,,,,Medium,False
AUD_4184,Reading,106.0,2,76.72,79,,,,,,High,False
AUD_4395,Reading,162.0,6,48.0,176,,,,,,High,False
synth_low_42_01052,0,110.0,9,54.75,117,,,,,,Low,True
AUD_4679,Spontaneous,129.0,14,57.89,52,,,,,,Medium,False
AUD_4128,Reading,93.0,13,28.69,170,,,,,,Medium,False
AUD_2618,Reading,93.0,7,71.61,51,,,,,,High,False
AUD_3781,Spontaneous,165.0,13,46.95,111,,,,,,Medium,False
AUD_4273,Reading,122.0,5,44.08,87,,,,,,High,False
AUD_4640,Reading,104.0,10,69.08,193,,,,,,Medium,False
AUD_1498,Reading,162.0,2,85.24,196,,,,,,Medium,False
synth_low_42_00460,0,164.4,12,28.11,84,,,,,,Low,True
AUD_3656,Spontaneous,166.0,7,26.97,126,,,,,,High,False
AUD_2689,Reading,176.0,7,25.22,67,,,,,,High,False
AUD_641,Spontaneous,136.0,12,39.43,101,,,,,,Medium,False
AUD_3347,Spontaneous,97.0,6,45.57,102,,,,,,Medium,False
AUD_2183,Reading,111.0,11,21.53,132,,,,,,Medium,False
AUD_297,Spontaneous,180.0,5,31.8,53,,,,,,High,False
AUD_303,Spontaneous,127.0,5,30.82,126,,,,,,Medium,False
synth_low_42_01048,0,175.0,10,35.49,190,,,,,,Low,True
AUD_3090,Spontaneous,176.0,11,55.49,125,,,,,,Medium,False
synth_low_42_00292,0,119.41,8,65.99,141,,,,,,Low,True
AUD_1747,Reading,151.0,11,34.89,159,,,,,,Medium,False
synth_low_42_01353,0,128.46,12,32.65,92,,,,,,Low,True
AUD_655,Reading,117.0,8,71.38,151,,,,,,Medium,False
AUD_1438,Reading,93.0,2,60.71,170,,,,,,Medium,False
synth_low_42_01504,0,155.0,12,65.74,171,,,,,,Low,True
AUD_3940,Reading,122.0,4,33.62,75,,,,,,Medium,False
AUD_240,Reading,123.0,3,55.58,134,,,,,,High,False
AUD_783,Reading,119.0,9,66.0,112,,,,,,Low,False
AUD_1018,Spontaneous,137.0,10,82.97,79,,,,,,Medium,False
synth_low_42_01714,0,95.0,10,73.85,190,,,,,,Low,True
AUD_977,Spontaneous,149.0,7,75.02,156,,,,,,High,False
AUD_2045,Reading,153.0,6,52.15,73,,,,,,Medium,False
synth_low_42_00777,0,152.8,7,24.2,121,,,,,,Low,True
synth_low_42_00941,0,174.0,14,23.62,168,,,,,,Low,True
AUD_257,Spontaneous,163.0,10,39.26,170,,,,,,Medium,False
AUD_893,Reading,118.0,5,59.31,143,,,,,,High,False
synth_low_42_01223,0,171.0,10,30.33,63,,,,,,Low,True
synth_low_42_01276,0,132.0,8,32.56,128,,,,,,Low,True
AUD_3819,Reading,105.0,9,47.56,95,,,,,,High,False
AUD_3352,Spontaneous,128.0,12,68.0,67,,,,,,High,False
AUD_3978,Reading,91.0,9,48.72,187,,,,,,High,False
synth_low_42_01465,0,100.0,12,39.85,170,,,,,,Low,True
AUD_2432,Spontaneous,162.0,5,54.88,75,,,,,,Medium,False
AUD_2802,Reading,122.0,10,60.47,115,,,,,,High,False
AUD_3917,Reading,97.0,2,37.29,71,,,,,,High,False
AUD_4287,Spontaneous,99.0,8,49.87,174,,,,,,High,False
AUD_4103,Spontaneous,133.0,6,58.73,57,,,,,,Medium,False
synth_low_42_01742,0,169.21,13,34.08,148,,,,,,Low,True
synth_low_42_01032,0,128.3,3,65.43,125,,,,,,Low,True
AUD_1748,Reading,120.0,12,30.48,196,,,,,,Medium,False
AUD_2273,Spontaneous,156.0,10,46.53,59,,,,,,High,False
AUD_2925,Spontaneous,102.0,7,42.91,154,,,,,,Medium,False
AUD_2351,Reading,156.0,12,46.25,132,,,,,,High,False
synth_low_42_01045,0,97.0,5,53.36,106,,,,,,Low,True
AUD_2477,Reading,136.0,4,57.63,133,,,,,,High,False
AUD_1558,Reading,132.0,10,77.39,91,,,,,,High,False
AUD_3947,Spontaneous,104.0,14,48.57,110,,,,,,High,False
AUD_3802,Reading,153.0,7,57.4,92,,,,,,Medium,False
AUD_2576,Spontaneous,160.0,11,89.97,76,,,,,,Medium,False
synth_low_42_01604,0,126.27,10,84.61,117,,,,,,Low,True
AUD_1600,Reading,121.0,4,83.45,132,,,,,,Medium,False
AUD_2463,Spontaneous,100.0,3,70.54,84,,,,,,High,False
AUD_1092,Spontaneous,126.0,14,53.35,127,,,,,,Medium,False
AUD_4745,Spontaneous,121.0,12,89.6,169,,,,,,Medium,False
AUD_124,Spontaneous,167.0,5,24.71,165,,,,,,High,False
AUD_3113,Spontaneous,118.0,12,34.21,135,,,,,,High,False
AUD_3315,Spontaneous,173.0,2,22.14,88,,,,,,Medium,False
synth_low_42_00340,0,132.0,2,33.41,120,,,,,,Low,True
AUD_1765,Spontaneous,162.0,2,60.35,107,,,,,,Medium,False
AUD_4001,Spontaneous,99.0,13,30.88,55,,,,,,High,False
AUD_2598,Reading,147.0,9,75.43,83,,,,,,High,False
AUD_2972,Spontaneous,138.0,5,88.8,137,,,,,,High,False
AUD_4619,Spontaneous,148.0,5,64.48,170,,,,,,Medium,False
AUD_598,Spontaneous,167.0,4,29.94,195,,,,,,High,False
AUD_75,Reading,178.0,8,43.01,64,,,,,,Medium,False
AUD_1339,Spontaneous,117.0,10,53.71,64,,,,,,High,False
AUD_1416,Spontaneous,162.0,4,22.2,102,,,,,,Medium,False
AUD_4753,Reading,93.0,12,50.24,85,,,,,,Medium,False
AUD_4251,Reading,137.0,2,73.34,134,,,,,,High,False
AUD_4590,Reading,108.0,14,75.42,55,,,,,,Medium,False
AUD_2628,Reading,177.0,10,63.75,56,,,,,,High,False
AUD_149,Spontaneous,168.0,13,66.23,174,,,,,,Medium,False
AUD_4517,Spontaneous,98.0,13,76.54,95,,,,,,Medium,False
synth_low_42_00853,0,98.0,4,34.09,130,,,,,,Low,True
AUD_453,Spontaneous,153.0,14,86.58,93,,,,,,Medium,False
synth_low_42_01721,0,105.0,14,74.05,151,,,,,,Low,True
AUD_1729,Spontaneous,123.0,3,59.37,136,,,,,,Medium,False
synth_low_42_00452,0,175.0,12,40.15,120,,,,,,Low,True
AUD_808,Spontaneous,158.0,13,36.34,111,,,,,,Medium,False
AUD_2615,Reading,120.0,8,37.84,50,,,,,,High,False
AUD_3550,Reading,167.0,9,76.07,192,,,,,,High,False
AUD_1119,Spontaneous,159.0,10,54.31,191,,,,,,High,False
AUD_810,Spontaneous,147.0,9,27.72,80,,,,,,High,False
AUD_1129,Spontaneous,132.0,12,54.62,115,,,,,,High,False
AUD_834,Reading,145.0,10,56.49,180,,,,,,Medium,False
AUD_4365,Reading,146.0,3,33.32,124,,,,,,Medium,False
synth_low_42_00227,0,110.0,14,32.46,119,,,,,,Low,True
synth_low_42_01499,0,121.0,13,49.46,173,,,,,,Low,True
AUD_3529,Reading,130.0,12,30.73,101,,,,,,High,False
AUD_1235,Spontaneous,112.0,6,55.53,153,,,,,,Medium,False
AUD_1225,Reading,158.0,8,20.4,110,,,,,,High,False
synth_low_42_01743,0,179.0,14,74.22,129,,,,,,Low,True
AUD_4466,Spontaneous,113.0,5,79.66,91,,,,,,Medium,False
synth_low_42_01471,0,99.0,5,23.99,92,,,,,,Low,True
AUD_2110,Spontaneous,101.0,9,57.0,163,,,,,,High,False
synth_low_42_01317,0,119.0,2,23.33,106,,,,,,Low,True
AUD_4760,Spontaneous,145.0,11,83.11,65,,,,,,Medium,False
AUD_2513,Reading,169.0,8,50.5,155,,,,,,High,False
AUD_1027,Spontaneous,126.0,14,62.02,53,,,,,,High,False
AUD_3960,Reading,117.0,3,78.38,85,,,,,,High,False
AUD_4998,Reading,140.0,9,78.97,183,,,,,,Medium,False
AUD_349,Spontaneous,133.0,12,54.93,72,,,,,,Medium,False
synth_low_42_00792,0,135.14,5,50.73,161,,,,,,Low,True
AUD_662,Spontaneous,123.0,13,59.47,156,,,,,,Medium,False
AUD_172,Spontaneous,112.0,6,44.99,109,,,,,,High,False
AUD_2347,Reading,116.0,4,69.06,65,,,,,,High,False
AUD_4391,Spontaneous,93.0,11,56.16,105,,,,,,High,False
AUD_422,Reading,157.0,6,80.5,156,,,,,,Medium,False
AUD_4463,Spontaneous,121.0,10,26.34,162,,,,,,High,False
AUD_4094,Reading,101.0,9,71.93,193,,,,,,Medium,False
AUD_881,Spontaneous,171.0,6,44.72,128,,,,,,Low,False
AUD_3131,Spontaneous,160.0,8,58.01,183,,,,,,Medium,False
AUD_1253,Spontaneous,151.0,3,86.13,76,,,,,,Medium,False
synth_low_42_00992,0,170.13,14,85.36,58,,,,,,Low,True
synth_low_42_00503,0,109.0,12,36.67,94,,,,,,Low,True
synth_low_42_01649,0,94.0,13,28.18,171,,,,,,Low,True
synth_low_42_01692,0,101.81,9,56.15,79,,,,,,Low,True
AUD_2412,Reading,134.0,5,53.16,183,,,,,,High,False
AUD_102,Reading,120.0,2,83.35,196,,,,,,Medium,False
AUD_4999,Spontaneous,141.0,5,52.99,113,,,,,,Medium,False
AUD_4151,Reading,174.0,4,29.62,198,,,,,,Medium,False
AUD_3606,Spontaneous,124.0,9,86.26,191,,,,,,Medium,False
AUD_4934,Reading,120.0,13,40.55,164,,,,,,Medium,False
AUD_1921,Spontaneous,157.0,11,58.16,120,,,,,,Medium,False
synth_low_42_01090,0,149.59,9,50.84,105,,,,,,Low,True
AUD_3010,Reading,169.0,5,68.42,153,,,,,,Medium,False
synth_low_42_00014,0,136.0,6,84.18,57,,,,,,Low,True
AUD_135,Spontaneous,130.0,14,68.72,54,,,,,,Medium,False
AUD_4862,Spontaneous,101.0,3,31.51,166,,,,,,High,False
AUD_3535,Spontaneous,179.0,9,20.57,132,,,,,,Medium,False
synth_low_42_01138,0,164.59,13,39.71,105,,,,,,Low,True
synth_low_42_01110,0,153.83,14,39.51,105,,,,,,Low,True
AUD_4531,Spontaneous,132.0,5,63.35,154,,,,,,Medium,False
synth_low_42_00825,0,167.0,13,40.21,109,,,,,,Low,True
AUD_2202,Reading,163.0,11,89.46,105,,,,,,Medium,False
AUD_2227,Reading,166.0,13,51.31,84,,,,,,High,False
synth_low_42_01263,0,148.22,13,42.82,129,,,,,,Low,True
AUD_4174,Reading,170.0,9,24.81,170,,,,,,Medium,False
synth_low_42_00020,0,151.0,14,77.41,114,,,,,,Low,True
AUD_1905,Spontaneous,122.0,7,88.76,126,,,,,,High,False
AUD_807,Spontaneous,147.0,5,46.71,116,,,,,,Medium,False
AUD_462,Reading,142.0,5,61.9,166,,,,,,High,False
AUD_879,Spontaneous,139.0,5,33.04,112,,,,,,High,False
AUD_3018,Reading,95.0,9,48.67,170,,,,,,High,False
synth_low_42_00495,0,152.36,9,74.98,56,,,,,,Low,True
synth_low_42_00114,0,137.0,7,77.37,70,,,,,,Low,True
AUD_3688,Spontaneous,94.0,8,60.45,148,,,,,,Medium,False
AUD_2578,Reading,149.0,8,26.44,63,,,,,,High,False
AUD_799,Spontaneous,141.0,8,60.65,98,,,,,,High,False
AUD_354,Reading,137.0,7,55.69,91,,,,,,High,False
AUD_2781,Spontaneous,167.0,14,25.66,183,,,,,,Medium,False
AUD_1073,Spontaneous,141.0,9,77.15,172,,,,,,High,False
AUD_2418,Spontaneous,108.0,7,48.95,72,,,,,,Medium,False
AUD_2669,Reading,139.0,11,24.24,91,,,,,,Low,False
AUD_144,Reading,156.0,6,20.07,157,,,,,,Medium,False
AUD_380,Reading,139.0,2,83.4,155,,,,,,Medium,False
AUD_1340,Spontaneous,95.0,4,41.32,54,,,,,,Medium,False
AUD_2225,Spontaneous,168.0,3,52.3,160,,,,,,Medium,False
synth_low_42_00856,0,96.75,2,48.26,194,,,,,,Low,True
AUD_121,Reading,91.0,7,63.58,108,,,,,,High,False
AUD_3161,Reading,174.0,8,33.67,199,,,,,,High,False
AUD_1360,Spontaneous,151.0,9,27.92,157,,,,,,Medium,False
AUD_418,Reading,179.0,5,22.96,141,,,,,,Medium,False
AUD_3837,Spontaneous,133.0,5,83.97,115,,,,,,Medium,False
synth_low_42_00355,0,150.0,12,49.41,198,,,,,,Low,True
AUD_3956,Spontaneous,120.0,13,87.03,98,,,,,,High,False
synth_low_42_00908,0,158.0,11,42.14,161,,,,,,Low,True
AUD_3933,Spontaneous,121.0,6,34.98,160,,,,,,High,False
AUD_3686,Reading,137.0,9,32.83,171,,,,,,High,False
AUD_555,Reading,114.0,11,78.63,128,,,,,,Medium,False
AUD_4522,Reading,146.0,6,55.25,62,,,,,,High,False
AUD_3289,Spontaneous,128.0,7,87.53,110,,,,,,Medium,False
AUD_3768,Spontaneous,176.0,5,27.2,151,,,,,,Medium,False
AUD_4844,Reading,121.0,12,21.72,126,,,,,,Low,False
AUD_1272,Spontaneous,131.0,9,54.33,73,,,,,,High,False
synth_low_42_01366,0,159.0,8,25.48,66,,,,,,Low,True
AUD_1411,Reading,164.0,12,83.57,99,,,,,,Medium,False
synth_low_42_01080,0,166.0,4,52.99,194,,,,,,Low,True
synth_low_42_01205,0,144.0,13,44.03,80,,,,,,Low,True
AUD_1471,Reading,168.0,8,23.57,185,,,,,,High,False
synth_low_42_01405,0,129.0,9,64.63,70,,,,,,Low,True
synth_low_42_00312,0,161.0,11,48.85,127,,,,,,Low,True
AUD_2926,Spontaneous,178.0,14,88.88,158,,,,,,High,False
AUD_3901,Spontaneous,95.0,2,81.96,98,,,,,,High,False
AUD_4982,Spontaneous,138.0,9,67.84,66,,,,,,High,False
AUD_3870,Reading,111.0,14,67.32,151,,,,,,Medium,False
AUD_4371,Reading,154.0,3,89.99,180,,,,,,High,False
AUD_3316,Spontaneous,127.0,2,72.62,174,,,,,,Medium,False
synth_low_42_01042,0,132.0,13,28.55,148,,,,,,Low,True
AUD_4716,Spontaneous,100.0,14,59.8,110,,,,,,Medium,False
AUD_1858,Reading,99.0,8,71.04,162,,,,,,High,False
synth_low_42_00851,0,116.0,13,39.67,194,,,,,,Low,True
AUD_3017,Reading,126.0,4,59.07,140,,,,,,High,False
synth_low_42_00989,0,123.28,9,54.79,94,,,,,,Low,True
AUD_1268,Spontaneous,122.0,10,47.25,93,,,,,,High,False
AUD_414,Spontaneous,125.0,9,86.08,169,,,,,,High,False
AUD_3950,Spontaneous,157.0,6,61.14,101,,,,,,High,False
AUD_654,Reading,163.0,3,82.06,163,,,,,,Medium,False
AUD_1543,Reading,119.0,6,59.93,101,,,,,,Medium,False
AUD_3277,Reading,99.0,9,86.07,64,,,,,,High,False
AUD_2063,Spontaneous,139.0,4,47.89,164,,,,,,High,False
AUD_4643,Reading,149.0,9,57.32,99,,,,,,Medium,False
synth_low_42_01156,0,142.35,2,23.31,157,,,,,,Low,True
AUD_4030,Spontaneous,175.0,3,50.91,117,,,,,,Low,False
AUD_3751,Reading,178.0,11,42.28,144,,,,,,High,False
AUD_589,Spontaneous,167.0,10,61.09,139,,,,,,High,False
AUD_4905,Reading,147.0,11,24.4,97,,,,,,High,False
AUD_4240,Reading,144.0,8,43.09,60,,,,,,Medium,False
synth_low_42_01421,0,95.0,13,75.2,82,,,,,,Low,True
synth_low_42_01280,0,128.0,3,40.43,157,,,,,,Low,True
AUD_3626,Reading,167.0,7,68.15,106,,,,,,High,False
AUD_2287,Spontaneous,93.0,9,73.55,123,,,,,,Medium,False
AUD_701,Spontaneous,179.0,9,24.32,165,,,,,,Medium,False
AUD_4954,Reading,139.0,8,42.02,97,,,,,,High,False
AUD_2908,Reading,161.0,11,39.2,97,,,,,,High,False
AUD_4075,Reading,112.0,11,42.72,86,,,,,,High,False
AUD_677,Spontaneous,113.0,8,36.3,155,,,,,,Medium,False
AUD_4652,Spontaneous,92.0,3,23.11,100,,,,,,High,False
AUD_4818,Reading,177.0,8,25.34,80,,,,,,High,False
AUD_2410,Spontaneous,167.0,9,77.35,57,,,,,,Medium,False
AUD_2177,Reading,149.0,11,79.29,163,,,,,,Medium,False
AUD_3789,Spontaneous,134.0,6,57.32,54,,,,,,Medium,False
AUD_693,Spontaneous,126.0,3,44.15,153,,,,,,Medium,False
AUD_1956,Reading,103.0,14,60.87,94,,,,,,Medium,False
AUD_1880,Reading,124.0,9,83.03,110,,,,,,Medium,False
synth_low_42_00845,0,171.0,2,42.56,120,,,,,,Low,True
synth_low_42_00971,0,154.96,7,84.6,125,,,,,,Low,True
AUD_110,Reading,163.0,13,65.33,60,,,,,,Medium,False
AUD_2764,Reading,132.0,5,69.18,60,,,,,,High,False
AUD_3518,Reading,112.0,6,84.8,138,,,,,,High,False
synth_low_42_00704,0,126.18,7,38.42,82,,,,,,Low,True
AUD_1672,Reading,168.0,4,59.65,87,,,,,,High,False
AUD_856,Reading,148.0,13,69.7,179,,,,,,High,False
synth_low_42_01311,0,109.5,10,25.99,111,,,,,,Low,True
AUD_3209,Reading,172.0,9,54.16,147,,,,,,High,False
synth_low_42_01745,0,149.0,12,54.92,99,,,,,,Low,True
AUD_2673,Reading,156.0,3,78.85,55,,,,,,High,False
AUD_4237,Reading,163.0,7,34.26,150,,,,,,Medium,False
synth_low_42_01519,0,130.0,8,61.16,196,,,,,,Low,True
AUD_4003,Spontaneous,121.0,2,60.09,80,,,,,,Medium,False
AUD_1782,Reading,119.0,6,24.78,157,,,,,,Medium,False
AUD_2471,Spontaneous,168.0,5,58.94,52,,,,,,High,False
AUD_4511,Reading,174.0,2,26.17,130,,,,,,Medium,False
synth_low_42_00309,0,155.19,11,26.09,136,,,,,,Low,True
AUD_1468,Spontaneous,173.0,13,55.6,148,,,,,,Medium,False
synth_low_42_01667,0,104.0,8,37.4,143,,,,,,Low,True
synth_low_42_01600,0,127.37,3,40.07,186,,,,,,Low,True
synth_low_42_01476,0,97.0,5,83.71,126,,,,,,Low,True
synth_low_42_00669,0,137.0,4,57.29,70,,,,,,Low,True
AUD_107,Spontaneous,177.0,11,68.24,97,,,,,,Medium,False
AUD_29,Reading,113.0,2,32.73,90,,,,,,High,False
synth_low_42_00329,0,177.0,8,65.95,125,,,,,,Low,True
synth_low_42_00832,0,138.0,12,64.04,56,,,,,,Low,True
synth_low_42_00586,0,136.0,13,31.01,91,,,,,,Low,True
AUD_4301,Reading,104.0,6,44.03,195,,,,,,Medium,False
AUD_751,Spontaneous,125.0,2,79.75,84,,,,,,High,False
AUD_584,Spontaneous,92.0,3,69.04,74,,,,,,High,False
AUD_1220,Spontaneous,94.0,8,68.46,107,,,,,,High,False
AUD_2436,Spontaneous,170.0,8,33.31,106,,,,,,High,False
AUD_2002,Reading,145.0,9,57.51,57,,,,,,Medium,False
synth_low_42_01650,0,119.67,7,73.6,70,,,,,,Low,True
synth_low_42_00668,0,96.0,11,88.19,117,,,,,,Low,True
AUD_548,Reading,119.0,10,47.95,178,,,,,,High,False
synth_low_42_00261,0,151.0,10,73.77,70,,,,,,Low,True
AUD_3796,Reading,126.0,14,86.12,150,,,,,,Medium,False
synth_low_42_01319,0,129.0,14,39.46,188,,,,,,Low,True
synth_low_42_00078,0,104.69,2,49.24,154,,,,,,Low,True
AUD_4055,Reading,154.0,4,60.64,60,,,,,,Medium,False
synth_low_42_01547,0,158.59,8,28.14,167,,,,,,Low,True
synth_low_42_01647,0,123.0,7,75.2,58,,,,,,Low,True
AUD_4774,Spontaneous,159.0,10,78.05,108,,,,,,Medium,False
synth_low_42_00827,0,98.0,2,85.41,63,,,,,,Low,True
synth_low_42_01537,0,123.0,8,28.29,99,,,,,,Low,True
synth_low_42_00448,0,99.0,11,32.98,169,,,,,,Low,True
synth_low_42_00076,0,153.0,14,69.46,62,,,,,,Low,True
AUD_1718,Spontaneous,113.0,11,83.93,185,,,,,,Medium,False
AUD_3184,Reading,127.0,10,38.39,134,,,,,,High,False
AUD_2585,Reading,142.0,2,88.76,138,,,,,,Medium,False
AUD_2284,Reading,130.0,2,66.16,180,,,,,,High,False
AUD_2115,Spontaneous,115.0,7,73.68,79,,,,,,Medium,False
AUD_4041,Reading,110.0,12,33.71,103,,,,,,High,False
AUD_90,Spontaneous,123.0,13,54.45,143,,,,,,Medium,False
AUD_3237,Spontaneous,161.0,9,84.03,170,,,,,,High,False
AUD_4192,Reading,173.0,14,46.06,181,,,,,,Medium,False
synth_low_42_00979,0,121.0,9,64.35,168,,,,,,Low,True
AUD_1965,Spontaneous,100.0,13,84.12,106,,,,,,Low,False
AUD_4163,Reading,152.0,8,48.36,187,,,,,,Medium,False
AUD_624,Reading,144.0,3,56.42,159,,,,,,Medium,False
AUD_69,Reading,166.0,9,27.89,143,,,,,,Medium,False
AUD_889,Spontaneous,116.0,12,50.9,68,,,,,,High,False
AUD_3129,Reading,93.0,6,85.39,190,,,,,,Medium,False
synth_low_42_00154,0,149.0,4,70.62,51,,,,,,Low,True
AUD_4384,Spontaneous,147.0,4,22.23,80,,,,,,High,False
synth_low_42_01673,0,164.55,12,26.67,56,,,,,,Low,True
AUD_1978,Reading,96.0,13,81.89,54,,,,,,Medium,False
AUD_3114,Reading,137.0,6,34.14,133,,,,,,High,False
AUD_947,Reading,97.0,9,75.88,60,,,,,,High,False
AUD_877,Reading,173.0,13,37.35,123,,,,,,Medium,False
AUD_3800,Spontaneous,96.0,6,36.92,81,,,,,,Medium,False
synth_low_42_01343,0,110.0,3,75.66,183,,,,,,Low,True
AUD_293,Reading,112.0,12,45.37,173,,,,,,High,False
AUD_3012,Reading,149.0,5,67.9,56,,,,,,Medium,False
AUD_1730,Spontaneous,108.0,8,87.25,152,,,,,,Medium,False
AUD_445,Spontaneous,92.0,14,83.54,122,,,,,,Medium,False
AUD_3836,Reading,130.0,5,42.6,130,,,,,,Medium,False
AUD_1775,Spontaneous,163.0,7,33.39,98,,,,,,High,False
AUD_2304,Spontaneous,120.0,3,84.9,66,,,,,,High,False
AUD_1620,Spontaneous,125.0,6,72.45,155,,,,,,Medium,False
synth_low_42_00009,0,95.0,3,43.77,51,,,,,,Low,True
synth_low_42_00507,0,155.0,5,82.3,164,,,,,,Low,True
AUD_2666,Spontaneous,135.0,5,61.42,117,,,,,,Medium,False
AUD_3951,Reading,173.0,8,64.48,101,,,,,,High,False
synth_low_42_01675,0,116.42,13,34.27,151,,,,,,Low,True
AUD_4856,Reading,153.0,3,69.72,194,,,,,,Medium,False
AUD_4751,Reading,123.0,6,33.45,92,,,,,,Medium,False
AUD_367,Spontaneous,107.0,10,55.45,166,,,,,,High,False
synth_low_42_01466,0,155.13,5,26.19,53,,,,,,Low,True
synth_low_42_00478,0,112.0,9,49.44,56,,,,,,Low,True
AUD_1888,Spontaneous,98.0,9,32.47,186,,,,,,High,False
synth_low_42_00939,0,111.0,7,30.26,104,,,,,,Low,True
AUD_2676,Spontaneous,105.0,9,83.61,154,,,,,,High,False
synth_low_42_01228,0,94.0,9,24.16,149,,,,,,Low,True
AUD_4827,Spontaneous,94.0,5,87.87,94,,,,,,Medium,False
AUD_3001,Spontaneous,149.0,9,66.69,104,,,,,,High,False
AUD_4574,Spontaneous,137.0,14,32.24,172,,,,,,High,False
AUD_4336,Reading,109.0,4,20.82,161,,,,,,Medium,False
AUD_4794,Spontaneous,148.0,3,51.27,73,,,,,,High,False
AUD_4562,Reading,106.0,2,26.01,137,,,,,,High,False
AUD_4715,Spontaneous,151.0,12,81.65,61,,,,,,High,False
AUD_1186,Reading,99.0,6,65.22,89,,,,,,High,False
AUD_4377,Spontaneous,128.0,14,39.1,126,,,,,,Medium,False
AUD_2114,Reading,117.0,8,27.96,131,,,,,,High,False
synth_low_42_00416,0,128.0,14,82.34,118,,,,,,Low,True
AUD_2847,Reading,112.0,14,24.79,68,,,,,,High,False
synth_low_42_00163,0,132.0,8,40.19,159,,,,,,Low,True
synth_low_42_01648,0,136.06,6,73.55,51,,,,,,Low,True
AUD_151,Spontaneous,139.0,4,33.15,172,,,,,,Medium,False
AUD_1916,Spontaneous,134.0,8,82.67,76,,,,,,Medium,False
AUD_1033,Reading,122.0,13,49.9,131,,,,,,High,False
AUD_1383,Reading,104.0,7,38.39,181,,,,,,Medium,False
AUD_915,Reading,107.0,6,73.96,77,,,,,,High,False
AUD_1305,Reading,180.0,5,42.05,194,,,,,,Medium,False
synth_low_42_00367,0,95.38,10,32.48,89,,,,,,Low,True
AUD_3731,Reading,170.0,10,84.51,143,,,,,,High,False
synth_low_42_01025,0,108.38,14,42.98,52,,,,,,Low,True
AUD_509,Spontaneous,163.0,13,41.64,113,,,,,,High,False
synth_low_42_01261,0,101.33,4,85.22,125,,,,,,Low,True
AUD_4868,Reading,90.0,6,50.87,147,,,,,,High,False
AUD_4453,Spontaneous,123.0,13,85.04,113,,,,,,Medium,False
AUD_3337,Spontaneous,99.0,4,62.12,190,,,,,,Medium,False
AUD_1795,Reading,161.0,7,83.54,83,,,,,,Medium,False
synth_low_42_01415,0,168.0,4,51.36,70,,,,,,Low,True
AUD_748,Spontaneous,96.0,10,58.63,108,,,,,,Medium,False
AUD_4461,Reading,164.0,4,71.11,62,,,,,,Medium,False
synth_low_42_00018,0,94.0,8,73.96,105,,,,,,Low,True
AUD_2877,Reading,115.0,8,76.56,55,,,,,,High,False
AUD_1310,Spontaneous,112.0,13,70.93,134,,,,,,High,False
AUD_1611,Reading,93.0,5,81.79,67,,,,,,Medium,False
AUD_1699,Reading,174.0,4,52.4,154,,,,,,High,False
AUD_2699,Reading,98.0,6,67.66,174,,,,,,High,False
AUD_2481,Spontaneous,128.0,8,40.02,74,,,,,,Medium,False
AUD_3355,Reading,108.0,2,74.02,185,,,,,,Medium,False
AUD_3844,Spontaneous,104.0,14,64.94,84,,,,,,Medium,False
synth_low_42_01127,0,141.0,13,26.04,82,,,,,,Low,True
AUD_4920,Spontaneous,104.0,12,57.52,154,,,,,,Medium,False
AUD_2488,Spontaneous,124.0,2,41.54,125,,,,,,High,False
AUD_471,Spontaneous,119.0,4,28.12,63,,,,,,Low,False
AUD_3855,Reading,101.0,12,40.65,76,,,,,,High,False
AUD_3834,Spontaneous,128.0,13,82.31,81,,,,,,Medium,False
AUD_4898,Reading,130.0,13,64.94,55,,,,,,Medium,False
AUD_4441,Reading,177.0,9,47.4,181,,,,,,High,False
synth_low_42_01416,0,151.0,12,37.81,115,,,,,,Low,True
AUD_3541,Spontaneous,156.0,11,75.87,81,,,,,,High,False
AUD_896,Reading,165.0,5,57.11,153,,,,,,Medium,False
synth_low_42_00144,0,177.0,12,34.33,151,,,,,,Low,True
AUD_3794,Spontaneous,120.0,8,51.94,94,,,,,,High,False
AUD_251,Reading,112.0,11,48.15,103,,,,,,Medium,False
AUD_1209,Reading,163.0,4,87.36,150,,,,,,High,False
AUD_4510,Reading,93.0,11,88.32,149,,,,,,High,False
AUD_3601,Reading,112.0,6,29.87,89,,,,,,High,False
AUD_4047,Reading,118.0,6,20.29,177,,,,,,High,False
synth_low_42_00819,0,100.0,10,57.96,173,,,,,,Low,True
AUD_3309,Reading,147.0,12,25.04,104,,,,,,Medium,False
AUD_1128,Reading,136.0,10,28.81,54,,,,,,High,False
synth_low_42_01593,0,168.77,12,80.05,185,,,,,,Low,True
synth_low_42_00200,0,104.0,9,75.84,85,,,,,,Low,True
AUD_1593,Reading,147.0,11,69.02,123,,,,,,Medium,False
AUD_4279,Spontaneous,177.0,8,49.94,146,,,,,,Medium,False
synth_low_42_01171,0,98.0,3,53.07,104,,,,,,Low,True
AUD_57,Reading,119.0,3,60.27,160,,,,,,High,False
AUD_1322,Reading,137.0,5,79.94,152,,,,,,Medium,False
AUD_176,Reading,164.0,4,25.91,149,,,,,,High,False
AUD_4901,Spontaneous,156.0,12,33.29,171,,,,,,Medium,False
AUD_4874,Spontaneous,142.0,5,38.73,94,,,,,,High,False
synth_low_42_01752,0,119.0,4,64.49,129,,,,,,Low,True
synth_low_42_01341,0,101.0,13,20.81,74,,,,,,Low,True
AUD_292,Reading,128.0,2,84.41,118,,,,,,High,False
AUD_1142,Reading,118.0,5,67.28,92,,,,,,High,False
AUD_4306,Reading,162.0,14,29.42,85,,,,,,High,False
synth_low_42_00531,0,166.0,8,61.05,156,,,,,,Low,True
AUD_2138,Spontaneous,155.0,3,48.35,53,,,,,,Medium,False
AUD_1170,Reading,154.0,11,29.49,175,,,,,,Medium,False
synth_low_42_00582,0,122.04,13,40.27,166,,,,,,Low,True
synth_low_42_00824,0,110.0,2,26.82,115,,,,,,Low,True
AUD_3126,Spontaneous,167.0,5,80.06,78,,,,,,Medium,False
AUD_2795,Spontaneous,168.0,7,87.21,134,,,,,,High,False
AUD_2166,Spontaneous,103.0,14,69.27,146,,,,,,High,False
AUD_1086,Spontaneous,145.0,3,51.31,55,,,,,,Medium,False
synth_low_42_00796,0,121.27,12,38.73,106,,,,,,Low,True
AUD_3826,Reading,118.0,10,64.01,161,,,,,,Medium,False
AUD_1172,Spontaneous,142.0,8,73.34,80,,,,,,High,False
synth_low_42_01047,0,159.13,13,32.28,130,,,,,,Low,True
synth_low_42_01391,0,101.66,8,45.86,56,,,,,,Low,True
AUD_4656,Spontaneous,114.0,2,68.99,118,,,,,,High,False
AUD_2698,Reading,143.0,4,45.48,118,,,,,,Medium,False
AUD_1912,Spontaneous,118.0,2,32.97,151,,,,,,Medium,False
synth_low_42_00896,0,113.62,4,64.25,138,,,,,,Low,True
AUD_2402,Reading,147.0,14,63.52,80,,,,,,Medium,False
AUD_4375,Spontaneous,144.0,2,77.25,94,,,,,,Medium,False
AUD_4660,Reading,161.0,13,88.53,134,,,,,,Medium,False
synth_low_42_00612,0,165.48,14,25.11,127,,,,,,Low,True
AUD_613,Spontaneous,164.0,2,78.6,104,,,,,,High,False
AUD_2312,Spontaneous,164.0,7,60.74,180,,,,,,Medium,False
AUD_2715,Spontaneous,102.0,8,34.6,182,,,,,,Medium,False
AUD_3880,Spontaneous,120.0,3,39.12,104,,,,,,Medium,False
synth_low_42_01183,0,133.05,12,69.74,198,,,,,,Low,True
AUD_1430,Spontaneous,145.0,6,59.25,128,,,,,,High,False
AUD_3801,Spontaneous,103.0,2,55.98,158,,,,,,Medium,False
synth_low_42_01124,0,132.0,11,26.57,165,,,,,,Low,True
AUD_505,Spontaneous,118.0,6,49.08,186,,,,,,High,False
AUD_415,Reading,175.0,4,86.35,178,,,,,,High,False
AUD_3003,Spontaneous,108.0,6,60.17,136,,,,,,Medium,False
AUD_272,Spontaneous,102.0,5,73.87,185,,,,,,Medium,False
AUD_2732,Spontaneous,145.0,7,87.7,186,,,,,,High,False
AUD_1706,Spontaneous,153.0,5,60.67,142,,,,,,High,False
synth_low_42_00071,0,167.0,13,24.14,62,,,,,,Low,True
synth_low_42_00927,0,126.0,6,43.04,172,,,,,,Low,True
AUD_4071,Reading,170.0,3,57.16,127,,,,,,Medium,False
AUD_1844,Reading,167.0,10,88.02,179,,,,,,Medium,False
synth_low_42_00682,0,103.75,10,36.4,94,,,,,,Low,True
AUD_2264,Spontaneous,109.0,9,44.22,177,,,,,,High,False
AUD_106,Reading,143.0,5,34.15,178,,,,,,Medium,False
AUD_1344,Reading,111.0,14,88.11,102,,,,,,Medium,False
synth_low_42_01575,0,115.48,5,62.33,151,,,,,,Low,True
synth_low_42_00816,0,157.64,10,39.09,138,,,,,,Low,True
synth_low_42_00097,0,144.0,10,32.5,99,,,,,,Low,True
synth_low_42_00876,0,141.98,3,85.01,104,,,,,,Low,True
AUD_4417,Spontaneous,146.0,6,29.03,62,,,,,,High,False
AUD_952,Spontaneous,126.0,7,44.12,146,,,,,,High,False
AUD_1894,Reading,120.0,11,69.61,117,,,,,,High,False
AUD_2399,Spontaneous,123.0,14,46.51,72,,,,,,Medium,False
AUD_1871,Reading,159.0,12,55.53,59,,,,,,Medium,False
AUD_1504,Reading,134.0,6,69.59,148,,,,,,Medium,False
AUD_2594,Spontaneous,96.0,13,84.62,55,,,,,,Medium,False
AUD_2223,Spontaneous,139.0,13,78.99,52,,,,,,High,False
AUD_2022,Spontaneous,125.0,7,21.29,158,,,,,,Medium,False
synth_low_42_00729,0,130.0,12,69.47,87,,,,,,Low,True
synth_low_42_00260,0,90.0,10,74.01,137,,,,,,Low,True
AUD_3024,Reading,162.0,7,46.52,184,,,,,,High,False
AUD_1024,Spontaneous,155.0,5,44.54,124,,,,,,Medium,False
synth_low_42_01687,0,134.0,13,68.46,63,,,,,,Low,True
AUD_3405,Spontaneous,111.0,13,51.82,83,,,,,,Medium,False
AUD_3208,Reading,93.0,2,85.93,77,,,,,,High,False
AUD_2917,Reading,90.0,6,50.15,124,,,,,,Medium,False
AUD_416,Reading,178.0,2,24.91,91,,,,,,Medium,False
AUD_3617,Reading,166.0,14,21.4,180,,,,,,High,False
AUD_3892,Reading,153.0,4,42.24,189,,,,,,High,False
synth_low_42_00455,0,108.0,9,34.27,105,,,,,,Low,True
AUD_3411,Spontaneous,106.0,9,84.61,69,,,,,,High,False
AUD_564,Spontaneous,112.0,3,30.63,177,,,,,,Medium,False
AUD_478,Reading,133.0,11,21.09,62,,,,,,High,False
AUD_2275,Spontaneous,98.0,8,49.26,156,,,,,,High,False
AUD_4958,Reading,170.0,12,23.75,53,,,,,,High,False
AUD_1203,Spontaneous,139.0,13,49.7,128,,,,,,High,False
AUD_1224,Reading,166.0,13,86.26,170,,,,,,Low,False
AUD_142,Spontaneous,122.0,9,45.3,143,,,,,,Low,False
AUD_3482,Reading,92.0,8,53.82,66,,,,,,Medium,False
AUD_4894,Reading,130.0,3,57.19,165,,,,,,High,False
AUD_1941,Spontaneous,152.0,4,83.86,58,,,,,,High,False
AUD_4930,Spontaneous,99.0,6,31.02,192,,,,,,Medium,False
AUD_2197,Spontaneous,168.0,3,43.89,154,,,,,,High,False
AUD_2388,Reading,99.0,9,84.43,127,,,,,,Medium,False
AUD_2775,Reading,127.0,7,82.33,54,,,,,,High,False
AUD_605,Reading,148.0,12,48.28,140,,,,,,High,False
AUD_1194,Spontaneous,128.0,11,35.61,172,,,,,,High,False
synth_low_42_01758,0,132.0,10,76.74,146,,,,,,Low,True
AUD_3246,Spontaneous,94.0,11,25.81,131,,,,,,High,False
synth_low_42_01204,0,105.0,12,54.82,165,,,,,,Low,True
AUD_3269,Reading,90.0,12,35.83,105,,,,,,High,False
AUD_1756,Spontaneous,178.0,12,80.71,188,,,,,,Medium,False
AUD_497,Reading,161.0,3,24.01,126,,,,,,High,False
AUD_3545,Reading,130.0,4,84.54,89,,,,,,Low,False
synth_low_42_00397,0,168.53,14,34.27,109,,,,,,Low,True
synth_low_42_01645,0,151.0,8,38.15,127,,,,,,Low,True
AUD_3254,Spontaneous,120.0,13,58.89,134,,,,,,Medium,False
AUD_3080,Reading,143.0,6,52.37,96,,,,,,High,False
AUD_2985,Reading,98.0,11,64.78,156,,,,,,Medium,False
AUD_721,Reading,157.0,4,35.68,172,,,,,,High,False
AUD_1870,Spontaneous,121.0,12,43.43,199,,,,,,High,False
AUD_1025,Spontaneous,173.0,13,75.46,54,,,,,,High,False
AUD_4942,Spontaneous,141.0,2,83.65,175,,,,,,Medium,False
AUD_1295,Reading,126.0,14,22.18,176,,,,,,High,False
AUD_4373,Spontaneous,94.0,6,50.02,103,,,,,,High,False
AUD_1496,Reading,152.0,14,44.34,120,,,,,,High,False
AUD_2191,Reading,134.0,7,45.55,168,,,,,,High,False
AUD_1520,Spontaneous,173.0,12,29.73,56,,,,,,Medium,False
AUD_3985,Spontaneous,97.0,4,50.5,102,,,,,,High,False
synth_low_42_00768,0,126.79,6,61.99,156,,,,,,Low,True
AUD_1964,Reading,136.0,7,66.85,144,,,,,,High,False
synth_low_42_01037,0,150.0,2,60.86,125,,,,,,Low,True
AUD_2642,Spontaneous,178.0,13,41.36,152,,,,,,High,False
synth_low_42_01638,0,100.02,4,20.37,146,,,,,,Low,True
synth_low_42_00485,0,91.03,6,49.29,106,,,,,,Low,True
synth_low_42_00475,0,105.0,12,22.04,117,,,,,,Low,True
AUD_4947,Spontaneous,109.0,7,49.29,157,,,,,,High,False
AUD_1302,Reading,147.0,10,69.78,192,,,,,,Medium,False
AUD_108,Spontaneous,120.0,11,33.08,182,,,,,,Medium,False
AUD_1926,Reading,104.0,2,45.03,154,,,,,,High,False
AUD_1351,Spontaneous,144.0,6,78.48,141,,,,,,High,False
synth_low_42_01076,0,132.67,14,23.46,70,,,,,,Low,True
AUD_3172,Spontaneous,111.0,6,60.63,109,,,,,,High,False
synth_low_42_01400,0,111.0,6,30.99,171,,,,,,Low,True
AUD_2523,Spontaneous,171.0,10,80.81,89,,,,,,Medium,False
AUD_931,Spontaneous,154.0,11,47.4,197,,,,,,Medium,False
AUD_336,Reading,137.0,3,24.88,167,,,,,,High,False
synth_low_42_00955,0,122.0,14,31.22,70,,,,,,Low,True
AUD_2755,Reading,163.0,6,45.22,144,,,,,,High,False
synth_low_42_01777,0,175.0,8,38.86,109,,,,,,Low,True
AUD_4022,Reading,135.0,10,59.21,92,,,,,,Medium,False
AUD_937,Spontaneous,119.0,14,83.62,108,,,,,,Medium,False
synth_low_42_00843,0,117.0,10,24.31,95,,,,,,Low,True
AUD_1580,Reading,122.0,2,32.08,182,,,,,,Medium,False
AUD_2617,Spontaneous,94.0,4,68.13,65,,,,,,Medium,False
AUD_387,Spontaneous,91.0,11,28.11,150,,,,,,Medium,False
synth_low_42_00711,0,103.36,14,55.05,142,,,,,,Low,True
AUD_4628,Spontaneous,95.0,10,88.75,105,,,,,,Medium,False
AUD_3328,Reading,171.0,2,49.42,168,,,,,,Medium,False
AUD_2387,Spontaneous,164.0,10,31.76,189,,,,,,Medium,False
AUD_3377,Spontaneous,146.0,12,29.54,151,,,,,,High,False
AUD_724,Reading,180.0,10,73.2,50,,,,,,Medium,False
AUD_765,Reading,114.0,8,34.35,60,,,,,,Medium,False
AUD_286,Reading,131.0,12,23.0,123,,,,,,Medium,False
synth_low_42_00030,0,166.0,10,37.82,104,,,,,,Low,True
AUD_4290,Spontaneous,176.0,7,50.84,182,,,,,,Medium,False
AUD_307,Spontaneous,123.0,9,73.06,88,,,,,,High,False
AUD_4509,Reading,97.0,10,78.6,75,,,,,,High,False
AUD_3739,Spontaneous,116.0,5,43.44,92,,,,,,High,False
AUD_4314,Spontaneous,139.0,2,46.0,72,,,,,,Medium,False
AUD_4825,Spontaneous,163.0,12,37.44,149,,,,,,Medium,False
synth_low_42_00290,0,174.0,4,56.73,75,,,,,,Low,True
AUD_2364,Reading,159.0,12,60.3,124,,,,,,High,False
AUD_3583,Reading,109.0,5,30.44,131,,,,,,Medium,False
synth_low_42_01155,0,111.0,7,69.45,171,,,,,,Low,True
AUD_1791,Spontaneous,108.0,9,34.9,56,,,,,,Low,False
AUD_3016,Reading,94.0,13,28.09,135,,,,,,High,False
AUD_4584,Reading,154.0,4,22.34,78,,,,,,High,False
AUD_1634,Spontaneous,93.0,5,75.05,172,,,,,,Medium,False
AUD_2641,Spontaneous,104.0,2,76.64,50,,,,,,Medium,False
AUD_4773,Reading,171.0,6,51.49,159,,,,,,Medium,False
synth_low_42_00764,0,108.0,10,46.04,177,,,,,,Low,True
AUD_184,Reading,94.0,8,62.02,75,,,,,,High,False
AUD_2228,Reading,153.0,13,86.53,163,,,,,,Medium,False
AUD_71,Spontaneous,145.0,7,79.35,156,,,,,,Medium,False
AUD_3942,Reading,101.0,10,82.38,80,,,,,,Low,False
AUD_711,Reading,167.0,13,79.29,97,,,,,,Medium,False
AUD_421,Spontaneous,127.0,4,86.25,77,,,,,,Medium,False
AUD_1020,Spontaneous,124.0,12,59.64,58,,,,,,High,False
AUD_4217,Reading,143.0,6,89.24,170,,,,,,High,False
synth_low_42_01786,0,96.57,7,68.62,70,,,,,,Low,True
AUD_3210,Reading,171.0,6,28.07,55,,,,,,High,False
AUD_737,Spontaneous,133.0,10,45.17,82,,,,,,High,False
synth_low_42_00444,0,96.34,4,81.75,52,,,,,,Low,True
AUD_1260,Spontaneous,106.0,4,31.05,65,,,,,,High,False
AUD_1666,Spontaneous,155.0,5,44.18,76,,,,,,Medium,False
AUD_4506,Reading,151.0,10,75.89,125,,,,,,High,False
AUD_2154,Spontaneous,162.0,7,81.32,159,,,,,,Medium,False
AUD_4692,Reading,167.0,13,68.61,96,,,,,,High,False
AUD_3163,Reading,166.0,3,34.4,140,,,,,,Medium,False
AUD_2316,Reading,171.0,2,39.33,117,,,,,,High,False
synth_low_42_01305,0,119.0,11,44.17,140,,,,,,Low,True
synth_low_42_01472,0,110.0,13,41.47,110,,,,,,Low,True
AUD_2677,Reading,97.0,7,39.13,116,,,,,,Medium,False
AUD_1973,Reading,160.0,7,50.96,92,,,,,,High,False
AUD_1210,Reading,170.0,9,21.04,81,,,,,,High,False
AUD_1695,Reading,177.0,12,49.18,133,,,,,,High,False
synth_low_42_01678,0,96.73,4,79.5,125,,,,,,Low,True
synth_low_42_01382,0,134.0,9,25.54,102,,,,,,Low,True
AUD_1095,Reading,113.0,11,23.52,76,,,,,,Medium,False
AUD_3605,Spontaneous,167.0,5,88.07,95,,,,,,High,False
synth_low_42_01095,0,111.0,3,26.33,148,,,,,,Low,True
synth_low_42_01681,0,157.75,9,44.19,170,,,,,,Low,True
AUD_1630,Reading,130.0,13,77.77,111,,,,,,High,False
AUD_3939,Spontaneous,101.0,5,42.8,136,,,,,,High,False
AUD_1881,Spontaneous,147.0,13,26.62,66,,,,,,Medium,False
AUD_4919,Reading,147.0,10,74.43,93,,,,,,High,False
synth_low_42_00953,0,170.02,2,86.1,170,,,,,,Low,True
AUD_1612,Reading,134.0,13,20.9,113,,,,,,High,False
AUD_978,Reading,106.0,13,52.18,73,,,,,,Medium,False
synth_low_42_01565,0,99.42,8,41.3,136,,,,,,Low,True
synth_low_42_00841,0,165.45,14,86.15,95,,,,,,Low,True
AUD_3227,Spontaneous,101.0,11,31.41,64,,,,,,High,False
synth_low_42_00790,0,150.0,2,40.19,122,,,,,,Low,True
AUD_487,Spontaneous,141.0,14,47.56,120,,,,,,Medium,False
AUD_2534,Spontaneous,127.0,5,41.2,87,,,,,,Medium,False
synth_low_42_00984,0,177.0,3,84.76,198,,,,,,Low,True
AUD_344,Spontaneous,142.0,3,67.87,85,,,,,,Medium,False
AUD_3480,Spontaneous,122.0,12,22.91,88,,,,,,High,False
AUD_3408,Reading,94.0,12,64.29,120,,,,,,Medium,False
AUD_3625,Spontaneous,126.0,14,35.8,107,,,,,,High,False
AUD_1954,Spontaneous,110.0,7,61.35,109,,,,,,Medium,False
AUD_911,Spontaneous,96.0,3,24.92,132,,,,,,High,False
AUD_1041,Reading,117.0,12,56.07,107,,,,,,High,False
AUD_47,Spontaneous,114.0,4,80.48,80,,,,,,High,False
synth_low_42_00643,0,123.93,5,65.37,136,,,,,,Low,True
synth_low_42_00890,0,119.0,11,28.18,135,,,,,,Low,True
AUD_1350,Spontaneous,92.0,3,45.02,133,,,,,,High,False
AUD_443,Spontaneous,125.0,11,54.93,107,,,,,,Medium,False
AUD_2226,Spontaneous,165.0,10,36.71,175,,,,,,High,False
AUD_1061,Spontaneous,122.0,7,40.41,58,,,,,,Medium,False
AUD_1451,Spontaneous,165.0,8,39.18,100,,,,,,High,False
AUD_1867,Reading,166.0,10,80.02,145,,,,,,High,False
synth_low_42_01672,0,175.0,12,47.82,136,,,,,,Low,True
AUD_3949,Spontaneous,150.0,2,58.43,109,,,,,,Medium,False
AUD_1743,Spontaneous,104.0,10,30.33,170,,,,,,High,False
AUD_3829,Reading,134.0,11,73.27,101,,,,,,High,False
AUD_2798,Reading,174.0,2,79.42,145,,,,,,High,False
synth_low_42_01256,0,101.0,3,37.12,77,,,,,,Low,True
AUD_1754,Spontaneous,174.0,3,61.96,199,,,,,,High,False
AUD_2957,Spontaneous,108.0,3,75.81,139,,,,,,High,False
AUD_4034,Reading,124.0,8,63.21,59,,,,,,Medium,False
AUD_2245,Reading,170.0,4,86.02,141,,,,,,High,False
AUD_3263,Spontaneous,113.0,4,39.06,115,,,,,,Medium,False
AUD_1055,Reading,151.0,7,38.91,76,,,,,,High,False
AUD_848,Reading,149.0,11,30.46,199,,,,,,High,False
synth_low_42_01594,0,95.0,12,33.19,70,,,,,,Low,True
AUD_3833,Spontaneous,133.0,4,24.69,190,,,,,,Medium,False
synth_low_42_00607,0,134.0,5,76.94,125,,,,,,Low,True
AUD_4198,Spontaneous,120.0,3,21.19,61,,,,,,Medium,False
AUD_1294,Reading,91.0,6,81.38,190,,,,,,Low,False
AUD_4288,Spontaneous,106.0,9,51.26,122,,,,,,High,False
AUD_2758,Reading,151.0,7,68.62,161,,,,,,Medium,False
synth_low_42_01531,0,132.0,12,74.97,177,,,,,,Low,True
AUD_3558,Reading,105.0,6,85.32,88,,,,,,High,False
synth_low_42_01345,0,156.0,3,44.92,80,,,,,,Low,True
synth_low_42_00549,0,128.0,11,68.63,190,,,,,,Low,True
synth_low_42_00983,0,170.26,10,33.55,141,,,,,,Low,True
AUD_3973,Spontaneous,104.0,9,42.46,131,,,,,,Medium,False
AUD_1112,Spontaneous,120.0,3,27.25,99,,,,,,Medium,False
AUD_4296,Reading,147.0,8,81.65,105,,,,,,Medium,False
synth_low_42_00544,0,157.12,10,25.33,163,,,,,,Low,True
AUD_776,Spontaneous,161.0,13,37.72,67,,,,,,High,False
synth_low_42_01422,0,151.62,9,74.8,98,,,,,,Low,True
AUD_183,Spontaneous,167.0,13,28.23,53,,,,,,High,False
synth_low_42_00599,0,106.32,11,62.57,146,,,,,,Low,True
AUD_4649,Spontaneous,175.0,5,23.37,103,,,,,,Medium,False
AUD_4610,Reading,148.0,4,23.71,76,,,,,,Medium,False
AUD_2728,Reading,176.0,6,28.97,87,,,,,,Medium,False
AUD_1513,Reading,171.0,14,74.04,192,,,,,,High,False
AUD_3787,Reading,97.0,14,38.73,177,,,,,,High,False
AUD_734,Spontaneous,102.0,2,65.97,132,,,,,,Medium,False
AUD_2851,Spontaneous,126.0,6,27.21,93,,,,,,Medium,False
AUD_2515,Spontaneous,149.0,10,25.56,115,,,,,,Medium,False
AUD_1168,Reading,168.0,5,83.29,173,,,,,,High,False
AUD_3574,Spontaneous,165.0,14,29.95,72,,,,,,Medium,False
AUD_4950,Reading,131.0,8,69.6,102,,,,,,High,False
AUD_1851,Reading,90.0,13,65.02,53,,,,,,High,False
AUD_2091,Reading,145.0,10,33.74,163,,,,,,High,False
AUD_1963,Spontaneous,157.0,10,34.7,150,,,,,,Medium,False
AUD_4733,Reading,106.0,7,88.66,196,,,,,,Medium,False
AUD_2124,Spontaneous,159.0,10,36.75,104,,,,,,High,False
AUD_4478,Spontaneous,175.0,3,30.91,177,,,,,,Medium,False
AUD_2842,Spontaneous,105.0,11,61.08,60,,,,,,High,False
AUD_3646,Spontaneous,97.0,6,39.6,55,,,,,,High,False
synth_low_42_01367,0,95.0,2,26.26,91,,,,,,Low,True
AUD_485,Spontaneous,116.0,14,39.72,163,,,,,,Medium,False
AUD_3102,Reading,153.0,6,52.13,131,,,,,,Medium,False
AUD_452,Spontaneous,171.0,13,85.95,51,,,,,,High,False
AUD_4339,Spontaneous,173.0,11,35.7,64,,,,,,High,False
AUD_95,Spontaneous,128.0,10,49.83,119,,,,,,Medium,False
AUD_3634,Spontaneous,132.0,8,53.69,184,,,,,,High,False
synth_low_42_00822,0,105.11,13,50.42,184,,,,,,Low,True
AUD_4812,Spontaneous,143.0,5,60.79,100,,,,,,High,False
AUD_30,Reading,155.0,3,62.09,185,,,,,,Medium,False
AUD_1665,Spontaneous,135.0,3,43.25,65,,,,,,Medium,False
AUD_789,Spontaneous,154.0,8,71.28,196,,,,,,Medium,False
AUD_3154,Spontaneous,129.0,9,64.38,170,,,,,,Medium,False
AUD_3434,Reading,154.0,14,52.03,113,,,,,,Medium,False
AUD_1918,Reading,155.0,14,65.94,92,,,,,,Low,False
AUD_1879,Spontaneous,125.0,12,36.85,101,,,,,,Medium,False
synth_low_42_00106,0,107.1,11,41.29,125,,,,,,Low,True
AUD_2142,Spontaneous,108.0,8,20.98,51,,,,,,Medium,False
AUD_2254,Spontaneous,144.0,8,31.83,86,,,,,,High,False
AUD_2441,Spontaneous,121.0,7,29.44,153,,,,,,High,False
AUD_4347,Reading,115.0,3,68.96,180,,,,,,High,False
AUD_1539,Reading,95.0,9,45.57,128,,,,,,Medium,False
AUD_1109,Reading,102.0,5,21.36,138,,,,,,High,False
AUD_1817,Reading,117.0,6,71.05,165,,,,,,High,False
AUD_100,Spontaneous,95.0,14,61.23,107,,,,,,High,False
AUD_4635,Reading,141.0,4,62.59,111,,,,,,Medium,False
AUD_3063,Reading,147.0,3,89.82,125,,,,,,Low,False
AUD_4086,Reading,112.0,2,76.11,54,,,,,,High,False
AUD_1443,Spontaneous,140.0,9,22.61,67,,,,,,Medium,False
AUD_2929,Reading,165.0,4,46.79,161,,,,,,Medium,False
AUD_3536,Spontaneous,103.0,5,71.39,128,,,,,,Medium,False
AUD_4302,Reading,143.0,4,34.95,110,,,,,,High,False
AUD_2206,Spontaneous,103.0,6,54.82,127,,,,,,High,False
AUD_1083,Reading,97.0,5,40.64,197,,,,,,Medium,False
AUD_2981,Reading,148.0,7,45.66,139,,,,,,High,False
AUD_861,Reading,94.0,9,63.99,105,,,,,,Low,False
AUD_2893,Reading,170.0,14,75.5,56,,,,,,High,False
AUD_903,Spontaneous,164.0,11,88.59,167,,,,,,High,False
AUD_2644,Spontaneous,107.0,4,24.93,161,,,,,,High,False
AUD_109,Spontaneous,139.0,5,59.01,126,,,,,,High,False
AUD_3961,Reading,121.0,3,78.08,71,,,,,,Medium,False
AUD_3481,Reading,120.0,10,73.71,129,,,,,,Medium,False
AUD_2899,Reading,161.0,3,86.36,130,,,,,,Medium,False
synth_low_42_00842,0,177.0,10,88.22,196,,,,,,Low,True
synth_low_42_00707,0,156.16,8,77.26,186,,,,,,Low,True
synth_low_42_01520,0,141.0,11,64.13,85,,,,,,Low,True
AUD_3593,Reading,106.0,7,86.78,151,,,,,,High,False
AUD_1831,Spontaneous,147.0,2,75.98,128,,,,,,High,False
AUD_2663,Reading,114.0,14,47.26,123,,,,,,Medium,False
AUD_4936,Spontaneous,93.0,5,36.49,147,,,,,,High,False
AUD_1922,Spontaneous,99.0,2,49.48,62,,,,,,High,False
AUD_2579,Spontaneous,133.0,7,56.34,191,,,,,,Medium,False
AUD_2344,Spontaneous,136.0,14,39.91,56,,,,,,Medium,False
AUD_782,Reading,143.0,14,81.71,94,,,,,,High,False
synth_low_42_01637,0,134.97,3,48.63,180,,,,,,Low,True
AUD_927,Spontaneous,156.0,14,67.21,146,,,,,,High,False
synth_low_42_01668,0,121.0,8,66.48,138,,,,,,Low,True
synth_low_42_01077,0,175.0,11,42.37,58,,,,,,Low,True
synth_low_42_01136,0,146.23,10,55.04,159,,,,,,Low,True
synth_low_42_00852,0,121.0,14,25.53,126,,,,,,Low,True
synth_low_42_00091,0,118.87,13,41.45,168,,,,,,Low,True
AUD_3014,Spontaneous,175.0,12,86.81,168,,,,,,High,False
AUD_1825,Spontaneous,98.0,5,78.7,81,,,,,,Medium,False
synth_low_42_01380,0,150.0,9,25.45,114,,,,,,Low,True
AUD_4527,Spontaneous,98.0,4,85.31,112,,,,,,High,False
AUD_1094,Reading,151.0,11,42.85,196,,,,,,Medium,False
synth_low_42_01216,0,121.0,7,30.46,60,,,,,,Low,True
AUD_1121,Spontaneous,164.0,8,83.87,134,,,,,,Medium,False
AUD_2886,Spontaneous,134.0,9,20.83,91,,,,,,Medium,False
AUD_4561,Reading,92.0,5,86.1,65,,,,,,Medium,False
AUD_4113,Spontaneous,141.0,2,51.62,115,,,,,,Low,False
synth_low_42_00867,0,99.0,5,73.58,182,,,,,,Low,True
AUD_1373,Reading,94.0,3,23.9,156,,,,,,High,False
AUD_809,Reading,129.0,3,27.04,199,,,,,,High,False
AUD_1087,Spontaneous,154.0,3,46.65,78,,,,,,High,False
AUD_3091,Reading,153.0,12,39.43,158,,,,,,High,False
AUD_3058,Reading,152.0,8,60.47,50,,,,,,High,False
AUD_1654,Spontaneous,108.0,11,63.75,161,,,,,,Medium,False
synth_low_42_00566,0,156.0,8,32.57,124,,,,,,Low,True
synth_low_42_00204,0,117.0,10,71.08,80,,,,,,Low,True
AUD_3752,Spontaneous,113.0,8,69.17,73,,,,,,Medium,False
AUD_3560,Reading,170.0,11,80.77,134,,,,,,High,False
AUD_4411,Reading,103.0,9,50.01,131,,,,,,High,False
AUD_2328,Spontaneous,149.0,8,86.0,86,,,,,,Medium,False
AUD_4230,Spontaneous,143.0,13,25.99,98,,,,,,High,False
AUD_3684,Spontaneous,151.0,8,59.07,67,,,,,,Medium,False
AUD_3689,Reading,176.0,12,38.64,75,,,,,,Medium,False
AUD_4367,Reading,145.0,14,39.76,100,,,,,,Medium,False
AUD_1204,Reading,144.0,8,36.05,69,,,,,,Medium,False
AUD_4342,Reading,172.0,5,35.99,101,,,,,,Medium,False
AUD_3053,Reading,164.0,4,70.08,116,,,,,,High,False
synth_low_42_00239,0,94.0,4,53.26,101,,,,,,Low,True
AUD_2208,Spontaneous,92.0,7,22.84,56,,,,,,Low,False
synth_low_42_01759,0,175.0,14,76.29,150,,,,,,Low,True
AUD_1770,Spontaneous,155.0,9,45.72,85,,,,,,High,False
AUD_829,Reading,90.0,5,47.03,77,,,,,,High,False
AUD_4617,Spontaneous,167.0,9,81.91,105,,,,,,Medium,False
AUD_4250,Reading,146.0,14,70.04,91,,,,,,Medium,False
AUD_627,Spontaneous,114.0,7,82.82,178,,,,,,High,False
AUD_3852,Reading,127.0,4,69.65,126,,,,,,High,False
AUD_925,Spontaneous,120.0,5,64.2,198,,,,,,Medium,False
AUD_295,Spontaneous,131.0,11,80.06,55,,,,,,High,False
AUD_1052,Spontaneous,174.0,8,32.39,187,,,,,,Medium,False
AUD_2317,Reading,164.0,3,36.91,69,,,,,,Medium,False
AUD_3307,Spontaneous,126.0,10,46.82,167,,,,,,Medium,False
AUD_2080,Spontaneous,91.0,8,84.74,130,,,,,,Medium,False
AUD_944,Spontaneous,158.0,3,26.55,142,,,,,,Medium,False
synth_low_42_00403,0,134.0,5,24.93,112,,,,,,Low,True
synth_low_42_00797,0,159.0,10,57.88,142,,,,,,Low,True
AUD_12,Reading,103.0,11,63.98,154,,,,,,Medium,False
AUD_1117,Reading,176.0,11,32.25,156,,,,,,High,False
synth_low_42_00981,0,175.0,13,64.51,165,,,,,,Low,True
synth_low_42_00012,0,128.0,7,63.01,135,,,,,,Low,True
synth_low_42_00579,0,90.84,11,84.62,165,,,,,,Low,True
AUD_1319,Reading,145.0,2,46.98,173,,,,,,Medium,False
AUD_3699,Reading,114.0,7,82.12,73,,,,,,Medium,False
synth_low_42_01643,0,161.0,9,46.43,84,,,,,,Low,True
synth_low_42_01213,0,177.0,7,42.48,176,,,,,,Low,True
synth_low_42_00830,0,101.0,11,80.16,56,,,,,,Low,True
synth_low_42_01031,0,101.25,2,86.8,191,,,,,,Low,True
AUD_2948,Spontaneous,111.0,9,23.96,119,,,,,,High,False
AUD_653,Spontaneous,175.0,10,50.73,62,,,,,,Low,False
AUD_4084,Reading,164.0,8,84.0,97,,,,,,Medium,False
AUD_3265,Reading,131.0,13,42.15,58,,,,,,Medium,False
synth_low_42_00151,0,97.0,12,73.58,55,,,,,,Low,True
AUD_3341,Spontaneous,110.0,12,74.18,104,,,,,,Medium,False
AUD_4059,Reading,117.0,14,28.93,177,,,,,,Medium,False
AUD_3441,Reading,126.0,6,53.54,188,,,,,,High,False
AUD_2453,Spontaneous,99.0,10,39.21,168,,,,,,High,False
AUD_4951,Reading,111.0,6,82.08,136,,,,,,Medium,False
synth_low_42_00326,0,128.0,7,88.05,140,,,,,,Low,True
synth_low_42_00676,0,110.28,8,75.02,84,,,,,,Low,True
AUD_4077,Spontaneous,137.0,6,25.61,199,,,,,,Medium,False
AUD_1448,Spontaneous,139.0,9,54.04,118,,,,,,Medium,False
AUD_3039,Reading,111.0,4,24.5,126,,,,,,High,False
AUD_4701,Reading,179.0,4,84.46,64,,,,,,High,False
AUD_1745,Spontaneous,91.0,14,49.72,167,,,,,,Medium,False
AUD_4801,Spontaneous,172.0,8,65.27,134,,,,,,Medium,False
AUD_287,Spontaneous,158.0,9,39.66,152,,,,,,Medium,False
AUD_1738,Reading,97.0,6,70.87,131,,,,,,Medium,False
AUD_4447,Reading,138.0,14,55.26,149,,,,,,Medium,False
synth_low_42_01348,0,159.82,3,85.1,161,,,,,,Low,True
synth_low_42_01749,0,136.0,6,27.91,161,,,,,,Low,True
AUD_3966,Spontaneous,150.0,14,61.26,93,,,,,,High,False
AUD_2627,Reading,109.0,12,26.42,98,,,,,,Medium,False
synth_low_42_00250,0,108.0,9,41.46,110,,,,,,Low,True
AUD_1684,Reading,164.0,11,21.3,167,,,,,,High,False
synth_low_42_01754,0,101.0,7,34.43,194,,,,,,Low,True
AUD_1338,Reading,92.0,10,53.56,104,,,,,,High,False
AUD_2741,Spontaneous,171.0,8,39.77,77,,,,,,Medium,False
synth_low_42_00577,0,127.62,5,25.46,197,,,,,,Low,True
synth_low_42_01554,0,110.0,13,38.35,70,,,,,,Low,True
AUD_3473,Spontaneous,164.0,5,37.36,92,,,,,,High,False
AUD_3720,Reading,162.0,6,57.49,114,,,,,,Medium,False
AUD_4104,Spontaneous,135.0,8,77.71,139,,,,,,Medium,False
AUD_3349,Reading,121.0,10,43.62,170,,,,,,Medium,False
AUD_2882,Reading,173.0,8,39.66,95,,,,,,Medium,False
AUD_4545,Reading,92.0,12,76.31,149,,,,,,Medium,False
AUD_1564,Reading,160.0,10,75.88,144,,,,,,Medium,False
synth_low_42_00186,0,169.59,8,32.49,51,,,,,,Low,True
AUD_3393,Spontaneous,103.0,7,82.03,55,,,,,,Medium,False
AUD_2272,Spontaneous,152.0,6,84.72,145,,,,,,Medium,False
AUD_2778,Reading,114.0,4,47.01,121,,,,,,High,False
AUD_1231,Reading,95.0,6,46.83,116,,,,,,High,False
synth_low_42_00389,0,150.0,10,30.84,160,,,,,,Low,True
AUD_1258,Spontaneous,106.0,11,78.52,112,,,,,,High,False
AUD_1951,Reading,116.0,5,20.48,177,,,,,,High,False
synth_low_42_01314,0,156.0,7,27.44,146,,,,,,Low,True
AUD_113,Reading,152.0,2,74.27,102,,,,,,Medium,False
synth_low_42_00766,0,129.0,14,30.21,165,,,,,,Low,True
synth_low_42_01460,0,176.0,14,55.81,138,,,,,,Low,True
AUD_4398,Spontaneous,168.0,13,60.71,107,,,,,,High,False
AUD_507,Reading,160.0,4,45.69,193,,,,,,High,False
AUD_4615,Reading,168.0,6,46.14,161,,,,,,High,False
synth_low_42_01540,0,94.0,4,57.13,78,,,,,,Low,True
AUD_4241,Reading,179.0,11,21.69,84,,,,,,High,False
AUD_4896,Spontaneous,94.0,8,66.36,159,,,,,,Medium,False
AUD_3164,Reading,145.0,6,54.49,87,,,,,,High,False
AUD_3803,Reading,116.0,7,80.63,185,,,,,,Medium,False
AUD_350,Spontaneous,130.0,10,21.88,148,,,,,,Medium,False
AUD_3893,Reading,90.0,4,60.73,116,,,,,,High,False
AUD_3288,Reading,101.0,12,73.97,144,,,,,,High,False
synth_low_42_00527,0,105.67,4,83.07,197,,,,,,Low,True
AUD_1114,Reading,106.0,7,38.52,82,,,,,,Medium,False
AUD_4787,Reading,173.0,6,37.54,67,,,,,,High,False
AUD_298,Reading,159.0,6,49.51,177,,,,,,High,False
AUD_4246,Spontaneous,121.0,11,78.25,144,,,,,,Medium,False
synth_low_42_01162,0,115.2,13,46.56,151,,,,,,Low,True
AUD_2440,Reading,114.0,14,54.67,154,,,,,,High,False
synth_low_42_00176,0,174.36,11,55.0,127,,,,,,Low,True
synth_low_42_00547,0,128.71,14,79.5,56,,,,,,Low,True
synth_low_42_00961,0,132.0,12,54.62,139,,,,,,Low,True
AUD_229,Spontaneous,102.0,11,47.69,170,,,,,,Medium,False
AUD_3402,Spontaneous,109.0,12,20.63,67,,,,,,Medium,False
AUD_4160,Reading,155.0,12,35.77,53,,,,,,Medium,False
AUD_4705,Spontaneous,161.0,13,75.01,142,,,,,,Low,False
AUD_2997,Spontaneous,177.0,9,23.22,93,,,,,,High,False
synth_low_42_01151,0,94.0,8,68.45,85,,,,,,Low,True
AUD_2103,Reading,115.0,4,57.76,189,,,,,,High,False
synth_low_42_00345,0,144.0,9,61.09,184,,,,,,Low,True
synth_low_42_00548,0,97.0,12,49.22,138,,,,,,Low,True
synth_low_42_00698,0,91.0,9,75.8,194,,,,,,Low,True
AUD_4529,Reading,136.0,9,87.11,88,,,,,,Medium,False
AUD_1614,Spontaneous,97.0,11,43.6,77,,,,,,Medium,False
AUD_607,Reading,104.0,11,73.31,90,,,,,,High,False
AUD_2763,Reading,94.0,12,59.63,180,,,,,,High,False
AUD_1093,Reading,175.0,5,65.45,100,,,,,,Medium,False
synth_low_42_00502,0,118.71,11,48.58,82,,,,,,Low,True
synth_low_42_01677,0,146.31,14,25.3,110,,,,,,Low,True
synth_low_42_01451,0,177.0,11,22.72,73,,,,,,Low,True
AUD_203,Reading,170.0,4,69.98,176,,,,,,High,False
AUD_2654,Spontaneous,161.0,14,43.03,114,,,,,,Medium,False
AUD_3671,Spontaneous,177.0,12,24.99,125,,,,,,High,False
AUD_837,Spontaneous,93.0,7,81.17,133,,,,,,Medium,False
synth_low_42_00708,0,166.0,10,30.65,152,,,,,,Low,True
AUD_1230,Spontaneous,121.0,9,63.27,172,,,,,,Medium,False
synth_low_42_00153,0,130.0,10,53.12,117,,,,,,Low,True
AUD_1609,Spontaneous,133.0,2,74.57,117,,,,,,High,False
AUD_4567,Spontaneous,93.0,11,85.43,54,,,,,,Medium,False
synth_low_42_01376,0,136.0,9,50.7,135,,,,,,Low,True
AUD_3218,Reading,145.0,6,86.73,57,,,,,,Medium,False
synth_low_42_01020,0,155.0,9,82.44,95,,,,,,Low,True
synth_low_42_01286,0,95.0,12,39.62,151,,,,,,Low,True
AUD_2966,Reading,91.0,7,56.53,93,,,,,,High,False
AUD_2306,Reading,104.0,9,59.67,112,,,,,,High,False
synth_low_42_00693,0,177.0,12,36.22,186,,,,,,Low,True
AUD_2263,Spontaneous,165.0,2,47.4,124,,,,,,Medium,False
AUD_4743,Spontaneous,150.0,5,23.67,168,,,,,,Medium,False
AUD_657,Spontaneous,123.0,13,52.99,184,,,,,,High,False
AUD_790,Reading,151.0,7,22.75,137,,,,,,High,False
synth_low_42_00858,0,150.0,11,83.08,137,,,,,,Low,True
AUD_4112,Spontaneous,157.0,11,71.36,150,,,,,,High,False
AUD_1359,Spontaneous,118.0,11,66.29,126,,,,,,Medium,False
AUD_4984,Spontaneous,132.0,14,65.49,120,,,,,,High,False
synth_low_42_00665,0,166.0,10,39.46,178,,,,,,Low,True
AUD_3197,Reading,134.0,8,35.52,196,,,,,,Medium,False
synth_low_42_00155,0,100.37,11,47.6,139,,,,,,Low,True
synth_low_42_00933,0,114.0,2,58.06,188,,,,,,Low,True
synth_low_42_00190,0,109.44,5,82.64,142,,,,,,Low,True
synth_low_42_01180,0,110.38,13,25.43,74,,,,,,Low,True
synth_low_42_00192,0,90.0,10,74.87,180,,,,,,Low,True
AUD_3100,Reading,139.0,9,69.09,58,,,,,,High,False
synth_low_42_00802,0,144.83,12,75.07,70,,,,,,Low,True
AUD_1780,Reading,175.0,6,35.42,164,,,,,,Medium,False
synth_low_42_01224,0,140.13,5,25.97,117,,,,,,Low,True
AUD_803,Spontaneous,112.0,3,42.02,70,,,,,,Low,False
AUD_857,Spontaneous,155.0,6,32.5,165,,,,,,High,False
synth_low_42_00050,0,134.0,13,31.33,104,,,,,,Low,True
AUD_4080,Spontaneous,143.0,12,60.06,124,,,,,,High,False
AUD_4897,Reading,101.0,13,75.46,95,,,,,,Medium,False
AUD_219,Reading,179.0,2,33.03,177,,,,,,Medium,False
AUD_1288,Reading,105.0,14,87.98,71,,,,,,High,False
AUD_582,Reading,102.0,12,46.68,195,,,,,,Medium,False
AUD_43,Spontaneous,149.0,4,52.62,131,,,,,,Medium,False
AUD_1234,Spontaneous,133.0,11,52.05,103,,,,,,High,False
AUD_2465,Spontaneous,159.0,2,49.24,136,,,,,,Medium,False
synth_low_42_01578,0,124.33,14,38.89,70,,,,,,Low,True
AUD_1892,Spontaneous,165.0,2,37.36,170,,,,,,High,False
synth_low_42_00946,0,105.0,3,43.62,140,,,,,,Low,True
AUD_4861,Reading,180.0,11,44.87,181,,,,,,High,False
synth_low_42_00621,0,171.74,10,82.65,117,,,,,,Low,True
AUD_1071,Reading,98.0,14,20.77,112,,,,,,High,False
AUD_718,Spontaneous,95.0,8,81.81,167,,,,,,High,False
AUD_1505,Reading,119.0,9,56.32,96,,,,,,High,False
AUD_670,Reading,131.0,4,32.51,143,,,,,,Medium,False
synth_low_42_00435,0,119.15,10,22.09,189,,,,,,Low,True
synth_low_42_00775,0,179.0,10,34.21,145,,,,,,Low,True
AUD_897,Spontaneous,118.0,12,56.45,53,,,,,,Medium,False
synth_low_42_00469,0,94.0,7,75.55,183,,,,,,Low,True
AUD_3378,Spontaneous,166.0,2,53.98,187,,,,,,High,False
AUD_3805,Reading,162.0,9,75.86,188,,,,,,High,False
synth_low_42_00183,0,176.0,11,73.98,117,,,,,,Low,True
synth_low_42_00425,0,136.77,7,64.37,129,,,,,,Low,True
synth_low_42_01268,0,101.18,4,66.07,82,,,,,,Low,True
synth_low_42_01134,0,179.0,13,64.81,62,,,,,,Low,True
synth_low_42_01346,0,177.0,4,84.99,63,,,,,,Low,True
AUD_4058,Reading,124.0,13,46.33,164,,,,,,High,False
synth_low_42_00180,0,112.0,8,84.93,136,,,,,,Low,True
AUD_1874,Spontaneous,161.0,8,46.01,141,,,,,,High,False
AUD_1769,Reading,170.0,4,36.19,154,,,,,,High,False
AUD_4938,Reading,92.0,8,78.32,95,,,,,,Medium,False
synth_low_42_00571,0,111.0,3,60.96,149,,,,,,Low,True
AUD_1983,Spontaneous,101.0,10,27.32,132,,,,,,High,False
AUD_4304,Reading,155.0,6,82.3,155,,,,,,High,False
AUD_3295,Spontaneous,147.0,3,60.97,57,,,,,,High,False
AUD_2986,Spontaneous,148.0,3,25.32,179,,,,,,Medium,False
AUD_2163,Reading,146.0,5,35.55,144,,,,,,High,False
AUD_731,Spontaneous,92.0,11,45.3,61,,,,,,High,False
AUD_4940,Spontaneous,161.0,14,79.97,80,,,,,,High,False
AUD_2232,Spontaneous,96.0,7,58.63,96,,,,,,Medium,False
synth_low_42_01283,0,119.0,5,65.16,122,,,,,,Low,True
synth_low_42_00510,0,139.0,13,80.46,197,,,,,,Low,True
AUD_1255,Spontaneous,167.0,3,66.51,111,,,,,,Medium,False
AUD_2104,Spontaneous,142.0,9,56.99,99,,,,,,Medium,False
AUD_3882,Reading,140.0,3,40.82,82,,,,,,Medium,False
AUD_3370,Spontaneous,158.0,13,51.69,54,,,,,,High,False
AUD_898,Reading,115.0,9,67.89,196,,,,,,High,False
AUD_428,Reading,157.0,12,67.48,175,,,,,,High,False
synth_low_42_00141,0,151.0,10,53.7,95,,,,,,Low,True
AUD_4006,Reading,120.0,6,32.87,134,,,,,,High,False
synth_low_42_00318,0,96.0,2,77.24,137,,,,,,Low,True
synth_low_42_01148,0,99.0,6,33.65,73,,,,,,Low,True
AUD_1222,Reading,167.0,4,82.12,110,,,,,,High,False
AUD_3912,Spontaneous,162.0,14,55.89,51,,,,,,High,False
AUD_3742,Reading,96.0,11,89.56,197,,,,,,High,False
AUD_3685,Spontaneous,102.0,2,78.98,121,,,,,,High,False
AUD_3196,Reading,108.0,14,64.39,194,,,,,,Low,False
AUD_1096,Reading,95.0,5,48.3,112,,,,,,Low,False
AUD_2072,Spontaneous,100.0,3,40.6,151,,,,,,High,False
synth_low_42_01135,0,136.94,8,75.02,63,,,,,,Low,True
synth_low_42_01559,0,168.0,5,43.48,97,,,,,,Low,True
synth_low_42_00733,0,104.0,11,36.7,137,,,,,,Low,True
AUD_1788,Spontaneous,109.0,4,37.29,197,,,,,,High,False
AUD_4925,Spontaneous,144.0,3,43.18,158,,,,,,Medium,False
synth_low_42_00717,0,119.0,5,74.34,80,,,,,,Low,True
AUD_528,Reading,148.0,6,57.57,53,,,,,,High,False
synth_low_42_01104,0,153.7,11,71.24,99,,,,,,Low,True
AUD_192,Reading,136.0,4,78.86,52,,,,,,High,False
synth_low_42_01530,0,168.0,12,45.04,70,,,,,,Low,True
AUD_1126,Spontaneous,120.0,12,69.53,95,,,,,,Medium,False
synth_low_42_00632,0,120.0,6,65.53,140,,,,,,Low,True
AUD_2771,Reading,149.0,12,63.1,66,,,,,,Medium,False
AUD_2498,Reading,115.0,4,69.37,107,,,,,,High,False
AUD_304,Reading,135.0,11,57.37,135,,,,,,Medium,False
AUD_3285,Spontaneous,179.0,13,40.63,162,,,,,,Medium,False
AUD_1292,Spontaneous,117.0,5,30.76,171,,,,,,Medium,False
AUD_70,Reading,140.0,14,25.62,53,,,,,,High,False
AUD_3745,Spontaneous,124.0,13,23.41,151,,,,,,Medium,False
AUD_4568,Spontaneous,123.0,3,48.74,174,,,,,,High,False
synth_low_42_00834,0,171.0,7,53.35,130,,,,,,Low,True
AUD_831,Reading,150.0,8,81.6,147,,,,,,High,False
synth_low_42_00364,0,176.0,9,45.96,62,,,,,,Low,True
AUD_1456,Reading,113.0,11,43.52,127,,,,,,Low,False
synth_low_42_00282,0,91.05,2,30.57,92,,,,,,Low,True
AUD_238,Reading,103.0,8,39.15,137,,,,,,Medium,False
AUD_92,Spontaneous,177.0,7,23.93,118,,,,,,High,False
AUD_3426,Spontaneous,144.0,3,57.84,135,,,,,,Low,False
AUD_3238,Spontaneous,114.0,9,44.37,148,,,,,,Low,False
synth_low_42_00931,0,128.26,3,50.49,138,,,,,,Low,True
synth_low_42_00007,0,162.45,10,32.85,97,,,,,,Low,True
AUD_2571,Spontaneous,179.0,13,64.62,72,,,,,,Medium,False
synth_low_42_00055,0,94.0,3,39.12,92,,,,,,Low,True
AUD_4262,Reading,122.0,13,42.84,174,,,,,,Medium,False
AUD_1001,Reading,149.0,12,47.37,154,,,,,,High,False
AUD_2996,Reading,158.0,10,54.78,146,,,,,,Low,False
synth_low_42_01515,0,134.0,7,64.04,160,,,,,,Low,True
AUD_3488,Spontaneous,172.0,11,44.12,161,,,,,,High,False
AUD_2586,Reading,137.0,2,26.86,94,,,,,,Medium,False
AUD_2662,Spontaneous,117.0,14,22.88,130,,,,,,Medium,False
AUD_1532,Reading,123.0,10,81.19,65,,,,,,High,False
AUD_4105,Reading,176.0,6,45.37,124,,,,,,High,False
AUD_411,Spontaneous,130.0,9,40.28,115,,,,,,High,False
synth_low_42_00770,0,93.2,10,73.95,104,,,,,,Low,True
synth_low_42_01522,0,102.0,13,22.5,70,,,,,,Low,True
synth_low_42_01274,0,134.0,3,53.2,122,,,,,,Low,True
AUD_4994,Reading,162.0,3,85.54,115,,,,,,High,False
AUD_3425,Spontaneous,107.0,11,81.35,170,,,,,,Medium,False
AUD_3931,Reading,165.0,3,38.64,120,,,,,,Medium,False
synth_low_42_00987,0,97.0,2,50.9,151,,,,,,Low,True
synth_low_42_01196,0,111.0,2,61.06,190,,,,,,Low,True
synth_low_42_00857,0,134.0,5,38.5,92,,,,,,Low,True
synth_low_42_01174,0,152.29,9,40.66,105,,,,,,Low,True
AUD_633,Spontaneous,102.0,11,73.33,53,,,,,,Medium,False
AUD_498,Spontaneous,105.0,2,61.24,116,,,,,,Medium,False
synth_low_42_01768,0,150.88,9,20.13,73,,,,,,Low,True
AUD_637,Spontaneous,117.0,13,29.54,155,,,,,,Medium,False
AUD_720,Reading,127.0,10,26.06,183,,,,,,High,False
AUD_3872,Reading,107.0,6,48.04,138,,,,,,Medium,False
AUD_757,Spontaneous,148.0,6,47.07,150,,,,,,High,False
AUD_2357,Spontaneous,104.0,8,58.98,69,,,,,,High,False
AUD_2445,Spontaneous,136.0,10,52.38,127,,,,,,High,False
AUD_3824,Spontaneous,178.0,7,57.08,169,,,,,,Medium,False
AUD_4860,Reading,142.0,11,59.45,152,,,,,,High,False
synth_low_42_00613,0,100.31,7,80.06,127,,,,,,Low,True
AUD_596,Reading,132.0,11,31.66,155,,,,,,High,False
AUD_2815,Spontaneous,180.0,7,65.87,172,,,,,,Medium,False
AUD_1068,Reading,176.0,7,83.09,74,,,,,,Medium,False
AUD_1942,Spontaneous,94.0,3,24.3,192,,,,,,High,False
AUD_1647,Spontaneous,141.0,9,52.31,114,,,,,,High,False
AUD_2845,Reading,147.0,8,63.76,59,,,,,,High,False
AUD_1700,Reading,138.0,11,65.29,182,,,,,,Medium,False
synth_low_42_00903,0,129.0,10,33.74,156,,,,,,Low,True
synth_low_42_00008,0,152.32,3,73.23,74,,,,,,Low,True
AUD_86,Reading,141.0,11,40.71,189,,,,,,High,False
AUD_2308,Spontaneous,128.0,3,55.95,124,,,,,,Medium,False
AUD_2510,Reading,132.0,4,85.19,150,,,,,,High,False
AUD_2646,Spontaneous,98.0,2,70.19,196,,,,,,Low,False
AUD_1029,Reading,115.0,9,50.49,190,,,,,,High,False
AUD_2836,Reading,137.0,5,33.56,95,,,,,,Medium,False
synth_low_42_00793,0,149.0,5,36.32,85,,,,,,Low,True
AUD_2144,Reading,125.0,3,66.29,51,,,,,,High,False
AUD_4248,Spontaneous,95.0,9,50.42,102,,,,,,Medium,False
AUD_1200,Spontaneous,98.0,7,45.55,99,,,,,,Medium,False
AUD_2025,Reading,109.0,2,27.62,160,,,,,,Medium,False
AUD_621,Spontaneous,134.0,14,41.22,186,,,,,,Medium,False
synth_low_42_01176,0,116.0,11,80.53,90,,,,,,Low,True
AUD_566,Spontaneous,105.0,12,66.89,136,,,,,,Medium,False
AUD_1837,Spontaneous,174.0,11,30.04,92,,,,,,High,False
AUD_1334,Reading,173.0,12,37.9,118,,,,,,High,False
synth_low_42_01147,0,99.0,3,46.59,161,,,,,,Low,True
synth_low_42_01464,0,115.41,8,84.01,185,,,,,,Low,True
AUD_2099,Spontaneous,138.0,4,43.88,153,,,,,,High,False
synth_low_42_00252,0,123.0,13,34.81,196,,,,,,Low,True
AUD_4228,Reading,145.0,11,42.69,61,,,,,,High,False
AUD_4694,Reading,136.0,10,83.9,130,,,,,,Medium,False
AUD_1688,Spontaneous,135.0,11,82.13,157,,,,,,High,False
AUD_745,Reading,146.0,12,89.22,141,,,,,,High,False
synth_low_42_00911,0,90.0,3,36.6,104,,,,,,Low,True
AUD_3660,Spontaneous,172.0,9,27.68,137,,,,,,High,False
AUD_2187,Reading,151.0,7,29.34,141,,,,,,Medium,False
AUD_195,Reading,119.0,6,79.35,185,,,,,,Medium,False
AUD_4633,Spontaneous,123.0,13,39.83,113,,,,,,Medium,False
AUD_2458,Spontaneous,127.0,5,41.34,184,,,,,,Medium,False
AUD_4471,Reading,91.0,6,82.19,114,,,,,,High,False
AUD_802,Spontaneous,162.0,3,75.36,164,,,,,,High,False
AUD_4560,Reading,147.0,2,39.37,104,,,,,,Medium,False
AUD_2350,Reading,124.0,9,58.23,123,,,,,,High,False
synth_low_42_00224,0,123.18,10,74.01,125,,,,,,Low,True
AUD_2068,Reading,172.0,14,48.63,78,,,,,,High,False
synth_low_42_01683,0,151.1,8,82.22,89,,,,,,Low,True
AUD_644,Reading,156.0,6,49.13,142,,,,,,Low,False
synth_low_42_01004,0,165.63,2,49.51,86,,,,,,Low,True
synth_low_42_00090,0,110.45,5,22.9,138,,,,,,Low,True
synth_low_42_00165,0,141.0,7,49.14,101,,,,,,Low,True
AUD_4714,Reading,160.0,4,70.52,127,,,,,,High,False
AUD_120,Spontaneous,147.0,9,40.65,115,,,,,,Medium,False
AUD_1777,Reading,139.0,3,28.74,55,,,,,,Medium,False
AUD_3194,Reading,93.0,10,79.27,197,,,,,,Medium,False
synth_low_42_00459,0,134.0,12,54.91,70,,,,,,Low,True
AUD_2135,Reading,130.0,14,46.0,128,,,,,,High,False
AUD_4462,Reading,125.0,10,70.33,189,,,,,,Medium,False
synth_low_42_00077,0,151.54,7,73.77,104,,,,,,Low,True
AUD_134,Reading,112.0,2,25.2,154,,,,,,High,False
synth_low_42_00998,0,130.0,9,45.38,164,,,,,,Low,True
synth_low_42_00454,0,151.0,9,66.23,92,,,,,,Low,True
AUD_2873,Spontaneous,125.0,13,28.43,126,,,,,,Low,False
AUD_62,Reading,124.0,8,37.57,111,,,,,,High,False
AUD_4427,Spontaneous,131.0,7,67.99,89,,,,,,Medium,False
synth_low_42_00913,0,175.48,7,20.93,196,,,,,,Low,True
synth_low_42_00846,0,130.0,2,50.88,185,,,,,,Low,True
AUD_3123,Reading,125.0,5,26.42,78,,,,,,High,False
AUD_679,Reading,159.0,8,81.19,190,,,,,,Medium,False
AUD_3477,Spontaneous,164.0,8,45.21,160,,,,,,High,False
AUD_741,Reading,142.0,4,52.48,155,,,,,,High,False
AUD_1211,Spontaneous,94.0,14,82.34,97,,,,,,High,False
AUD_2170,Spontaneous,129.0,6,39.5,131,,,,,,High,False
AUD_4903,Spontaneous,94.0,11,86.98,103,,,,,,High,False
synth_low_42_01632,0,136.0,10,31.38,126,,,,,,Low,True
AUD_567,Spontaneous,120.0,13,48.53,173,,,,,,Medium,False
AUD_1873,Spontaneous,96.0,4,38.51,188,,,,,,Medium,False
synth_low_42_00162,0,147.22,5,56.77,148,,,,,,Low,True
AUD_1717,Spontaneous,94.0,14,56.61,135,,,,,,High,False
AUD_1392,Spontaneous,119.0,9,69.72,113,,,,,,High,False
synth_low_42_00100,0,124.87,6,56.29,172,,,,,,Low,True
AUD_2619,Spontaneous,178.0,11,42.77,165,,,,,,High,False
AUD_489,Spontaneous,165.0,6,58.83,74,,,,,,High,False
synth_low_42_00160,0,169.63,7,42.05,131,,,,,,Low,True
AUD_690,Spontaneous,121.0,10,39.39,61,,,,,,Medium,False
AUD_3483,Spontaneous,159.0,4,86.11,92,,,,,,High,False
AUD_602,Spontaneous,136.0,10,62.49,189,,,,,,High,False
AUD_1911,Reading,163.0,3,75.42,168,,,,,,High,False
AUD_3979,Spontaneous,133.0,14,20.76,199,,,,,,Medium,False
synth_low_42_01624,0,153.0,8,38.69,198,,,,,,Low,True
AUD_4808,Spontaneous,116.0,4,20.91,73,,,,,,Medium,False
AUD_2549,Spontaneous,110.0,12,20.97,72,,,,,,Medium,False
AUD_2366,Reading,97.0,10,88.2,72,,,,,,Medium,False
AUD_1187,Reading,144.0,2,67.43,123,,,,,,High,False
AUD_274,Spontaneous,174.0,11,50.83,194,,,,,,Medium,False
synth_low_42_00661,0,175.31,11,74.38,110,,,,,,Low,True
AUD_1361,Spontaneous,104.0,12,89.46,139,,,,,,Medium,False
AUD_3767,Spontaneous,131.0,7,46.88,129,,,,,,High,False
AUD_1526,Reading,161.0,6,48.66,175,,,,,,High,False
AUD_3077,Reading,115.0,14,29.91,197,,,,,,High,False
synth_low_42_00477,0,101.0,11,56.89,138,,,,,,Low,True
AUD_3887,Reading,142.0,4,76.07,141,,,,,,High,False
AUD_2984,Spontaneous,150.0,2,37.3,123,,,,,,High,False
AUD_4205,Reading,111.0,11,39.25,51,,,,,,High,False
synth_low_42_01387,0,147.0,13,47.5,106,,,,,,Low,True
AUD_3886,Spontaneous,129.0,9,76.51,128,,,,,,High,False
AUD_945,Reading,154.0,10,39.3,135,,,,,,High,False
synth_low_42_00344,0,121.07,11,45.59,129,,,,,,Low,True
AUD_2250,Spontaneous,154.0,11,26.31,102,,,,,,High,False
AUD_3995,Reading,138.0,8,46.26,91,,,,,,Medium,False
AUD_3226,Spontaneous,153.0,14,32.17,114,,,,,,Medium,False
AUD_2825,Spontaneous,119.0,13,37.7,70,,,,,,Medium,False
AUD_2346,Reading,111.0,5,60.23,155,,,,,,High,False
AUD_68,Spontaneous,135.0,7,28.33,163,,,,,,Medium,False
synth_low_42_00952,0,109.0,4,64.22,62,,,,,,Low,True
AUD_4824,Reading,138.0,8,43.75,148,,,,,,Medium,False
AUD_1598,Reading,111.0,10,23.56,63,,,,,,Medium,False
AUD_3074,Reading,145.0,12,86.4,132,,,,,,High,False
AUD_3862,Spontaneous,125.0,5,75.64,80,,,,,,Medium,False
AUD_4401,Reading,100.0,10,30.85,180,,,,,,High,False
AUD_1503,Reading,165.0,11,69.14,68,,,,,,Medium,False
synth_low_42_00380,0,121.0,5,45.51,121,,,,,,Low,True
AUD_150,Spontaneous,119.0,8,85.56,55,,,,,,Medium,False
AUD_2638,Reading,174.0,5,20.39,97,,,,,,Medium,False
AUD_2086,Reading,126.0,2,23.06,176,,,,,,High,False
synth_low_42_01190,0,177.0,2,79.74,66,,,,,,Low,True
AUD_2259,Spontaneous,112.0,4,43.4,135,,,,,,Medium,False
AUD_4674,Spontaneous,176.0,3,80.98,169,,,,,,Medium,False
AUD_2789,Reading,159.0,9,85.1,94,,,,,,High,False
synth_low_42_00238,0,92.32,8,60.49,101,,,,,,Low,True
AUD_4645,Reading,110.0,11,59.91,108,,,,,,Medium,False
AUD_859,Reading,135.0,3,47.09,195,,,,,,High,False
synth_low_42_01006,0,95.56,13,42.57,98,,,,,,Low,True
AUD_4961,Reading,121.0,10,22.53,175,,,,,,Medium,False
AUD_4025,Spontaneous,169.0,5,53.0,189,,,,,,High,False
AUD_3509,Spontaneous,151.0,5,76.78,130,,,,,,High,False
AUD_366,Reading,160.0,12,26.97,102,,,,,,High,False
AUD_1432,Reading,170.0,3,36.85,108,,,,,,High,False
synth_low_42_01306,0,129.0,12,60.88,141,,,,,,Low,True
AUD_1779,Spontaneous,92.0,12,45.31,72,,,,,,High,False
AUD_4885,Reading,162.0,6,75.5,78,,,,,,High,False
AUD_3027,Spontaneous,106.0,13,60.6,122,,,,,,High,False
AUD_1818,Spontaneous,139.0,8,36.3,96,,,,,,Medium,False
synth_low_42_01123,0,106.04,10,77.73,67,,,,,,Low,True
AUD_841,Spontaneous,176.0,7,68.47,84,,,,,,Medium,False
AUD_1189,Reading,160.0,7,53.2,111,,,,,,Medium,False
AUD_175,Reading,115.0,4,23.82,161,,,,,,Medium,False
AUD_4352,Reading,106.0,8,47.74,125,,,,,,High,False
AUD_617,Reading,113.0,10,35.69,177,,,,,,High,False
AUD_2093,Reading,106.0,2,65.17,143,,,,,,High,False
AUD_2746,Spontaneous,110.0,7,89.37,74,,,,,,High,False
AUD_3793,Reading,126.0,3,80.87,115,,,,,,High,False
AUD_3450,Spontaneous,136.0,5,24.66,101,,,,,,Medium,False
AUD_1030,Spontaneous,107.0,11,87.62,182,,,,,,High,False
AUD_2934,Spontaneous,91.0,12,58.78,174,,,,,,High,False
AUD_300,Reading,167.0,2,83.08,97,,,,,,Low,False
AUD_1472,Spontaneous,150.0,10,54.84,167,,,,,,Medium,False
AUD_283,Reading,109.0,12,32.69,137,,,,,,High,False
AUD_2028,Spontaneous,179.0,6,80.18,58,,,,,,High,False
synth_low_42_01036,0,171.0,9,20.78,99,,,,,,Low,True
synth_low_42_00360,0,124.44,13,20.13,129,,,,,,Low,True
synth_low_42_00388,0,111.0,9,31.1,69,,,,,,Low,True
AUD_1813,Spontaneous,173.0,3,71.5,184,,,,,,Medium,False
AUD_1271,Spontaneous,169.0,6,89.57,81,,,,,,Medium,False
AUD_2522,Reading,161.0,5,50.97,116,,,,,,Medium,False
AUD_3795,Reading,168.0,14,52.41,124,,,,,,High,False
AUD_3386,Spontaneous,127.0,2,80.98,172,,,,,,Medium,False
AUD_2313,Spontaneous,155.0,9,86.27,148,,,,,,High,False
AUD_2008,Spontaneous,135.0,3,55.73,172,,,,,,Medium,False
AUD_4765,Reading,146.0,3,65.26,192,,,,,,High,False
AUD_3034,Spontaneous,149.0,11,55.17,64,,,,,,High,False
synth_low_42_01188,0,144.54,2,77.25,115,,,,,,Low,True
synth_low_42_00901,0,176.89,14,83.97,123,,,,,,Low,True
synth_low_42_00470,0,128.0,5,36.7,92,,,,,,Low,True
AUD_99,Reading,179.0,5,36.91,149,,,,,,Medium,False
AUD_3820,Spontaneous,170.0,14,89.92,57,,,,,,High,False
AUD_744,Reading,162.0,2,51.14,145,,,,,,High,False
synth_low_42_01284,0,122.31,2,74.99,104,,,,,,Low,True
AUD_480,Reading,123.0,13,45.8,136,,,,,,High,False
AUD_4487,Spontaneous,179.0,6,86.72,171,,,,,,High,False
synth_low_42_01601,0,166.0,12,73.87,138,,,,,,Low,True
AUD_4791,Reading,134.0,9,34.72,98,,,,,,High,False
AUD_1157,Reading,92.0,13,43.06,144,,,,,,Medium,False
AUD_1437,Spontaneous,91.0,4,89.93,104,,,,,,High,False
AUD_2414,Spontaneous,113.0,4,89.91,185,,,,,,High,False
AUD_4402,Reading,140.0,2,63.71,184,,,,,,High,False
AUD_402,Reading,150.0,2,66.85,147,,,,,,Medium,False
AUD_2195,Reading,171.0,2,73.07,186,,,,,,Medium,False
AUD_949,Spontaneous,112.0,8,25.6,158,,,,,,Medium,False
AUD_2067,Reading,127.0,12,79.96,151,,,,,,High,False
synth_low_42_00604,0,96.0,3,47.62,80,,,,,,Low,True
AUD_4747,Spontaneous,95.0,9,73.25,103,,,,,,High,False
AUD_668,Spontaneous,145.0,9,25.27,184,,,,,,Medium,False
AUD_218,Spontaneous,149.0,8,82.53,117,,,,,,Low,False
AUD_1962,Reading,95.0,3,33.16,198,,,,,,High,False
AUD_2794,Reading,151.0,9,35.6,197,,,,,,Medium,False
synth_low_42_01246,0,121.0,7,29.74,104,,,,,,Low,True
AUD_2213,Reading,168.0,8,55.93,197,,,,,,Medium,False
AUD_3779,Reading,98.0,14,65.66,178,,,,,,High,False
AUD_2609,Reading,144.0,7,76.93,161,,,,,,High,False
synth_low_42_00918,0,96.04,11,39.89,158,,,,,,Low,True
synth_low_42_00220,0,105.0,5,85.69,172,,,,,,Low,True
AUD_2145,Spontaneous,151.0,4,79.31,178,,,,,,Medium,False
AUD_777,Spontaneous,100.0,13,84.33,93,,,,,,High,False
synth_low_42_00300,0,113.0,12,47.41,85,,,,,,Low,True
AUD_3639,Reading,171.0,14,26.72,63,,,,,,Medium,False
AUD_4852,Spontaneous,140.0,10,32.93,140,,,,,,Medium,False
AUD_4110,Spontaneous,135.0,7,70.21,122,,,,,,Medium,False
AUD_1491,Reading,125.0,12,42.68,62,,,,,,Medium,False
synth_low_42_00785,0,173.84,7,50.7,122,,,,,,Low,True
AUD_3492,Reading,120.0,12,67.11,181,,,,,,High,False
AUD_2588,Spontaneous,167.0,12,77.2,193,,,,,,High,False
synth_low_42_00084,0,95.0,9,42.5,115,,,,,,Low,True
AUD_3722,Reading,142.0,9,82.71,129,,,,,,Medium,False
AUD_517,Spontaneous,96.0,2,35.76,126,,,,,,High,False
AUD_2827,Spontaneous,154.0,5,71.95,102,,,,,,Medium,False
AUD_3968,Reading,91.0,3,28.8,114,,,,,,High,False
synth_low_42_00400,0,166.0,5,47.39,92,,,,,,Low,True
AUD_4650,Reading,168.0,13,87.66,103,,,,,,Medium,False
synth_low_42_01619,0,138.0,4,74.09,198,,,,,,Low,True
AUD_3105,Spontaneous,164.0,12,53.06,133,,,,,,High,False
synth_low_42_00889,0,152.0,8,57.86,194,,,,,,Low,True
AUD_568,Reading,114.0,2,30.94,95,,,,,,Medium,False
AUD_360,Reading,98.0,3,35.16,136,,,,,,High,False
synth_low_42_00738,0,94.0,14,64.88,172,,,,,,Low,True
AUD_3296,Reading,169.0,8,38.84,185,,,,,,High,False
AUD_4267,Reading,155.0,9,82.86,56,,,,,,Medium,False
AUD_759,Spontaneous,90.0,12,53.59,109,,,,,,Medium,False
synth_low_42_01008,0,175.0,12,44.62,99,,,,,,Low,True
synth_low_42_01384,0,120.0,11,33.53,85,,,,,,Low,True
synth_low_42_00516,0,128.0,11,75.5,58,,,,,,Low,True
synth_low_42_00457,0,174.0,5,20.51,143,,,,,,Low,True
AUD_214,Spontaneous,161.0,8,66.25,123,,,,,,High,False
AUD_2722,Reading,104.0,14,30.26,61,,,,,,High,False
AUD_3921,Spontaneous,122.0,14,54.24,148,,,,,,High,False
AUD_2963,Reading,119.0,11,36.51,126,,,,,,Medium,False
synth_low_42_00617,0,132.0,12,85.91,136,,,,,,Low,True
AUD_3554,Spontaneous,178.0,3,64.97,138,,,,,,Medium,False
AUD_3914,Spontaneous,153.0,13,49.0,101,,,,,,Medium,False
AUD_2244,Spontaneous,151.0,9,86.92,193,,,,,,High,False
AUD_725,Reading,161.0,7,34.78,199,,,,,,High,False
synth_low_42_01243,0,90.51,8,23.89,137,,,,,,Low,True
AUD_49,Spontaneous,143.0,7,87.51,65,,,,,,High,False
synth_low_42_00321,0,106.22,8,74.88,179,,,,,,Low,True
AUD_887,Spontaneous,102.0,12,40.64,158,,,,,,High,False
synth_low_42_00943,0,113.0,7,82.42,143,,,,,,Low,True
synth_low_42_00087,0,153.48,9,44.43,185,,,,,,Low,True
AUD_516,Spontaneous,131.0,2,53.69,56,,,,,,High,False
AUD_3279,Reading,178.0,11,37.42,120,,,,,,Medium,False
AUD_139,Reading,132.0,9,28.81,69,,,,,,High,False
AUD_2818,Spontaneous,163.0,11,82.07,197,,,,,,High,False
AUD_4091,Spontaneous,145.0,13,26.27,69,,,,,,Medium,False
AUD_3151,Reading,124.0,13,58.87,114,,,,,,Medium,False
AUD_3248,Reading,124.0,4,57.53,194,,,,,,Medium,False
AUD_463,Spontaneous,132.0,12,81.42,154,,,,,,Medium,False
synth_low_42_00960,0,157.03,5,29.1,114,,,,,,Low,True
synth_low_42_00054,0,172.0,12,73.48,125,,,,,,Low,True
AUD_594,Reading,161.0,2,73.64,140,,,,,,Medium,False
AUD_450,Spontaneous,105.0,5,56.98,70,,,,,,Low,False
AUD_3497,Reading,172.0,12,41.32,80,,,,,,High,False
AUD_3534,Spontaneous,118.0,2,71.07,160,,,,,,Medium,False
AUD_4722,Reading,115.0,9,84.11,170,,,,,,Medium,False
AUD_312,Reading,94.0,6,43.98,74,,,,,,Medium,False
AUD_2860,Reading,153.0,11,89.71,175,,,,,,High,False
AUD_4096,Spontaneous,176.0,5,23.57,143,,,,,,High,False
synth_low_42_00069,0,133.77,5,75.02,161,,,,,,Low,True
AUD_451,Reading,100.0,9,63.12,96,,,,,,High,False
synth_low_42_00488,0,139.0,8,82.49,197,,,,,,Low,True
AUD_890,Spontaneous,97.0,8,40.49,174,,,,,,High,False
AUD_4457,Spontaneous,126.0,2,49.75,94,,,,,,High,False
AUD_1506,Spontaneous,151.0,2,78.82,138,,,,,,High,False
AUD_2876,Spontaneous,127.0,2,57.91,183,,,,,,High,False
synth_low_42_01355,0,121.0,12,23.85,96,,,,,,Low,True
AUD_999,Spontaneous,96.0,13,24.54,76,,,,,,Medium,False
AUD_389,Reading,135.0,11,43.71,169,,,,,,High,False
AUD_2330,Spontaneous,132.0,6,55.0,92,,,,,,Low,False
AUD_1476,Spontaneous,139.0,4,22.45,180,,,,,,Medium,False
AUD_2240,Reading,119.0,3,28.82,51,,,,,,High,False
synth_low_42_01106,0,168.0,12,81.44,161,,,,,,Low,True
synth_low_42_01114,0,138.0,10,43.47,91,,,,,,Low,True
synth_low_42_00670,0,117.0,10,62.42,146,,,,,,Low,True
synth_low_42_01154,0,138.57,12,73.61,184,,,,,,Low,True
AUD_1923,Spontaneous,142.0,13,57.4,158,,,,,,Medium,False
AUD_758,Reading,143.0,11,59.97,169,,,,,,Medium,False
synth_low_42_01033,0,136.0,14,49.47,125,,,,,,Low,True
synth_low_42_00945,0,172.33,13,24.46,129,,,,,,Low,True
AUD_1293,Spontaneous,164.0,7,26.64,103,,,,,,High,False
synth_low_42_01182,0,157.19,8,73.85,164,,,,,,Low,True
synth_low_42_00686,0,142.31,9,32.47,80,,,,,,Low,True
synth_low_42_01207,0,167.68,9,35.38,195,,,,,,Low,True
AUD_1907,Spontaneous,178.0,12,79.65,175,,,,,,Medium,False
synth_low_42_00926,0,166.0,14,69.45,67,,,,,,Low,True
AUD_4710,Spontaneous,128.0,5,69.94,77,,,,,,High,False
AUD_368,Spontaneous,163.0,13,79.45,194,,,,,,High,False
AUD_1937,Reading,122.0,10,40.62,109,,,,,,High,False
AUD_1151,Reading,174.0,3,40.1,185,,,,,,High,False
AUD_4303,Reading,125.0,9,83.63,171,,,,,,Medium,False
AUD_3204,Spontaneous,136.0,10,85.42,69,,,,,,Medium,False
synth_low_42_01686,0,124.23,5,30.95,116,,,,,,Low,True
AUD_191,Reading,163.0,7,25.93,118,,,,,,Medium,False
AUD_4315,Reading,100.0,5,80.17,198,,,,,,Medium,False
AUD_3396,Reading,109.0,8,31.02,138,,,,,,High,False
AUD_174,Spontaneous,138.0,6,60.82,158,,,,,,Medium,False
AUD_4088,Reading,130.0,2,72.14,66,,,,,,High,False
AUD_1099,Spontaneous,151.0,10,56.94,175,,,,,,Medium,False
AUD_4498,Reading,170.0,5,37.57,141,,,,,,High,False
AUD_2718,Spontaneous,91.0,4,33.54,124,,,,,,Medium,False
AUD_2292,Reading,125.0,5,29.97,194,,,,,,Medium,False
synth_low_42_00916,0,179.0,14,50.83,135,,,,,,Low,True
synth_low_42_01612,0,114.0,5,31.92,85,,,,,,Low,True
AUD_3658,Spontaneous,95.0,10,75.77,51,,,,,,High,False
AUD_3312,Reading,117.0,6,25.5,137,,,,,,High,False
AUD_1164,Reading,135.0,6,34.2,125,,,,,,High,False
synth_low_42_01746,0,140.0,11,24.52,114,,,,,,Low,True
synth_low_42_01335,0,146.27,9,34.78,89,,,,,,Low,True
synth_low_42_01620,0,139.0,2,51.58,70,,,,,,Low,True
synth_low_42_00061,0,163.14,2,65.27,95,,,,,,Low,True
synth_low_42_00997,0,105.0,13,75.78,126,,,,,,Low,True
AUD_1661,Spontaneous,156.0,6,39.79,173,,,,,,High,False
AUD_508,Reading,105.0,4,80.14,107,,,,,,High,False
AUD_166,Reading,163.0,12,74.98,64,,,,,,Low,False
AUD_3007,Reading,96.0,5,72.77,89,,,,,,Medium,False
AUD_4666,Spontaneous,101.0,13,23.53,152,,,,,,Medium,False
synth_low_42_01050,0,150.0,9,75.94,110,,,,,,Low,True
AUD_4576,Spontaneous,177.0,8,48.35,102,,,,,,Medium,False
AUD_103,Reading,125.0,10,62.53,81,,,,,,High,False
AUD_3707,Spontaneous,150.0,11,65.27,106,,,,,,High,False
AUD_4912,Reading,150.0,13,22.51,175,,,,,,Medium,False
AUD_2922,Reading,104.0,7,35.64,189,,,,,,High,False
AUD_3523,Spontaneous,121.0,8,23.7,52,,,,,,High,False
synth_low_42_00762,0,126.0,13,53.0,120,,,,,,Low,True
AUD_1752,Spontaneous,175.0,13,28.04,167,,,,,,High,False
synth_low_42_01509,0,112.0,6,25.31,140,,,,,,Low,True
AUD_3519,Spontaneous,123.0,11,36.26,172,,,,,,Low,False
AUD_1658,Spontaneous,144.0,12,20.95,151,,,,,,Medium,False
AUD_152,Spontaneous,145.0,8,57.23,91,,,,,,High,False
AUD_4141,Spontaneous,149.0,9,24.74,189,,,,,,Medium,False
AUD_2483,Spontaneous,130.0,10,87.47,99,,,,,,Medium,False
AUD_1583,Reading,158.0,6,30.16,155,,,,,,High,False
AUD_2552,Reading,101.0,12,36.13,127,,,,,,High,False
AUD_3290,Reading,118.0,3,38.13,188,,,,,,High,False
AUD_3326,Spontaneous,156.0,13,55.29,131,,,,,,Medium,False
AUD_4989,Spontaneous,160.0,2,69.08,123,,,,,,Medium,False
synth_low_42_01656,0,118.07,3,31.48,186,,,,,,Low,True
AUD_2209,Reading,158.0,14,41.85,189,,,,,,Medium,False
synth_low_42_00302,0,117.0,10,81.92,155,,,,,,Low,True
synth_low_42_00178,0,166.0,14,38.43,197,,,,,,Low,True
AUD_1822,Reading,112.0,13,49.0,79,,,,,,Medium,False
synth_low_42_00242,0,166.0,9,73.61,133,,,,,,Low,True
synth_low_42_00143,0,94.0,12,50.72,128,,,,,,Low,True
AUD_309,Spontaneous,132.0,9,70.98,74,,,,,,High,False
AUD_212,Spontaneous,128.0,3,83.1,181,,,,,,High,False
synth_low_42_00174,0,125.38,2,66.47,160,,,,,,Low,True
synth_low_42_00659,0,139.0,10,39.07,66,,,,,,Low,True
AUD_3340,Reading,180.0,10,34.41,108,,,,,,High,False
AUD_495,Reading,105.0,13,50.08,96,,,,,,Medium,False
AUD_205,Spontaneous,141.0,4,31.31,101,,,,,,High,False
AUD_1434,Spontaneous,100.0,5,70.86,69,,,,,,High,False
AUD_1135,Reading,170.0,6,20.11,110,,,,,,High,False
AUD_2584,Spontaneous,95.0,3,88.33,78,,,,,,Medium,False
AUD_868,Reading,141.0,8,60.56,133,,,,,,High,False
AUD_305,Spontaneous,94.0,11,72.5,172,,,,,,Medium,False
AUD_1849,Reading,137.0,7,58.27,104,,,,,,High,False
synth_low_42_00687,0,107.21,4,22.63,63,,,,,,Low,True
AUD_1988,Reading,146.0,4,89.05,176,,,,,,Medium,False
AUD_3563,Spontaneous,140.0,14,24.06,50,,,,,,Medium,False
AUD_1534,Spontaneous,138.0,14,56.73,82,,,,,,Low,False
AUD_843,Spontaneous,106.0,11,62.83,149,,,,,,High,False
AUD_1987,Spontaneous,140.0,12,39.64,100,,,,,,Medium,False
AUD_3846,Spontaneous,119.0,4,56.72,127,,,,,,Medium,False
AUD_4559,Reading,167.0,14,33.53,127,,,,,,Medium,False
AUD_3298,Spontaneous,159.0,3,40.28,192,,,,,,High,False
AUD_383,Spontaneous,109.0,10,33.64,127,,,,,,High,False
AUD_1538,Spontaneous,123.0,4,44.65,93,,,,,,Medium,False
AUD_211,Spontaneous,165.0,9,38.89,118,,,,,,Medium,False
AUD_1957,Spontaneous,144.0,9,63.38,73,,,,,,High,False
AUD_4734,Reading,91.0,13,65.58,73,,,,,,High,False
synth_low_42_00214,0,119.0,14,43.4,56,,,,,,Low,True
AUD_3166,Spontaneous,151.0,14,26.77,86,,,,,,Medium,False
AUD_3515,Reading,97.0,7,73.3,80,,,,,,Medium,False
AUD_1349,Spontaneous,132.0,7,27.5,157,,,,,,Medium,False
AUD_4247,Reading,159.0,6,52.38,107,,,,,,High,False
synth_low_42_00266,0,147.0,7,75.74,122,,,,,,Low,True
synth_low_42_00199,0,90.0,5,66.45,70,,,,,,Low,True
AUD_680,Reading,158.0,6,28.0,73,,,,,,Medium,False
AUD_180,Reading,139.0,10,60.53,179,,,,,,Medium,False
synth_low_42_01469,0,141.1,9,29.63,68,,,,,,Low,True
AUD_2885,Spontaneous,123.0,4,70.89,83,,,,,,High,False
synth_low_42_01275,0,149.63,8,67.23,126,,,,,,Low,True
AUD_278,Reading,121.0,2,75.93,133,,,,,,Medium,False
AUD_4173,Spontaneous,95.0,12,40.61,117,,,,,,Medium,False
AUD_3116,Spontaneous,159.0,13,80.67,173,,,,,,Medium,False
AUD_2480,Reading,165.0,13,23.22,111,,,,,,High,False
AUD_289,Reading,108.0,10,58.65,82,,,,,,Medium,False
AUD_4216,Reading,108.0,2,34.48,75,,,,,,High,False
synth_low_42_00102,0,157.2,5,65.4,71,,,,,,Low,True
AUD_993,Reading,131.0,8,25.18,69,,,,,,High,False
AUD_2236,Spontaneous,169.0,4,50.83,84,,,,,,High,False
AUD_3505,Reading,118.0,6,56.34,125,,,,,,High,False
AUD_3984,Reading,108.0,2,82.37,127,,,,,,High,False
synth_low_42_00243,0,142.03,8,50.78,154,,,,,,Low,True
synth_low_42_00446,0,152.33,5,50.76,68,,,,,,Low,True
AUD_2835,Reading,97.0,9,42.44,83,,,,,,Medium,False
AUD_270,Spontaneous,115.0,8,68.48,187,,,,,,Medium,False
synth_low_42_01179,0,148.22,13,69.45,190,,,,,,Low,True
synth_low_42_00555,0,164.19,12,40.87,90,,,,,,Low,True
AUD_3006,Reading,150.0,10,79.91,129,,,,,,Medium,False
synth_low_42_01500,0,120.53,5,30.47,190,,,,,,Low,True
AUD_111,Reading,124.0,8,82.9,71,,,,,,Medium,False
AUD_1391,Reading,153.0,3,39.42,93,,,,,,Medium,False
AUD_2600,Reading,175.0,6,37.71,131,,,,,,Medium,False
AUD_220,Spontaneous,108.0,2,28.71,75,,,,,,High,False
AUD_4053,Reading,96.0,11,25.64,92,,,,,,Medium,False
AUD_4127,Reading,119.0,13,57.39,69,,,,,,Medium,False
AUD_83,Spontaneous,170.0,2,49.83,118,,,,,,High,False
AUD_873,Reading,162.0,9,67.87,55,,,,,,Medium,False
AUD_4236,Reading,135.0,11,87.58,109,,,,,,Medium,False
AUD_461,Reading,139.0,2,88.87,77,,,,,,Medium,False
synth_low_42_00970,0,117.0,2,60.89,85,,,,,,Low,True
AUD_551,Reading,141.0,7,77.67,108,,,,,,High,False
AUD_2864,Reading,158.0,2,53.66,131,,,,,,Medium,False
AUD_2374,Reading,146.0,9,73.29,131,,,,,,Medium,False
synth_low_42_01159,0,95.0,13,77.24,95,,,,,,Low,True
AUD_2246,Reading,167.0,7,27.03,103,,,,,,High,False
synth_low_42_01395,0,125.92,2,21.84,82,,,,,,Low,True
AUD_3589,Reading,95.0,12,40.73,199,,,,,,Medium,False
AUD_2450,Reading,96.0,11,33.1,141,,,,,,Medium,False
AUD_2329,Spontaneous,158.0,10,51.68,81,,,,,,Medium,False
synth_low_42_00700,0,149.0,8,35.22,91,,,,,,Low,True
AUD_2146,Reading,135.0,14,74.97,62,,,,,,Medium,False
synth_low_42_01492,0,150.0,3,30.25,95,,,,,,Low,True
AUD_3383,Reading,140.0,14,64.55,107,,,,,,High,False
AUD_650,Spontaneous,135.0,2,44.93,197,,,,,,High,False
AUD_708,Reading,165.0,12,38.58,76,,,,,,High,False
synth_low_42_00809,0,99.0,7,20.13,151,,,,,,Low,True
AUD_4224,Spontaneous,113.0,2,67.21,87,,,,,,High,False
AUD_3133,Spontaneous,143.0,13,45.12,90,,,,,,High,False
AUD_3047,Reading,180.0,6,40.71,171,,,,,,Medium,False
AUD_4553,Spontaneous,97.0,2,55.43,136,,,,,,Medium,False
AUD_1424,Reading,136.0,5,55.75,135,,,,,,High,False
AUD_1216,Spontaneous,122.0,5,32.03,89,,,,,,High,False
synth_low_42_00187,0,171.0,2,84.75,137,,,,,,Low,True
AUD_1924,Spontaneous,145.0,2,69.23,163,,,,,,High,False
synth_low_42_00333,0,129.0,12,51.57,196,,,,,,Low,True
AUD_3484,Spontaneous,120.0,11,47.54,98,,,,,,Medium,False
AUD_314,Spontaneous,105.0,9,76.53,71,,,,,,Medium,False
AUD_3543,Spontaneous,141.0,8,89.59,172,,,,,,Medium,False
AUD_1427,Spontaneous,152.0,5,63.85,51,,,,,,High,False
AUD_3438,Reading,150.0,7,67.71,74,,,,,,High,False
synth_low_42_00404,0,106.99,10,60.08,52,,,,,,Low,True
AUD_3666,Reading,102.0,11,70.9,74,,,,,,High,False
synth_low_42_01602,0,128.0,5,34.97,62,,,,,,Low,True
synth_low_42_00627,0,150.0,13,66.36,52,,,,,,Low,True
AUD_1105,Reading,115.0,13,48.43,93,,,,,,High,False
synth_low_42_00434,0,97.0,11,35.14,172,,,,,,Low,True
AUD_4166,Reading,101.0,5,31.33,161,,,,,,High,False
synth_low_42_01796,0,99.66,5,48.92,176,,,,,,Low,True
synth_low_42_00810,0,102.0,7,28.17,177,,,,,,Low,True
AUD_684,Reading,167.0,3,51.63,141,,,,,,Medium,False
AUD_4979,Spontaneous,148.0,14,71.18,156,,,,,,High,False
AUD_2765,Spontaneous,116.0,11,62.96,185,,,,,,Medium,False
synth_low_42_01588,0,98.0,10,80.98,106,,,,,,Low,True
synth_low_42_00598,0,137.0,2,82.74,197,,,,,,Low,True
AUD_2451,Spontaneous,142.0,10,50.54,132,,,,,,Medium,False
AUD_2949,Spontaneous,118.0,14,61.44,60,,,,,,High,False
AUD_326,Spontaneous,152.0,8,34.91,56,,,,,,Medium,False
AUD_3691,Reading,117.0,13,47.33,129,,,,,,Medium,False
synth_low_42_00683,0,149.49,14,36.19,80,,,,,,Low,True
AUD_2176,Reading,118.0,11,81.03,154,,,,,,High,False
synth_low_42_00873,0,137.0,8,21.31,56,,,,,,Low,True
AUD_3891,Spontaneous,116.0,2,48.77,151,,,,,,Medium,False
synth_low_42_00880,0,113.99,10,73.59,189,,,,,,Low,True
AUD_3035,Spontaneous,135.0,3,69.43,196,,,,,,High,False
AUD_2787,Reading,162.0,14,21.09,114,,,,,,Medium,False
AUD_4622,Spontaneous,153.0,9,53.87,170,,,,,,Medium,False
AUD_3753,Spontaneous,91.0,14,71.68,138,,,,,,High,False
AUD_1676,Spontaneous,129.0,5,72.37,133,,,,,,High,False
AUD_348,Reading,125.0,3,27.89,108,,,,,,High,False
synth_low_42_00060,0,99.0,7,24.52,125,,,,,,Low,True
AUD_1626,Reading,177.0,6,72.69,150,,,,,,High,False
synth_low_42_00838,0,121.0,11,28.18,139,,,,,,Low,True
AUD_3817,Reading,109.0,11,23.63,171,,,,,,Low,False
AUD_3206,Spontaneous,115.0,2,30.67,83,,,,,,High,False
AUD_871,Reading,116.0,11,20.24,183,,,,,,Medium,False
AUD_4554,Spontaneous,119.0,4,24.3,135,,,,,,High,False
AUD_3413,Spontaneous,155.0,6,75.0,179,,,,,,High,False
AUD_3045,Spontaneous,112.0,9,88.6,194,,,,,,High,False
AUD_2218,Spontaneous,135.0,14,73.38,83,,,,,,High,False
synth_low_42_00330,0,99.32,2,62.58,172,,,,,,Low,True
AUD_2121,Reading,172.0,4,61.14,199,,,,,,Medium,False
AUD_4814,Spontaneous,156.0,2,86.57,180,,,,,,Medium,False
synth_low_42_00875,0,147.0,9,37.82,194,,,,,,Low,True
AUD_85,Spontaneous,121.0,14,67.29,59,,,,,,High,False
AUD_3650,Spontaneous,136.0,6,77.63,109,,,,,,High,False
AUD_1877,Spontaneous,104.0,11,87.98,144,,,,,,Medium,False
AUD_2801,Reading,159.0,2,76.85,80,,,,,,High,False
synth_low_42_00365,0,128.0,11,59.24,81,,,,,,Low,True
AUD_2640,Spontaneous,124.0,14,50.58,61,,,,,,High,False
synth_low_42_00817,0,102.0,13,53.29,104,,,,,,Low,True
AUD_4366,Spontaneous,159.0,13,89.79,66,,,,,,High,False
AUD_494,Spontaneous,147.0,7,73.13,116,,,,,,High,False
AUD_4404,Reading,118.0,3,65.15,51,,,,,,High,False
AUD_2525,Reading,166.0,11,21.43,164,,,,,,High,False
AUD_4015,Reading,131.0,13,43.69,135,,,,,,Medium,False
AUD_2941,Reading,114.0,9,40.95,88,,,,,,High,False
AUD_3578,Reading,136.0,13,40.9,75,,,,,,High,False
AUD_1270,Reading,177.0,5,56.11,117,,,,,,High,False
synth_low_42_01406,0,166.0,5,75.01,181,,,,,,Low,True
synth_low_42_00978,0,128.0,5,80.13,117,,,,,,Low,True
synth_low_42_00948,0,119.88,4,28.43,125,,,,,,Low,True
synth_low_42_00619,0,114.0,8,85.83,144,,,,,,Low,True
AUD_618,Spontaneous,164.0,9,66.74,65,,,,,,Medium,False
synth_low_42_00815,0,139.0,9,34.81,85,,,,,,Low,True
AUD_3433,Reading,121.0,4,71.19,125,,,,,,High,False
synth_low_42_00445,0,100.0,3,23.65,76,,,,,,Low,True
AUD_3319,Reading,90.0,3,35.03,176,,,,,,Medium,False
AUD_2890,Spontaneous,146.0,9,54.03,167,,,,,,High,False
AUD_3948,Spontaneous,105.0,7,32.44,94,,,,,,High,False
AUD_1413,Reading,147.0,2,24.87,180,,,,,,High,False
AUD_2201,Reading,107.0,2,49.73,65,,,,,,Medium,False
AUD_2001,Spontaneous,166.0,13,38.68,112,,,,,,Medium,False
synth_low_42_00072,0,117.0,3,39.87,60,,,,,,Low,True
AUD_869,Spontaneous,114.0,6,77.11,177,,,,,,Medium,False
AUD_2358,Spontaneous,102.0,4,89.67,153,,,,,,Medium,False
AUD_2006,Reading,145.0,4,53.57,144,,,,,,Medium,False
AUD_4410,Reading,110.0,5,51.83,140,,,,,,High,False
AUD_4704,Reading,111.0,7,50.12,92,,,,,,High,False
AUD_356,Reading,120.0,2,59.53,178,,,,,,Medium,False
AUD_1162,Reading,93.0,2,57.37,119,,,,,,Medium,False
synth_low_42_01131,0,122.0,11,81.18,128,,,,,,Low,True
AUD_2902,Reading,96.0,6,85.49,143,,,,,,High,False
AUD_3128,Spontaneous,153.0,8,63.31,190,,,,,,High,False
AUD_4275,Spontaneous,155.0,13,87.23,192,,,,,,High,False
AUD_3479,Reading,166.0,3,85.92,161,,,,,,High,False
synth_low_42_01702,0,91.06,8,29.8,143,,,,,,Low,True
AUD_1890,Reading,112.0,10,43.75,156,,,,,,Medium,False
AUD_579,Reading,132.0,8,37.81,87,,,,,,Low,False
AUD_3869,Reading,109.0,3,51.52,137,,,,,,High,False
AUD_3320,Reading,100.0,2,84.04,171,,,,,,High,False
AUD_1691,Reading,166.0,5,31.81,86,,,,,,High,False
AUD_862,Reading,165.0,9,69.53,171,,,,,,High,False
AUD_4832,Reading,121.0,7,76.92,161,,,,,,High,False
AUD_4176,Reading,159.0,5,33.07,64,,,,,,Medium,False
AUD_2380,Reading,159.0,11,51.04,63,,,,,,High,False
AUD_2378,Reading,131.0,11,70.35,107,,,,,,Medium,False
AUD_4789,Reading,159.0,6,76.66,83,,,,,,Medium,False
synth_low_42_01665,0,168.49,13,43.95,152,,,,,,Low,True
AUD_3346,Reading,122.0,11,33.63,108,,,,,,Medium,False
AUD_1116,Reading,149.0,12,61.25,51,,,,,,Medium,False
AUD_1541,Reading,153.0,14,87.2,67,,,,,,Medium,False
synth_low_42_00002,0,95.63,13,52.46,96,,,,,,Low,True
synth_low_42_00230,0,118.38,10,24.05,169,,,,,,Low,True
synth_low_42_01249,0,176.0,5,31.11,183,,,,,,Low,True
AUD_4928,Spontaneous,139.0,11,43.74,128,,,,,,Medium,False
AUD_4771,Spontaneous,153.0,2,69.22,160,,,,,,Medium,False
synth_low_42_00427,0,97.0,4,57.13,125,,,,,,Low,True
synth_low_42_01482,0,123.0,9,62.54,80,,,,,,Low,True
AUD_4884,Spontaneous,98.0,12,29.93,70,,,,,,Low,False
AUD_4423,Spontaneous,139.0,7,59.19,99,,,,,,Medium,False
AUD_2500,Reading,127.0,12,31.46,187,,,,,,Medium,False
synth_low_42_01344,0,117.87,14,23.87,94,,,,,,Low,True
AUD_4603,Spontaneous,137.0,14,57.73,112,,,,,,Medium,False
synth_low_42_01634,0,120.0,7,77.46,128,,,,,,Low,True
synth_low_42_01027,0,100.67,5,43.49,198,,,,,,Low,True
synth_low_42_01688,0,155.0,5,85.89,117,,,,,,Low,True
AUD_3121,Spontaneous,177.0,10,51.31,199,,,,,,Medium,False
synth_low_42_00117,0,129.0,12,69.45,92,,,,,,Low,True
synth_low_42_01478,0,174.4,13,75.01,108,,,,,,Low,True
synth_low_42_01424,0,99.0,8,24.18,194,,,,,,Low,True
AUD_3934,Spontaneous,124.0,2,32.94,166,,,,,,Medium,False
synth_low_42_01221,0,90.0,2,20.16,117,,,,,,Low,True
AUD_4513,Reading,124.0,4,80.14,112,,,,,,High,False
synth_low_42_01518,0,174.0,10,60.1,99,,,,,,Low,True
AUD_2052,Spontaneous,98.0,10,50.49,113,,,,,,High,False
AUD_1776,Spontaneous,98.0,7,37.97,189,,,,,,Medium,False
AUD_4761,Spontaneous,138.0,14,29.48,75,,,,,,Medium,False
AUD_4154,Reading,161.0,14,42.01,111,,,,,,High,False
AUD_2536,Spontaneous,130.0,6,42.59,167,,,,,,High,False
AUD_4880,Spontaneous,116.0,11,84.06,140,,,,,,High,False
synth_low_42_00481,0,128.0,9,24.11,141,,,,,,Low,True
AUD_1592,Reading,151.0,13,28.31,149,,,,,,Medium,False
AUD_1723,Reading,95.0,4,81.12,188,,,,,,High,False
synth_low_42_00319,0,119.0,2,64.77,130,,,,,,Low,True
AUD_2611,Reading,177.0,14,72.78,194,,,,,,Medium,False
AUD_4618,Reading,156.0,4,24.18,92,,,,,,Low,False
AUD_490,Spontaneous,154.0,4,47.74,72,,,,,,Medium,False
synth_low_42_00715,0,104.9,9,75.25,70,,,,,,Low,True
AUD_2910,Spontaneous,117.0,4,67.55,134,,,,,,High,False
AUD_1006,Reading,106.0,11,66.71,152,,,,,,High,False
AUD_4063,Reading,157.0,5,66.95,155,,,,,,Medium,False
AUD_2503,Spontaneous,101.0,7,75.18,175,,,,,,Low,False
AUD_4857,Reading,136.0,6,67.21,51,,,,,,Medium,False
AUD_2314,Reading,102.0,13,82.16,156,,,,,,High,False
AUD_2554,Spontaneous,175.0,3,66.18,162,,,,,,Medium,False
AUD_1417,Spontaneous,138.0,6,28.16,71,,,,,,High,False
AUD_25,Reading,164.0,4,41.44,110,,,,,,High,False
AUD_2409,Reading,129.0,3,43.02,71,,,,,,Medium,False
AUD_1113,Reading,104.0,14,83.2,90,,,,,,Medium,False
AUD_4528,Spontaneous,103.0,10,76.4,105,,,,,,Medium,False
AUD_1552,Spontaneous,156.0,14,66.15,148,,,,,,Medium,False
synth_low_42_00807,0,118.4,11,47.75,63,,,,,,Low,True
synth_low_42_00079,0,94.0,12,49.21,149,,,,,,Low,True
AUD_3075,Spontaneous,122.0,12,33.53,124,,,,,,High,False
AUD_433,Spontaneous,91.0,4,89.08,87,,,,,,Medium,False
AUD_3785,Reading,140.0,7,84.52,150,,,,,,Medium,False
AUD_2655,Reading,153.0,7,49.7,85,,,,,,High,False
synth_low_42_00324,0,111.76,13,83.27,184,,,,,,Low,True
AUD_4605,Reading,102.0,13,82.98,99,,,,,,High,False
AUD_3898,Reading,166.0,2,79.13,72,,,,,,Medium,False
AUD_4129,Spontaneous,165.0,8,76.6,171,,,,,,High,False
AUD_4162,Reading,158.0,5,44.43,155,,,,,,Medium,False
synth_low_42_00045,0,139.0,5,76.31,73,,,,,,Low,True
AUD_4362,Reading,136.0,12,36.33,117,,,,,,High,False
AUD_2518,Spontaneous,123.0,6,36.1,152,,,,,,High,False
synth_low_42_01533,0,129.0,12,30.58,70,,,,,,Low,True
AUD_1102,Reading,123.0,10,61.1,178,,,,,,Low,False
AUD_3165,Spontaneous,140.0,14,36.65,186,,,,,,Low,False
AUD_3907,Spontaneous,148.0,9,45.88,168,,,,,,Medium,False
AUD_4099,Reading,141.0,10,49.24,89,,,,,,High,False
synth_low_42_00040,0,153.67,3,32.86,61,,,,,,Low,True
synth_low_42_00848,0,136.0,9,75.23,190,,,,,,Low,True
AUD_194,Spontaneous,119.0,8,51.6,50,,,,,,High,False
AUD_615,Reading,150.0,5,62.41,58,,,,,,Medium,False
AUD_643,Reading,115.0,5,63.15,95,,,,,,High,False
AUD_4888,Reading,128.0,7,72.62,152,,,,,,High,False
synth_low_42_01782,0,165.79,5,84.41,125,,,,,,Low,True
AUD_2776,Spontaneous,139.0,13,80.31,105,,,,,,High,False
synth_low_42_00744,0,166.0,10,57.08,71,,,,,,Low,True
AUD_3153,Spontaneous,162.0,8,24.82,95,,,,,,Medium,False
AUD_330,Spontaneous,93.0,13,64.64,158,,,,,,High,False
AUD_2207,Spontaneous,166.0,12,56.98,79,,,,,,High,False
AUD_4450,Spontaneous,99.0,10,53.8,144,,,,,,High,False
AUD_4020,Reading,116.0,12,26.77,187,,,,,,Medium,False
AUD_2670,Reading,147.0,10,84.26,159,,,,,,High,False
AUD_972,Reading,155.0,9,71.09,197,,,,,,Medium,False
AUD_483,Reading,128.0,2,83.82,96,,,,,,Medium,False
AUD_2420,Spontaneous,150.0,11,75.03,99,,,,,,Medium,False
AUD_2602,Reading,128.0,6,89.8,114,,,,,,High,False
AUD_719,Reading,109.0,7,77.71,70,,,,,,High,False
synth_low_42_00253,0,178.15,14,32.96,65,,,,,,Low,True
AUD_2059,Reading,96.0,8,70.29,90,,,,,,High,False
AUD_2803,Reading,163.0,3,24.3,103,,,,,,High,False
AUD_2566,Spontaneous,96.0,12,58.76,154,,,,,,High,False
AUD_4538,Reading,132.0,2,41.02,111,,,,,,Medium,False
AUD_32,Spontaneous,123.0,8,62.0,182,,,,,,High,False
AUD_664,Spontaneous,173.0,11,84.11,149,,,,,,High,False
synth_low_42_00349,0,114.0,12,35.46,168,,,,,,Low,True
synth_low_42_00871,0,105.56,8,59.81,68,,,,,,Low,True
AUD_1444,Reading,158.0,12,75.89,154,,,,,,Medium,False
synth_low_42_00533,0,104.0,12,84.05,160,,,,,,Low,True
AUD_2792,Spontaneous,145.0,5,23.17,79,,,,,,Medium,False
AUD_3098,Spontaneous,125.0,5,74.31,151,,,,,,High,False
synth_low_42_01625,0,94.0,8,52.57,96,,,,,,Low,True
AUD_1705,Reading,162.0,13,74.18,197,,,,,,High,False
AUD_3109,Spontaneous,118.0,4,67.16,172,,,,,,High,False
synth_low_42_00303,0,150.16,14,50.77,82,,,,,,Low,True
AUD_3353,Reading,121.0,8,60.06,54,,,,,,High,False
AUD_3765,Reading,144.0,14,74.17,123,,,,,,Low,False
AUD_4520,Reading,90.0,6,65.38,180,,,,,,Medium,False
AUD_118,Reading,94.0,6,64.26,137,,,,,,Medium,False
AUD_2277,Spontaneous,124.0,11,61.55,145,,,,,,High,False
AUD_2905,Reading,96.0,9,73.21,144,,,,,,High,False
AUD_1401,Reading,160.0,5,88.26,187,,,,,,High,False
AUD_739,Reading,152.0,11,29.57,177,,,,,,Medium,False
AUD_2456,Spontaneous,143.0,5,29.21,195,,,,,,Medium,False
AUD_170,Spontaneous,177.0,11,50.52,170,,,,,,High,False
AUD_540,Spontaneous,137.0,11,32.75,176,,,,,,High,False
synth_low_42_01506,0,175.0,5,46.15,154,,,,,,Low,True
synth_low_42_00095,0,177.0,14,73.87,159,,,,,,Low,True
synth_low_42_00583,0,150.0,2,33.42,91,,,,,,Low,True
AUD_4456,Reading,179.0,6,24.66,146,,,,,,Medium,False
AUD_3528,Spontaneous,120.0,11,20.13,195,,,,,,Low,False
AUD_674,Spontaneous,119.0,2,78.05,87,,,,,,High,False
synth_low_42_01792,0,130.0,7,28.03,80,,,,,,Low,True
AUD_2915,Spontaneous,137.0,13,58.6,188,,,,,,High,False
AUD_3573,Spontaneous,131.0,5,83.84,63,,,,,,High,False
AUD_1815,Spontaneous,104.0,9,72.84,163,,,,,,Medium,False
synth_low_42_00893,0,100.0,13,85.35,180,,,,,,Low,True
AUD_2100,Reading,155.0,10,72.33,148,,,,,,Medium,False
AUD_4035,Spontaneous,164.0,6,88.08,174,,,,,,Medium,False
synth_low_42_01735,0,177.0,12,23.92,91,,,,,,Low,True
synth_low_42_00776,0,162.42,10,42.55,168,,,,,,Low,True
AUD_2101,Reading,100.0,10,76.56,117,,,,,,Medium,False
synth_low_42_01514,0,139.0,9,45.38,71,,,,,,Low,True
AUD_4653,Reading,174.0,5,41.68,123,,,,,,High,False
AUD_1548,Reading,129.0,3,68.32,76,,,,,,Medium,False
AUD_3841,Spontaneous,171.0,7,88.26,122,,,,,,Medium,False
AUD_3096,Spontaneous,165.0,13,21.62,65,,,,,,Medium,False
AUD_355,Reading,152.0,3,41.17,190,,,,,,High,False
AUD_3244,Spontaneous,150.0,10,39.66,174,,,,,,Medium,False
AUD_3703,Reading,174.0,12,77.23,182,,,,,,High,False
AUD_4706,Reading,103.0,3,51.53,79,,,,,,Medium,False
AUD_2535,Reading,156.0,3,74.55,90,,,,,,Medium,False
synth_low_42_01014,0,108.0,13,24.06,114,,,,,,Low,True
AUD_4845,Spontaneous,152.0,13,64.0,137,,,,,,Medium,False
AUD_2373,Reading,105.0,13,35.95,77,,,,,,High,False
AUD_1051,Spontaneous,126.0,5,58.07,83,,,,,,Medium,False
AUD_2321,Reading,111.0,9,50.73,88,,,,,,Medium,False
AUD_4338,Spontaneous,169.0,10,42.33,72,,,,,,High,False
AUD_4381,Reading,158.0,3,46.63,80,,,,,,High,False
AUD_1751,Spontaneous,97.0,4,80.32,101,,,,,,Medium,False
AUD_3207,Reading,119.0,10,80.86,189,,,,,,High,False
AUD_1772,Spontaneous,179.0,10,36.29,136,,,,,,Medium,False
AUD_1196,Reading,146.0,10,49.93,115,,,,,,Medium,False
AUD_1878,Reading,135.0,9,89.72,107,,,,,,Medium,False
AUD_2668,Reading,107.0,10,73.11,118,,,,,,Medium,False
AUD_2016,Reading,95.0,12,44.07,94,,,,,,Medium,False
AUD_2005,Spontaneous,137.0,10,63.48,173,,,,,,High,False
synth_low_42_00514,0,167.0,7,50.8,198,,,,,,Low,True
AUD_1482,Reading,111.0,5,35.87,177,,,,,,Medium,False
AUD_328,Reading,174.0,2,56.06,81,,,,,,Medium,False
AUD_648,Reading,137.0,6,33.37,87,,,,,,High,False
AUD_2945,Reading,170.0,12,21.97,80,,,,,,Medium,False
AUD_4607,Reading,94.0,7,51.54,135,,,,,,Medium,False
AUD_1123,Spontaneous,164.0,6,58.22,99,,,,,,High,False
AUD_4738,Spontaneous,118.0,3,25.55,147,,,,,,High,False
AUD_2788,Spontaneous,155.0,7,32.62,73,,,,,,High,False
AUD_3827,Reading,114.0,10,76.7,136,,,,,,Medium,False
AUD_3203,Reading,148.0,8,61.99,78,,,,,,High,False
synth_low_42_01362,0,110.0,13,28.18,115,,,,,,Low,True
AUD_3628,Spontaneous,146.0,7,51.8,74,,,,,,High,False
synth_low_42_01321,0,94.0,7,68.72,57,,,,,,Low,True
AUD_1259,Spontaneous,121.0,4,78.07,53,,,,,,High,False
AUD_3927,Spontaneous,96.0,2,73.54,95,,,,,,Low,False
synth_low_42_00663,0,113.0,10,75.7,106,,,,,,Low,True
synth_low_42_00229,0,122.02,3,56.97,120,,,,,,Low,True
AUD_1519,Reading,134.0,8,31.35,139,,,,,,Low,False
AUD_1378,Spontaneous,91.0,7,80.88,130,,,,,,High,False
synth_low_42_00027,0,121.0,12,31.87,95,,,,,,Low,True
AUD_1023,Reading,122.0,8,30.84,144,,,,,,High,False
synth_low_42_01021,0,144.82,9,28.11,72,,,,,,Low,True
AUD_2918,Spontaneous,178.0,8,73.07,77,,,,,,High,False
AUD_4076,Reading,147.0,5,35.33,97,,,,,,High,False
AUD_4836,Reading,98.0,7,44.82,130,,,,,,Medium,False
AUD_3176,Spontaneous,125.0,10,44.2,104,,,,,,High,False
AUD_912,Reading,176.0,9,53.83,91,,,,,,Medium,False
AUD_2857,Reading,170.0,3,89.39,193,,,,,,Medium,False
AUD_4623,Spontaneous,102.0,8,43.36,181,,,,,,High,False
AUD_1675,Spontaneous,168.0,8,37.34,54,,,,,,Medium,False
AUD_1746,Reading,172.0,6,25.05,87,,,,,,High,False
AUD_3026,Spontaneous,164.0,3,45.32,124,,,,,,High,False
AUD_3842,Reading,158.0,5,69.88,63,,,,,,High,False
AUD_1736,Spontaneous,115.0,3,76.2,112,,,,,,Medium,False
AUD_1629,Spontaneous,132.0,14,27.37,56,,,,,,High,False
AUD_4482,Reading,122.0,13,44.78,168,,,,,,High,False
AUD_430,Spontaneous,151.0,5,73.72,122,,,,,,High,False
AUD_1808,Reading,139.0,5,85.59,119,,,,,,Medium,False
AUD_4319,Reading,103.0,8,76.94,157,,,,,,Medium,False
AUD_3103,Reading,99.0,5,37.09,159,,,,,,Medium,False
AUD_4945,Reading,156.0,2,55.23,181,,,,,,High,False
AUD_4418,Spontaneous,106.0,14,46.47,173,,,,,,High,False
AUD_234,Spontaneous,94.0,11,88.73,108,,,,,,High,False
AUD_4270,Reading,152.0,9,53.05,85,,,,,,High,False
AUD_2222,Reading,105.0,8,20.09,77,,,,,,Medium,False
synth_low_42_01313,0,97.0,11,78.38,138,,,,,,Low,True
AUD_4587,Reading,177.0,13,46.51,50,,,,,,Medium,False
synth_low_42_00426,0,110.0,10,80.72,59,,,,,,Low,True
synth_low_42_01087,0,105.73,4,54.73,198,,,,,,Low,True
synth_low_42_01061,0,149.17,10,65.6,194,,,,,,Low,True
AUD_1948,Spontaneous,110.0,3,28.19,143,,,,,,Medium,False
synth_low_42_00198,0,129.81,7,75.1,126,,,,,,Low,True
synth_low_42_01030,0,155.36,5,34.66,96,,,,,,Low,True
AUD_4189,Spontaneous,169.0,13,24.26,198,,,,,,Medium,False
synth_low_42_01220,0,147.0,13,28.14,117,,,,,,Low,True
AUD_1995,Spontaneous,106.0,11,35.23,119,,,,,,High,False
AUD_2671,Spontaneous,134.0,14,32.01,90,,,,,,Medium,False
synth_low_42_00656,0,99.9,5,60.94,129,,,,,,Low,True
AUD_2224,Reading,101.0,13,55.43,126,,,,,,Medium,False
AUD_1106,Spontaneous,144.0,9,34.56,111,,,,,,Medium,False
synth_low_42_00605,0,151.0,13,51.47,117,,,,,,Low,True
AUD_818,Spontaneous,106.0,5,74.83,137,,,,,,High,False
AUD_3240,Spontaneous,109.0,10,35.83,66,,,,,,Medium,False
AUD_3813,Spontaneous,140.0,7,71.23,184,,,,,,Medium,False
AUD_4634,Spontaneous,168.0,4,45.68,188,,,,,,High,False
AUD_4941,Spontaneous,118.0,3,56.02,168,,,,,,Medium,False
AUD_1697,Reading,123.0,13,39.85,114,,,,,,High,False
AUD_3303,Reading,121.0,4,58.33,196,,,,,,High,False
AUD_136,Reading,157.0,9,50.61,144,,,,,,Medium,False
AUD_1642,Reading,137.0,8,54.97,98,,,,,,High,False
synth_low_42_00497,0,128.0,9,88.23,109,,,,,,Low,True
synth_low_42_01458,0,146.7,11,47.52,182,,,,,,Low,True
synth_low_42_01022,0,150.0,2,89.58,140,,,,,,Low,True
AUD_1180,Spontaneous,133.0,13,85.22,103,,,,,,Medium,False
synth_low_42_00914,0,130.0,4,21.44,128,,,,,,Low,True
AUD_888,Reading,104.0,6,83.39,124,,,,,,High,False
AUD_2987,Reading,145.0,4,60.08,185,,,,,,High,False
synth_low_42_01433,0,123.0,2,75.23,184,,,,,,Low,True
AUD_2437,Reading,166.0,14,51.43,150,,,,,,Medium,False
AUD_3323,Reading,119.0,5,34.85,199,,,,,,High,False
synth_low_42_01225,0,172.0,10,85.95,190,,,,,,Low,True
AUD_817,Reading,162.0,12,75.31,126,,,,,,Medium,False
AUD_1111,Reading,168.0,14,74.14,160,,,,,,Medium,False
AUD_4245,Reading,179.0,6,36.8,165,,,,,,Medium,False
AUD_2341,Reading,109.0,4,54.47,71,,,,,,High,False
synth_low_42_00013,0,176.0,12,74.12,140,,,,,,Low,True
synth_low_42_00271,0,158.76,10,69.52,126,,,,,,Low,True
AUD_3065,Spontaneous,106.0,3,74.43,193,,,,,,High,False
AUD_1264,Spontaneous,158.0,8,59.51,94,,,,,,Medium,False
AUD_990,Reading,170.0,10,61.26,103,,,,,,Medium,False
AUD_1464,Reading,167.0,12,32.97,116,,,,,,High,False
AUD_1739,Spontaneous,138.0,14,46.27,80,,,,,,High,False
synth_low_42_00371,0,95.38,12,32.85,56,,,,,,Low,True
AUD_3221,Reading,176.0,11,28.41,172,,,,,,High,False
AUD_353,Spontaneous,154.0,7,66.6,154,,,,,,High,False
synth_low_42_01260,0,168.0,2,31.97,171,,,,,,Low,True
AUD_3980,Spontaneous,171.0,8,75.5,90,,,,,,Medium,False
AUD_4772,Spontaneous,103.0,10,21.84,132,,,,,,Medium,False
AUD_1489,Reading,93.0,13,30.02,177,,,,,,Medium,False
synth_low_42_00441,0,178.57,13,24.05,104,,,,,,Low,True
AUD_4552,Reading,102.0,12,44.07,197,,,,,,Medium,False
AUD_3130,Spontaneous,100.0,9,31.52,191,,,,,,High,False
AUD_1228,Spontaneous,142.0,10,75.23,164,,,,,,High,False
AUD_4523,Spontaneous,151.0,12,30.15,139,,,,,,Medium,False
synth_low_42_00628,0,99.0,2,42.05,190,,,,,,Low,True
AUD_3494,Spontaneous,156.0,8,30.86,114,,,,,,High,False
synth_low_42_01674,0,137.0,9,40.21,177,,,,,,Low,True
AUD_4742,Spontaneous,108.0,14,27.55,114,,,,,,Medium,False
synth_low_42_01356,0,122.0,7,28.03,105,,,,,,Low,True
AUD_52,Reading,96.0,6,52.46,178,,,,,,Medium,False
AUD_4032,Reading,118.0,12,24.2,139,,,,,,Medium,False
AUD_3559,Reading,142.0,3,87.29,81,,,,,,High,False
AUD_3085,Reading,153.0,9,79.66,96,,,,,,Medium,False
AUD_159,Reading,100.0,9,23.41,190,,,,,,Medium,False
AUD_4467,Spontaneous,179.0,12,20.88,148,,,,,,Low,False
AUD_1587,Reading,96.0,12,64.95,169,,,,,,Low,False
AUD_1589,Reading,116.0,9,29.94,111,,,,,,High,False
AUD_1479,Reading,144.0,10,66.98,166,,,,,,Medium,False
AUD_4258,Reading,104.0,6,60.32,54,,,,,,Medium,False
AUD_3145,Reading,167.0,9,75.26,58,,,,,,Medium,False
AUD_1469,Reading,175.0,3,51.5,180,,,,,,Low,False
AUD_3964,Reading,173.0,5,80.47,65,,,,,,High,False
AUD_3094,Reading,141.0,8,78.38,63,,,,,,Medium,False
AUD_3607,Spontaneous,172.0,4,36.18,113,,,,,,High,False
synth_low_42_00556,0,111.0,7,82.41,82,,,,,,Low,True
AUD_2078,Reading,166.0,9,32.6,197,,,,,,Medium,False
synth_low_42_01654,0,175.84,5,84.47,89,,,,,,Low,True
AUD_4414,Spontaneous,107.0,6,82.37,198,,,,,,Medium,False
synth_low_42_01697,0,90.89,2,69.45,142,,,,,,Low,True
synth_low_42_01035,0,101.0,13,89.82,158,,,,,,Low,True
AUD_2828,Reading,131.0,2,37.79,136,,,,,,Medium,False
AUD_436,Spontaneous,175.0,4,71.2,53,,,,,,High,False
AUD_3732,Spontaneous,172.0,2,51.98,96,,,,,,High,False
AUD_2960,Spontaneous,97.0,12,89.75,134,,,,,,Medium,False
AUD_4526,Reading,147.0,7,80.84,111,,,,,,Medium,False
AUD_1588,Reading,96.0,14,55.35,142,,,,,,High,False
AUD_2780,Spontaneous,92.0,5,26.33,85,,,,,,High,False
synth_low_42_00004,0,129.0,12,47.55,194,,,,,,Low,True
AUD_1590,Reading,109.0,10,72.62,131,,,,,,Medium,False
synth_low_42_01381,0,140.67,13,89.82,117,,,,,,Low,True
AUD_973,Reading,133.0,9,56.52,99,,,,,,High,False
AUD_1238,Reading,95.0,4,72.51,60,,,,,,High,False
AUD_2951,Reading,92.0,7,36.02,84,,,,,,High,False
AUD_2342,Reading,145.0,4,56.45,148,,,,,,High,False
AUD_3217,Spontaneous,149.0,6,64.65,73,,,,,,Medium,False
AUD_4013,Spontaneous,161.0,6,71.37,102,,,,,,Medium,False
synth_low_42_00233,0,175.0,3,32.49,192,,,,,,Low,True
synth_low_42_00804,0,129.0,13,27.86,148,,,,,,Low,True
AUD_2231,Spontaneous,126.0,5,36.93,165,,,,,,Medium,False
AUD_3459,Reading,172.0,7,38.02,139,,,,,,High,False
AUD_1497,Reading,163.0,6,48.85,141,,,,,,High,False
AUD_449,Reading,134.0,12,59.16,133,,,,,,High,False
AUD_2369,Reading,92.0,5,76.2,170,,,,,,High,False
AUD_4215,Spontaneous,138.0,13,78.89,104,,,,,,Medium,False
AUD_2422,Reading,156.0,3,76.02,92,,,,,,Medium,False
synth_low_42_01099,0,91.0,10,61.11,149,,,,,,Low,True
synth_low_42_01168,0,157.01,8,42.08,117,,,,,,Low,True
synth_low_42_01266,0,119.91,10,45.58,190,,,,,,Low,True
AUD_1551,Spontaneous,153.0,4,31.61,121,,,,,,Medium,False
synth_low_42_01024,0,156.0,8,47.77,83,,,,,,Low,True
AUD_1146,Spontaneous,96.0,2,37.5,125,,,,,,Medium,False
AUD_4449,Spontaneous,180.0,8,25.06,91,,,,,,Medium,False
AUD_2092,Spontaneous,115.0,3,88.7,168,,,,,,High,False
AUD_1313,Spontaneous,96.0,11,62.19,156,,,,,,Medium,False
AUD_2015,Reading,94.0,8,77.66,65,,,,,,Medium,False
AUD_187,Spontaneous,166.0,2,83.84,182,,,,,,Medium,False
AUD_3542,Reading,107.0,13,29.28,103,,,,,,Medium,False
AUD_3885,Spontaneous,120.0,13,45.83,79,,,,,,Medium,False
AUD_1381,Reading,180.0,10,88.21,176,,,,,,Medium,False
AUD_4139,Spontaneous,172.0,4,73.34,190,,,,,,High,False
AUD_413,Spontaneous,130.0,9,59.51,60,,,,,,High,False
AUD_941,Spontaneous,120.0,5,37.99,93,,,,,,High,False
AUD_801,Spontaneous,111.0,2,39.99,160,,,,,,Medium,False
synth_low_42_01365,0,170.01,6,57.01,198,,,,,,Low,True
AUD_2750,Spontaneous,126.0,3,77.45,143,,,,,,Medium,False
AUD_3256,Reading,151.0,4,49.3,63,,,,,,High,False
AUD_4981,Spontaneous,128.0,3,76.38,189,,,,,,High,False
AUD_256,Reading,122.0,3,28.39,123,,,,,,High,False
AUD_3740,Spontaneous,142.0,9,69.41,105,,,,,,Medium,False
synth_low_42_01666,0,99.41,9,68.61,95,,,,,,Low,True
AUD_3199,Spontaneous,151.0,3,44.11,142,,,,,,Medium,False
AUD_2235,Reading,174.0,3,37.04,156,,,,,,High,False
AUD_647,Spontaneous,130.0,11,52.71,115,,,,,,High,False
AUD_1767,Reading,166.0,7,75.51,188,,,,,,High,False
AUD_4657,Reading,112.0,4,39.34,178,,,,,,Medium,False
synth_low_42_01629,0,177.84,10,81.58,102,,,,,,Low,True
AUD_4851,Reading,140.0,9,69.0,55,,,,,,Medium,False
AUD_3856,Spontaneous,103.0,12,85.3,197,,,,,,High,False
AUD_3414,Reading,100.0,5,64.89,70,,,,,,High,False
AUD_24,Reading,148.0,2,60.43,167,,,,,,Medium,False
AUD_1088,Spontaneous,152.0,10,28.45,102,,,,,,High,False
synth_low_42_00472,0,94.0,13,21.16,84,,,,,,Low,True
AUD_2694,Reading,91.0,12,39.78,167,,,,,,Medium,False
AUD_3418,Spontaneous,106.0,11,38.61,171,,,,,,Medium,False
AUD_112,Reading,132.0,5,51.51,61,,,,,,High,False
AUD_2841,Spontaneous,123.0,6,36.14,121,,,,,,High,False
AUD_2311,Reading,138.0,10,41.15,180,,,,,,High,False
synth_low_42_00631,0,158.89,5,60.84,162,,,,,,Low,True
synth_low_42_01456,0,167.0,10,84.66,127,,,,,,Low,True
AUD_56,Spontaneous,142.0,2,36.57,115,,,,,,High,False
AUD_1309,Reading,134.0,5,43.15,65,,,,,,Medium,False
AUD_695,Reading,124.0,4,39.05,58,,,,,,Medium,False
AUD_4949,Reading,159.0,2,59.47,90,,,,,,High,False
AUD_1227,Spontaneous,142.0,13,40.52,124,,,,,,Medium,False
AUD_1999,Spontaneous,116.0,9,36.34,154,,,,,,High,False
AUD_276,Reading,120.0,8,29.47,155,,,,,,Medium,False
AUD_4741,Spontaneous,106.0,11,28.07,142,,,,,,High,False
AUD_4965,Spontaneous,101.0,9,30.18,79,,,,,,Medium,False
AUD_1833,Reading,92.0,8,73.34,83,,,,,,Medium,False
synth_low_42_00386,0,102.0,12,24.45,55,,,,,,Low,True
AUD_682,Reading,155.0,8,48.09,78,,,,,,Medium,False
AUD_4054,Spontaneous,160.0,7,80.6,75,,,,,,High,False
AUD_4917,Reading,149.0,10,41.95,178,,,,,,Medium,False
synth_low_42_01218,0,109.0,7,82.24,138,,,,,,Low,True
AUD_1137,Spontaneous,92.0,8,40.38,177,,,,,,Medium,False
AUD_2767,Reading,112.0,13,75.84,152,,,,,,Low,False
AUD_4546,Spontaneous,168.0,6,41.41,103,,,,,,High,False
synth_low_42_00461,0,165.07,4,57.86,137,,,,,,Low,True
AUD_4210,Reading,103.0,7,41.52,146,,,,,,Medium,False
AUD_1036,Spontaneous,136.0,6,57.92,177,,,,,,Medium,False
synth_low_42_01428,0,90.0,10,24.23,63,,,,,,Low,True
synth_low_42_00476,0,114.0,3,59.57,85,,,,,,Low,True
AUD_1346,Spontaneous,115.0,5,22.61,79,,,,,,High,False
AUD_3318,Spontaneous,113.0,14,39.39,125,,,,,,Medium,False
synth_low_42_00205,0,140.86,6,75.02,70,,,,,,Low,True
AUD_2784,Spontaneous,123.0,12,30.43,141,,,,,,Medium,False
synth_low_42_00003,0,110.98,8,34.33,80,,,,,,Low,True
AUD_2384,Spontaneous,159.0,3,52.56,54,,,,,,Medium,False
AUD_2988,Reading,109.0,7,77.35,165,,,,,,High,False
AUD_115,Reading,127.0,14,30.93,102,,,,,,High,False
synth_low_42_01700,0,178.35,12,47.87,95,,,,,,Low,True
synth_low_42_01762,0,136.0,3,74.44,110,,,,,,Low,True
AUD_3119,Reading,158.0,8,66.92,146,,,,,,High,False
AUD_4147,Reading,166.0,7,73.63,87,,,,,,High,False
synth_low_42_01615,0,92.61,14,74.99,131,,,,,,Low,True
AUD_4882,Reading,151.0,5,61.74,92,,,,,,Medium,False
AUD_2819,Spontaneous,132.0,14,36.16,190,,,,,,High,False
AUD_4647,Spontaneous,101.0,3,27.11,121,,,,,,Medium,False
AUD_3570,Spontaneous,168.0,7,33.76,112,,,,,,Medium,False
synth_low_42_00657,0,128.34,5,21.18,63,,,,,,Low,True
synth_low_42_00590,0,128.0,5,66.43,149,,,,,,Low,True
AUD_81,Spontaneous,91.0,6,45.8,128,,,,,,Medium,False
AUD_3021,Reading,146.0,12,48.75,50,,,,,,Medium,False
AUD_1972,Reading,93.0,10,61.75,92,,,,,,Medium,False
AUD_1714,Reading,144.0,9,50.03,142,,,,,,Medium,False
AUD_4591,Reading,164.0,11,57.97,98,,,,,,Medium,False
synth_low_42_00113,0,111.0,5,37.82,70,,,,,,Low,True
AUD_3622,Reading,171.0,4,20.78,81,,,,,,High,False
AUD_4383,Reading,116.0,2,76.41,139,,,,,,Medium,False
AUD_1946,Spontaneous,107.0,3,66.58,186,,,,,,High,False
synth_low_42_01017,0,100.61,9,34.4,62,,,,,,Low,True
AUD_3821,Spontaneous,154.0,8,40.99,53,,,,,,Medium,False
AUD_4767,Reading,121.0,6,83.77,186,,,,,,Medium,False
AUD_1610,Reading,94.0,9,45.27,98,,,,,,High,False
AUD_4717,Reading,163.0,8,21.81,154,,,,,,High,False
AUD_1251,Spontaneous,121.0,9,41.12,180,,,,,,High,False
synth_low_42_00118,0,94.0,2,41.9,179,,,,,,Low,True
AUD_3070,Spontaneous,175.0,9,30.92,151,,,,,,High,False
synth_low_42_01011,0,120.37,4,30.37,110,,,,,,Low,True
synth_low_42_01639,0,177.0,12,82.67,194,,,,,,Low,True
AUD_3759,Reading,145.0,7,61.78,182,,,,,,High,False
synth_low_42_00860,0,110.37,7,43.49,125,,,,,,Low,True
AUD_3877,Spontaneous,141.0,14,66.17,73,,,,,,Medium,False
AUD_665,Reading,142.0,5,84.62,164,,,,,,Low,False
AUD_2194,Reading,154.0,5,68.9,182,,,,,,High,False
synth_low_42_00924,0,101.0,14,53.07,140,,,,,,Low,True
synth_low_42_00782,0,100.24,4,34.76,172,,,,,,Low,True
AUD_1017,Spontaneous,112.0,10,63.89,185,,,,,,High,False
AUD_557,Spontaneous,90.0,4,46.04,151,,,,,,Low,False
AUD_4475,Reading,104.0,2,62.41,82,,,,,,Low,False
synth_low_42_01790,0,172.0,13,54.78,166,,,,,,Low,True
AUD_1207,Spontaneous,176.0,7,24.8,52,,,,,,High,False
AUD_3941,Reading,174.0,4,36.14,173,,,,,,High,False
AUD_3903,Reading,93.0,6,62.38,129,,,,,,Medium,False
AUD_1510,Reading,164.0,4,50.71,91,,,,,,Medium,False
AUD_4638,Reading,122.0,11,38.47,124,,,,,,High,False
AUD_4421,Reading,134.0,7,62.24,73,,,,,,High,False
AUD_3211,Reading,100.0,9,53.98,68,,,,,,Medium,False
AUD_4629,Reading,135.0,3,42.17,151,,,,,,High,False
AUD_4631,Spontaneous,104.0,2,39.06,62,,,,,,High,False
AUD_266,Spontaneous,136.0,7,43.49,76,,,,,,High,False
AUD_3491,Reading,97.0,7,86.19,192,,,,,,High,False
AUD_1140,Spontaneous,109.0,13,25.91,146,,,,,,Low,False
AUD_3162,Reading,136.0,2,31.36,174,,,,,,Medium,False
AUD_2111,Spontaneous,132.0,14,80.93,164,,,,,,High,False
AUD_3806,Spontaneous,175.0,14,87.97,88,,,,,,Medium,False
AUD_1909,Reading,155.0,9,80.96,157,,,,,,Medium,False
AUD_4010,Reading,166.0,3,55.42,92,,,,,,Medium,False
synth_low_42_00798,0,107.38,9,85.24,123,,,,,,Low,True
AUD_656,Reading,121.0,10,66.75,197,,,,,,High,False
AUD_4570,Spontaneous,121.0,14,43.58,185,,,,,,Medium,False
synth_low_42_01379,0,98.37,13,60.58,66,,,,,,Low,True
AUD_4351,Reading,155.0,3,66.96,85,,,,,,High,False
AUD_998,Reading,122.0,5,61.73,81,,,,,,Medium,False
synth_low_42_00462,0,155.0,12,68.45,116,,,,,,Low,True
AUD_2834,Reading,129.0,8,29.12,92,,,,,,Medium,False
AUD_2809,Spontaneous,125.0,3,64.02,164,,,,,,Medium,False
AUD_1784,Spontaneous,101.0,4,40.61,75,,,,,,High,False
AUD_1237,Reading,176.0,5,22.37,92,,,,,,Medium,False
synth_low_42_00660,0,171.06,12,61.08,86,,,,,,Low,True
synth_low_42_00189,0,128.0,13,24.27,161,,,,,,Low,True
AUD_3879,Reading,145.0,11,34.92,146,,,,,,High,False
AUD_4516,Spontaneous,177.0,11,71.36,87,,,,,,High,False
synth_low_42_00515,0,165.66,12,46.12,131,,,,,,Low,True
synth_low_42_01708,0,178.49,7,49.45,139,,,,,,Low,True
AUD_2186,Spontaneous,162.0,9,83.29,122,,,,,,High,False
AUD_2913,Spontaneous,155.0,4,67.86,100,,,,,,Medium,False
AUD_1134,Reading,156.0,9,34.35,78,,,,,,Medium,False
AUD_908,Reading,128.0,9,73.37,155,,,,,,Medium,False
synth_low_42_01010,0,136.0,7,51.6,62,,,,,,Low,True
AUD_1303,Spontaneous,110.0,11,49.25,148,,,,,,Medium,False
synth_low_42_01338,0,114.63,8,51.95,178,,,,,,Low,True
AUD_1627,Reading,107.0,4,23.24,50,,,,,,Medium,False
AUD_1522,Spontaneous,165.0,14,23.97,62,,,,,,Low,False
AUD_835,Reading,163.0,9,52.98,178,,,,,,High,False
AUD_358,Spontaneous,96.0,9,72.9,139,,,,,,Medium,False
AUD_138,Spontaneous,145.0,10,67.35,112,,,,,,High,False
AUD_299,Spontaneous,152.0,14,84.98,107,,,,,,Medium,False
AUD_1556,Reading,180.0,3,73.65,85,,,,,,High,False
AUD_1003,Spontaneous,144.0,13,37.02,152,,,,,,High,False
AUD_382,Spontaneous,168.0,5,74.35,68,,,,,,High,False
AUD_4687,Reading,116.0,13,68.67,59,,,,,,High,False
AUD_3624,Reading,138.0,2,62.57,135,,,,,,Medium,False
AUD_761,Spontaneous,148.0,5,41.58,183,,,,,,Medium,False
AUD_3955,Reading,114.0,10,85.31,128,,,,,,High,False
synth_low_42_01327,0,129.0,12,82.51,194,,,,,,Low,True
synth_low_42_01425,0,99.0,11,42.97,151,,,,,,Low,True
AUD_4727,Spontaneous,152.0,7,49.49,96,,,,,,Low,False
AUD_3790,Spontaneous,158.0,2,67.57,142,,,,,,Medium,False
synth_low_42_00494,0,105.96,2,81.56,156,,,,,,Low,True
AUD_4671,Spontaneous,103.0,8,61.92,147,,,,,,High,False
AUD_1402,Spontaneous,132.0,8,36.58,74,,,,,,High,False
AUD_3755,Spontaneous,148.0,2,89.77,78,,,,,,Medium,False
synth_low_42_00835,0,152.37,11,62.38,125,,,,,,Low,True
AUD_2721,Spontaneous,113.0,12,30.26,84,,,,,,Medium,False
AUD_1932,Reading,132.0,6,43.59,134,,,,,,High,False
AUD_4713,Reading,112.0,8,21.42,83,,,,,,High,False
synth_low_42_01108,0,123.31,8,83.81,125,,,,,,Low,True
synth_low_42_01141,0,177.72,4,64.73,82,,,,,,Low,True
synth_low_42_01590,0,109.0,13,32.5,74,,,,,,Low,True
synth_low_42_00411,0,121.0,14,81.23,190,,,,,,Low,True
AUD_3055,Spontaneous,178.0,2,70.75,60,,,,,,High,False
synth_low_42_00806,0,149.0,13,28.77,58,,,,,,Low,True
AUD_3661,Reading,124.0,13,56.13,61,,,,,,High,False
AUD_4518,Reading,154.0,3,44.78,176,,,,,,High,False
AUD_2685,Reading,154.0,10,87.17,105,,,,,,High,False
synth_low_42_01107,0,90.12,9,62.16,132,,,,,,Low,True
AUD_58,Reading,140.0,13,40.66,86,,,,,,High,False
AUD_76,Reading,101.0,5,26.41,189,,,,,,High,False
AUD_796,Spontaneous,123.0,4,36.66,164,,,,,,Medium,False
AUD_2416,Spontaneous,147.0,14,85.49,95,,,,,,High,False
AUD_3859,Spontaneous,158.0,14,64.8,135,,,,,,Low,False
AUD_4970,Reading,112.0,13,81.77,101,,,,,,High,False
AUD_785,Spontaneous,118.0,3,52.42,112,,,,,,High,False
AUD_3749,Reading,93.0,14,78.79,95,,,,,,Medium,False
synth_low_42_01617,0,106.9,2,39.81,62,,,,,,Low,True
AUD_3158,Spontaneous,107.0,14,77.65,104,,,,,,Low,False
AUD_3106,Reading,135.0,6,48.55,92,,,,,,High,False
AUD_3857,Spontaneous,137.0,9,24.96,87,,,,,,Medium,False
AUD_2217,Reading,160.0,13,45.04,55,,,,,,High,False
AUD_3614,Reading,172.0,7,27.82,163,,,,,,High,False
synth_low_42_01394,0,125.39,11,20.13,128,,,,,,Low,True
AUD_4906,Spontaneous,96.0,2,46.94,119,,,,,,High,False
synth_low_42_00540,0,146.51,12,75.91,171,,,,,,Low,True
synth_low_42_00493,0,157.96,10,64.09,89,,,,,,Low,True
synth_low_42_00245,0,161.0,9,52.13,104,,,,,,Low,True
AUD_910,Reading,174.0,3,73.45,118,,,,,,Medium,False
AUD_2172,Reading,119.0,2,85.42,165,,,,,,Medium,False
AUD_1850,Spontaneous,177.0,5,34.56,155,,,,,,High,False
AUD_2309,Spontaneous,116.0,6,72.37,128,,,,,,High,False
synth_low_42_01358,0,122.27,9,84.6,92,,,,,,Low,True
AUD_1257,Spontaneous,94.0,11,77.81,175,,,,,,Medium,False
AUD_2495,Reading,130.0,14,20.28,51,,,,,,Medium,False
synth_low_42_00123,0,176.08,10,35.97,169,,,,,,Low,True
AUD_4353,Reading,100.0,8,29.3,197,,,,,,High,False
AUD_1178,Spontaneous,100.0,11,89.86,64,,,,,,Medium,False
synth_low_42_00912,0,136.0,9,23.61,99,,,,,,Low,True
synth_low_42_00558,0,165.86,12,32.72,151,,,,,,Low,True
AUD_442,Spontaneous,166.0,14,86.41,165,,,,,,Medium,False
synth_low_42_00209,0,168.0,13,52.15,170,,,,,,Low,True
AUD_1399,Spontaneous,160.0,4,64.16,88,,,,,,Medium,False
AUD_2973,Spontaneous,172.0,6,85.8,60,,,,,,Medium,False
AUD_3878,Spontaneous,107.0,14,74.26,79,,,,,,High,False
AUD_4172,Spontaneous,176.0,3,61.32,60,,,,,,High,False
synth_low_42_01152,0,102.0,3,64.48,130,,,,,,Low,True
synth_low_42_01474,0,156.85,4,82.51,191,,,,,,Low,True
AUD_1054,Reading,166.0,14,58.88,106,,,,,,High,False
AUD_3464,Spontaneous,156.0,14,69.37,189,,,,,,Medium,False
AUD_3275,Reading,124.0,8,37.13,147,,,,,,Medium,False
synth_low_42_00210,0,114.0,4,45.68,105,,,,,,Low,True
AUD_3932,Reading,156.0,10,21.44,81,,,,,,High,False
AUD_1415,Reading,111.0,13,30.15,88,,,,,,High,False
AUD_2372,Reading,93.0,8,54.17,114,,,,,,Medium,False
AUD_4803,Spontaneous,101.0,7,57.99,118,,,,,,High,False
synth_low_42_00194,0,134.0,12,28.02,117,,,,,,Low,True
AUD_3734,Spontaneous,143.0,4,88.09,140,,,,,,High,False
AUD_3613,Reading,159.0,14,62.07,116,,,,,,High,False
AUD_4409,Spontaneous,124.0,7,28.14,166,,,,,,Medium,False
AUD_4766,Spontaneous,138.0,8,83.25,66,,,,,,High,False
AUD_1502,Reading,153.0,6,81.99,78,,,,,,Medium,False
synth_low_42_00471,0,151.0,8,61.24,186,,,,,,Low,True
AUD_4817,Reading,151.0,14,64.78,141,,,,,,Medium,False
AUD_4504,Spontaneous,161.0,9,78.15,155,,,,,,Medium,False
AUD_2011,Spontaneous,169.0,8,28.1,143,,,,,,High,False
synth_low_42_00150,0,149.0,8,39.81,128,,,,,,Low,True
synth_low_42_00969,0,136.0,5,49.54,158,,,,,,Low,True
synth_low_42_01281,0,137.0,3,39.88,105,,,,,,Low,True
synth_low_42_01521,0,178.19,10,74.03,171,,,,,,Low,True
AUD_4313,Spontaneous,118.0,6,33.3,111,,,,,,Medium,False
AUD_3264,Reading,140.0,5,89.49,102,,,,,,High,False
synth_low_42_00522,0,172.0,12,75.89,160,,,,,,Low,True
synth_low_42_01642,0,148.11,12,42.17,151,,,,,,Low,True
AUD_4407,Spontaneous,118.0,4,61.36,102,,,,,,Medium,False
AUD_4507,Spontaneous,157.0,11,32.48,145,,,,,,High,False
AUD_6,Spontaneous,155.0,8,67.83,121,,,,,,Medium,False
AUD_2980,Spontaneous,114.0,2,30.69,110,,,,,,Medium,False
AUD_2487,Reading,147.0,5,45.91,101,,,,,,Medium,False
AUD_3361,Reading,136.0,13,44.1,117,,,,,,High,False
AUD_678,Spontaneous,116.0,9,38.48,93,,,,,,High,False
AUD_1943,Spontaneous,158.0,8,56.53,126,,,,,,High,False
synth_low_42_00357,0,167.91,12,50.68,135,,,,,,Low,True
synth_low_42_01251,0,172.0,10,60.28,82,,,,,,Low,True
synth_low_42_00747,0,150.0,2,80.51,127,,,,,,Low,True
synth_low_42_00275,0,124.7,4,83.88,194,,,,,,Low,True
synth_low_42_00352,0,107.81,10,84.42,171,,,,,,Low,True
AUD_2607,Reading,153.0,11,79.91,112,,,,,,High,False
synth_low_42_01189,0,111.21,9,75.02,172,,,,,,Low,True
synth_low_42_01622,0,128.0,8,51.4,194,,,,,,Low,True
synth_low_42_01247,0,92.47,4,60.87,194,,,,,,Low,True
AUD_3782,Spontaneous,161.0,7,68.43,51,,,,,,Medium,False
AUD_1064,Reading,157.0,8,71.09,141,,,,,,Medium,False
AUD_2894,Reading,155.0,11,62.23,72,,,,,,Medium,False
AUD_4309,Reading,130.0,2,22.8,105,,,,,,High,False
AUD_4446,Spontaneous,138.0,13,57.93,177,,,,,,High,False
AUD_2242,Reading,91.0,6,58.43,171,,,,,,Medium,False
AUD_1474,Reading,129.0,9,64.15,67,,,,,,High,False
synth_low_42_00038,0,156.0,12,73.86,158,,,,,,Low,True
AUD_1889,Spontaneous,176.0,13,26.54,120,,,,,,High,False
AUD_3435,Reading,142.0,12,23.6,143,,,,,,High,False
AUD_4213,Spontaneous,100.0,6,53.66,132,,,,,,High,False
AUD_1053,Reading,118.0,8,73.9,161,,,,,,Medium,False
AUD_2021,Reading,179.0,2,72.86,93,,,,,,High,False
synth_low_42_01046,0,105.15,4,73.6,171,,,,,,Low,True
AUD_4842,Reading,147.0,8,38.99,169,,,,,,High,False
AUD_2658,Reading,173.0,12,38.88,131,,,,,,Medium,False
AUD_2467,Spontaneous,117.0,4,46.01,133,,,,,,Medium,False
AUD_3567,Reading,118.0,3,44.98,64,,,,,,Medium,False
AUD_1130,Spontaneous,179.0,3,53.94,199,,,,,,High,False
AUD_1461,Spontaneous,116.0,4,76.43,175,,,,,,Medium,False
synth_low_42_01452,0,158.0,8,61.76,70,,,,,,Low,True
synth_low_42_01149,0,94.0,9,74.04,131,,,,,,Low,True
AUD_3365,Spontaneous,157.0,10,40.75,192,,,,,,Medium,False
synth_low_42_01751,0,159.0,5,49.61,51,,,,,,Low,True
AUD_4152,Spontaneous,141.0,8,42.33,194,,,,,,Medium,False
AUD_3350,Reading,156.0,2,85.97,168,,,,,,High,False
AUD_2968,Reading,143.0,6,45.28,86,,,,,,Medium,False
AUD_222,Reading,118.0,10,39.01,84,,,,,,Medium,False
synth_low_42_01508,0,136.0,7,73.87,138,,,,,,Low,True
AUD_48,Reading,146.0,6,43.02,198,,,,,,Medium,False
AUD_573,Spontaneous,134.0,8,84.21,147,,,,,,High,False
AUD_1236,Reading,164.0,13,27.34,70,,,,,,High,False
synth_low_42_00170,0,117.55,11,74.39,126,,,,,,Low,True
AUD_3033,Reading,96.0,6,76.0,186,,,,,,High,False
synth_low_42_01586,0,123.0,3,54.09,140,,,,,,Low,True
AUD_3382,Reading,149.0,6,52.01,129,,,,,,Medium,False
synth_low_42_01388,0,134.0,9,32.99,197,,,,,,Low,True
AUD_2282,Reading,160.0,3,31.35,160,,,,,,High,False
AUD_4601,Reading,153.0,2,54.06,193,,,,,,Medium,False
AUD_267,Spontaneous,165.0,13,34.72,172,,,,,,Medium,False
AUD_1104,Reading,96.0,11,83.4,140,,,,,,High,False
AUD_2305,Reading,125.0,14,54.12,67,,,,,,High,False
synth_low_42_00347,0,140.65,10,36.41,114,,,,,,Low,True
synth_low_42_01075,0,178.59,13,55.19,172,,,,,,Low,True
AUD_1935,Reading,94.0,6,20.61,111,,,,,,Medium,False
AUD_386,Reading,176.0,7,42.26,125,,,,,,High,False
AUD_1701,Spontaneous,132.0,8,38.51,186,,,,,,Medium,False
AUD_1628,Reading,163.0,4,30.54,144,,,,,,Medium,False
synth_low_42_00294,0,168.0,8,41.25,190,,,,,,Low,True
AUD_2714,Reading,126.0,2,75.83,132,,,,,,High,False
synth_low_42_01142,0,133.94,6,52.98,63,,,,,,Low,True
AUD_4830,Reading,102.0,12,62.04,163,,,,,,Medium,False
synth_low_42_00942,0,107.75,12,23.75,170,,,,,,Low,True
AUD_1563,Spontaneous,130.0,5,77.61,101,,,,,,Medium,False
AUD_3916,Reading,179.0,10,41.23,86,,,,,,Medium,False
AUD_2760,Spontaneous,158.0,11,34.14,129,,,,,,Medium,False
AUD_3189,Spontaneous,126.0,3,89.19,158,,,,,,High,False
AUD_4357,Spontaneous,90.0,4,21.79,115,,,,,,High,False
AUD_209,Spontaneous,132.0,13,77.79,145,,,,,,High,False
AUD_909,Spontaneous,150.0,3,31.02,169,,,,,,High,False
AUD_1289,Reading,127.0,14,83.67,87,,,,,,Medium,False
synth_low_42_01029,0,173.71,14,28.17,94,,,,,,Low,True
AUD_1866,Reading,161.0,11,77.36,183,,,,,,Medium,False
AUD_1842,Spontaneous,136.0,7,65.21,136,,,,,,Medium,False
AUD_2497,Reading,98.0,11,54.73,58,,,,,,Medium,False
synth_low_42_00954,0,172.0,7,85.41,171,,,,,,Low,True
AUD_104,Spontaneous,131.0,10,51.73,170,,,,,,Medium,False
AUD_958,Reading,177.0,5,40.22,128,,,,,,High,False
AUD_1793,Spontaneous,176.0,11,44.12,107,,,,,,Medium,False
AUD_2088,Reading,135.0,11,55.28,185,,,,,,High,False
AUD_2702,Reading,120.0,13,33.83,105,,,,,,High,False
synth_low_42_00589,0,134.0,9,64.94,107,,,,,,Low,True
AUD_331,Reading,133.0,7,64.17,141,,,,,,Medium,False
AUD_4196,Spontaneous,176.0,5,46.99,130,,,,,,High,False
AUD_4927,Spontaneous,133.0,3,52.34,114,,,,,,Medium,False
AUD_4684,Spontaneous,110.0,4,42.57,132,,,,,,Medium,False
AUD_2459,Reading,178.0,10,80.64,124,,,,,,High,False
AUD_1774,Spontaneous,123.0,5,57.63,127,,,,,,Medium,False
AUD_4776,Reading,118.0,3,48.83,60,,,,,,Medium,False
AUD_4332,Spontaneous,140.0,7,50.2,116,,,,,,Medium,False
AUD_4977,Reading,178.0,2,81.94,98,,,,,,High,False
AUD_2686,Spontaneous,103.0,10,32.95,102,,,,,,Medium,False
synth_low_42_00517,0,158.0,10,72.65,121,,,,,,Low,True
synth_low_42_00968,0,172.0,10,51.56,170,,,,,,Low,True
AUD_4838,Spontaneous,150.0,6,86.98,95,,,,,,Medium,False
AUD_2897,Reading,139.0,10,50.13,197,,,,,,High,False
AUD_3641,Spontaneous,109.0,7,24.67,136,,,,,,High,False
AUD_1710,Spontaneous,115.0,12,60.21,80,,,,,,High,False
synth_low_42_01793,0,95.0,14,47.7,130,,,,,,Low,True
AUD_2478,Reading,117.0,8,38.78,122,,,,,,Medium,False
AUD_4839,Reading,172.0,13,64.79,93,,,,,,High,False
AUD_1366,Spontaneous,114.0,7,88.32,160,,,,,,Medium,False
AUD_173,Reading,118.0,3,73.17,164,,,,,,Medium,False
AUD_858,Reading,110.0,2,27.43,107,,,,,,Medium,False
AUD_4995,Spontaneous,173.0,2,27.87,99,,,,,,Medium,False
synth_low_42_00006,0,132.0,9,34.26,190,,,,,,Low,True
AUD_3524,Reading,144.0,5,45.57,67,,,,,,Medium,False
AUD_3321,Spontaneous,153.0,2,73.48,195,,,,,,High,False
AUD_4328,Reading,120.0,13,83.48,103,,,,,,High,False
synth_low_42_00923,0,130.0,9,49.82,85,,,,,,Low,True
synth_low_42_01272,0,177.0,8,65.99,111,,,,,,Low,True
AUD_3705,Spontaneous,138.0,12,65.43,134,,,,,,Medium,False
AUD_1952,Spontaneous,90.0,6,63.95,69,,,,,,Medium,False
AUD_3311,Reading,177.0,4,65.36,194,,,,,,High,False
AUD_2492,Spontaneous,97.0,2,59.76,133,,,,,,Medium,False
AUD_4050,Reading,122.0,11,50.08,169,,,,,,High,False
AUD_4207,Reading,109.0,10,45.07,115,,,,,,High,False
AUD_2036,Reading,161.0,7,39.16,121,,,,,,Medium,False
synth_low_42_00327,0,172.0,10,36.57,73,,,,,,Low,True
synth_low_42_01074,0,124.72,2,75.29,163,,,,,,Low,True
AUD_4985,Spontaneous,118.0,3,81.35,174,,,,,,Medium,False
AUD_3403,Spontaneous,165.0,9,66.86,64,,,,,,Medium,False
AUD_18,Reading,121.0,7,46.15,198,,,,,,Medium,False
synth_low_42_00831,0,132.0,5,74.44,157,,,,,,Low,True
AUD_0,Reading,138.0,5,23.27,107,,,,,,Medium,False
AUD_2174,Reading,156.0,10,27.77,110,,,,,,Medium,False
AUD_1356,Spontaneous,120.0,12,75.8,146,,,,,,Medium,False
synth_low_42_01652,0,105.0,9,85.34,115,,,,,,Low,True
AUD_4100,Reading,108.0,4,60.28,50,,,,,,High,False
AUD_2826,Reading,110.0,12,74.81,55,,,,,,Medium,False
AUD_4074,Spontaneous,123.0,8,68.7,167,,,,,,High,False
AUD_396,Spontaneous,139.0,5,24.91,93,,,,,,Medium,False
synth_low_42_00108,0,149.94,11,42.19,109,,,,,,Low,True
AUD_3112,Spontaneous,179.0,2,72.05,184,,,,,,High,False
AUD_182,Spontaneous,165.0,14,61.14,170,,,,,,High,False
synth_low_42_00374,0,110.0,7,35.72,115,,,,,,Low,True
AUD_1812,Reading,123.0,6,86.75,106,,,,,,High,False
AUD_4376,Spontaneous,170.0,13,55.96,167,,,,,,Medium,False
synth_low_42_00553,0,125.02,13,34.53,169,,,,,,Low,True
AUD_4932,Spontaneous,114.0,14,50.18,115,,,,,,Medium,False
AUD_816,Reading,139.0,7,24.82,168,,,,,,Medium,False
AUD_1572,Reading,130.0,6,32.55,72,,,,,,High,False
AUD_4707,Reading,114.0,4,38.34,112,,,,,,High,False
AUD_1800,Reading,142.0,7,80.31,155,,,,,,High,False
AUD_2280,Spontaneous,96.0,13,64.14,175,,,,,,High,False
AUD_2429,Reading,153.0,13,80.04,67,,,,,,Low,False
synth_low_42_00850,0,105.0,5,20.16,62,,,,,,Low,True
AUD_4541,Spontaneous,174.0,5,51.59,167,,,,,,High,False
synth_low_42_00138,0,127.24,7,66.4,194,,,,,,Low,True
synth_low_42_00899,0,161.0,9,74.81,92,,,,,,Low,True
synth_low_42_01403,0,179.0,8,26.31,198,,,,,,Low,True
AUD_4512,Reading,113.0,13,76.97,76,,,,,,High,False
AUD_1830,Spontaneous,136.0,13,29.98,138,,,,,,Medium,False
AUD_601,Reading,151.0,6,65.8,160,,,,,,Medium,False
synth_low_42_00634,0,138.0,7,33.85,178,,,,,,Low,True
AUD_4755,Spontaneous,112.0,6,83.69,170,,,,,,Medium,False
synth_low_42_01301,0,136.0,3,64.51,142,,,,,,Low,True
AUD_554,Spontaneous,149.0,7,36.66,67,,,,,,High,False
AUD_1159,Reading,170.0,3,79.51,173,,,,,,Medium,False
AUD_1213,Spontaneous,96.0,2,33.27,163,,,,,,High,False
AUD_4043,Spontaneous,139.0,9,55.62,144,,,,,,High,False
AUD_1325,Reading,138.0,8,76.83,182,,,,,,Medium,False
AUD_4165,Spontaneous,114.0,6,88.03,76,,,,,,Medium,False
AUD_997,Spontaneous,103.0,3,64.15,112,,,,,,Medium,False
AUD_700,Reading,163.0,4,67.87,159,,,,,,Medium,False
AUD_2700,Reading,110.0,11,71.95,103,,,,,,Medium,False
AUD_4870,Reading,161.0,7,89.05,110,,,,,,Medium,False
AUD_1847,Reading,152.0,13,22.44,118,,,,,,Medium,False
AUD_4991,Spontaneous,97.0,5,51.01,156,,,,,,High,False
AUD_2796,Spontaneous,159.0,14,68.09,132,,,,,,High,False
AUD_1455,Spontaneous,135.0,11,38.64,79,,,,,,Medium,False
synth_low_42_00689,0,135.34,11,84.54,180,,,,,,Low,True
AUD_4828,Spontaneous,170.0,8,72.17,146,,,,,,Medium,False
AUD_4899,Spontaneous,169.0,3,75.62,161,,,,,,High,False
AUD_866,Reading,105.0,5,45.62,109,,,,,,Medium,False
synth_low_42_00196,0,129.0,14,45.53,155,,,,,,Low,True
AUD_1644,Spontaneous,171.0,8,44.05,176,,,,,,Medium,False
AUD_2140,Spontaneous,158.0,4,70.84,104,,,,,,Medium,False
AUD_4594,Reading,102.0,5,33.48,89,,,,,,High,False
AUD_3520,Spontaneous,111.0,8,57.11,167,,,,,,Low,False
AUD_4266,Spontaneous,173.0,12,70.84,74,,,,,,Medium,False
synth_low_42_01144,0,116.0,5,75.43,126,,,,,,Low,True
AUD_1490,Reading,166.0,7,54.42,125,,,,,,High,False
synth_low_42_01446,0,155.0,9,56.99,180,,,,,,Low,True
AUD_729,Reading,109.0,9,59.09,110,,,,,,Medium,False
AUD_4505,Spontaneous,101.0,10,31.68,129,,,,,,Medium,False
AUD_779,Reading,136.0,5,74.7,105,,,,,,High,False
AUD_2620,Reading,100.0,10,69.09,125,,,,,,Medium,False
AUD_1936,Reading,113.0,7,69.73,73,,,,,,High,False
AUD_4060,Spontaneous,168.0,3,73.61,125,,,,,,Low,False
AUD_3333,Reading,122.0,12,56.41,79,,,,,,High,False
AUD_1110,Reading,92.0,3,55.39,161,,,,,,Medium,False
AUD_3655,Reading,171.0,7,28.98,92,,,,,,Medium,False
synth_low_42_00520,0,98.0,11,80.88,142,,,,,,Low,True
synth_low_42_01071,0,119.31,6,25.45,158,,,,,,Low,True
AUD_2998,Reading,133.0,6,60.59,146,,,,,,High,False
AUD_2394,Spontaneous,157.0,12,41.0,165,,,,,,Medium,False
AUD_1185,Reading,169.0,6,86.57,56,,,,,,Medium,False
AUD_2007,Spontaneous,123.0,4,40.2,164,,,,,,Medium,False
AUD_193,Spontaneous,119.0,7,49.89,143,,,,,,Medium,False
AUD_1515,Spontaneous,101.0,7,88.16,128,,,,,,Medium,False
synth_low_42_00833,0,99.0,11,28.06,112,,,,,,Low,True
AUD_578,Reading,154.0,12,64.26,77,,,,,,Medium,False
AUD_2123,Reading,113.0,8,37.85,125,,,,,,High,False
AUD_1429,Reading,138.0,9,51.6,95,,,,,,High,False
AUD_771,Reading,106.0,11,81.92,142,,,,,,High,False
AUD_2587,Spontaneous,124.0,5,57.67,181,,,,,,High,False
AUD_2395,Reading,108.0,7,60.54,196,,,,,,High,False
synth_low_42_01731,0,108.0,8,64.92,74,,,,,,Low,True
AUD_1846,Reading,91.0,3,73.64,72,,,,,,Medium,False
AUD_131,Reading,114.0,10,56.97,144,,,,,,Medium,False
AUD_178,Reading,155.0,10,30.02,184,,,,,,Medium,False
synth_low_42_01066,0,95.0,7,64.9,167,,,,,,Low,True
AUD_1811,Reading,114.0,9,60.08,75,,,,,,High,False
AUD_4350,Reading,100.0,9,34.55,56,,,,,,High,False
AUD_2580,Reading,124.0,11,23.5,189,,,,,,Medium,False
AUD_4385,Reading,120.0,5,61.58,151,,,,,,Medium,False
AUD_4503,Spontaneous,180.0,13,87.52,70,,,,,,High,False
AUD_2652,Reading,137.0,10,78.3,185,,,,,,High,False
AUD_4434,Spontaneous,109.0,3,82.89,94,,,,,,High,False
AUD_2073,Spontaneous,170.0,9,53.37,140,,,,,,Low,False
AUD_658,Spontaneous,178.0,11,20.13,136,,,,,,High,False
AUD_1896,Reading,104.0,12,51.28,147,,,,,,High,False
AUD_4996,Spontaneous,114.0,7,29.16,118,,,,,,High,False
AUD_2606,Spontaneous,167.0,12,41.84,154,,,,,,High,False
AUD_2221,Reading,165.0,2,86.88,59,,,,,,Medium,False
AUD_3659,Spontaneous,168.0,13,51.41,66,,,,,,High,False
synth_low_42_01426,0,94.52,12,85.13,95,,,,,,Low,True
AUD_2379,Spontaneous,94.0,7,52.11,93,,,,,,Medium,False
AUD_1447,Spontaneous,157.0,4,24.09,165,,,,,,Medium,False
synth_low_42_00653,0,126.88,2,50.73,187,,,,,,Low,True
AUD_342,Reading,147.0,12,21.87,76,,,,,,Low,False
AUD_3372,Spontaneous,171.0,11,77.65,69,,,,,,High,False
AUD_4374,Spontaneous,162.0,7,67.36,107,,,,,,Medium,False
synth_low_42_01359,0,132.0,12,88.65,182,,,,,,Low,True
AUD_2527,Spontaneous,173.0,3,73.37,194,,,,,,Medium,False
AUD_727,Spontaneous,141.0,3,74.85,113,,,,,,Medium,False
synth_low_42_00351,0,116.62,8,53.06,167,,,,,,Low,True
AUD_976,Reading,120.0,8,73.67,162,,,,,,High,False
synth_low_42_01404,0,134.0,7,48.41,129,,,,,,Low,True
synth_low_42_00932,0,98.0,12,68.46,97,,,,,,Low,True
AUD_1928,Spontaneous,124.0,8,59.36,86,,,,,,Medium,False
AUD_3516,Reading,146.0,6,84.27,149,,,,,,High,False
synth_low_42_01534,0,158.0,8,27.82,136,,,,,,Low,True
AUD_4428,Reading,119.0,12,42.43,151,,,,,,Medium,False
synth_low_42_01618,0,137.0,14,75.07,95,,,,,,Low,True
synth_low_42_01524,0,164.55,7,73.6,106,,,,,,Low,True
AUD_1299,Spontaneous,119.0,5,29.9,99,,,,,,Medium,False
AUD_4731,Reading,158.0,11,76.18,83,,,,,,High,False
synth_low_42_01237,0,177.0,12,46.13,127,,,,,,Low,True
AUD_660,Reading,100.0,6,76.92,78,,,,,,Medium,False
AUD_1790,Spontaneous,161.0,2,79.46,178,,,,,,Medium,False
AUD_1492,Reading,101.0,5,80.49,195,,,,,,High,False
AUD_4564,Reading,175.0,13,56.54,117,,,,,,Medium,False
AUD_493,Reading,166.0,10,62.54,166,,,,,,High,False
AUD_3647,Spontaneous,148.0,3,57.99,187,,,,,,Medium,False
AUD_4019,Spontaneous,177.0,5,88.05,59,,,,,,Low,False
AUD_4778,Reading,133.0,13,58.58,143,,,,,,High,False
AUD_4017,Spontaneous,153.0,8,78.59,144,,,,,,High,False
synth_low_42_01308,0,133.73,8,25.96,85,,,,,,Low,True
synth_low_42_01253,0,136.0,4,84.8,110,,,,,,Low,True
synth_low_42_00758,0,132.0,5,30.63,89,,,,,,Low,True
AUD_1085,Spontaneous,158.0,2,44.65,83,,,,,,High,False
synth_low_42_01408,0,158.0,6,75.85,68,,,,,,Low,True
AUD_4119,Reading,145.0,11,87.13,50,,,,,,High,False
AUD_694,Reading,151.0,3,67.12,93,,,,,,High,False
AUD_1278,Reading,166.0,14,38.14,166,,,,,,Medium,False
AUD_3198,Reading,91.0,3,49.09,181,,,,,,Medium,False
synth_low_42_00093,0,121.0,8,48.98,182,,,,,,Low,True
AUD_1621,Reading,151.0,4,70.04,123,,,,,,Medium,False
AUD_3792,Reading,179.0,4,24.92,177,,,,,,High,False
AUD_3708,Reading,96.0,8,27.78,54,,,,,,Low,False
AUD_2561,Reading,104.0,14,75.76,65,,,,,,High,False
synth_low_42_01614,0,134.0,2,89.69,66,,,,,,Low,True
AUD_4600,Spontaneous,139.0,7,76.39,92,,,,,,High,False
AUD_67,Reading,91.0,6,78.77,192,,,,,,Medium,False
AUD_1731,Spontaneous,144.0,2,82.47,153,,,,,,Medium,False
synth_low_42_01748,0,157.88,5,32.45,138,,,,,,Low,True
AUD_2269,Reading,99.0,11,25.58,81,,,,,,High,False
synth_low_42_01085,0,107.03,10,26.1,57,,,,,,Low,True
AUD_4048,Spontaneous,109.0,7,44.79,114,,,,,,High,False
synth_low_42_00354,0,119.0,4,65.96,151,,,,,,Low,True
AUD_820,Reading,173.0,10,66.34,173,,,,,,Medium,False
AUD_1226,Spontaneous,174.0,10,29.38,55,,,,,,High,False
AUD_1677,Reading,134.0,9,62.15,188,,,,,,Medium,False
synth_low_42_00681,0,121.0,9,27.44,161,,,,,,Low,True
AUD_2867,Reading,136.0,10,41.68,62,,,,,,High,False
AUD_3447,Spontaneous,178.0,12,47.76,72,,,,,,High,False
AUD_4959,Spontaneous,176.0,14,60.66,173,,,,,,Medium,False
AUD_2367,Reading,95.0,13,28.85,136,,,,,,Medium,False
synth_low_42_00546,0,94.0,9,41.45,82,,,,,,Low,True
AUD_4525,Reading,94.0,9,65.17,82,,,,,,High,False
AUD_2512,Spontaneous,164.0,14,75.56,77,,,,,,Medium,False
synth_low_42_00273,0,98.86,13,49.52,51,,,,,,Low,True
AUD_2723,Spontaneous,107.0,5,34.24,139,,,,,,High,False
synth_low_42_01054,0,129.0,10,55.01,74,,,,,,Low,True
synth_low_42_00786,0,155.0,2,39.89,125,,,,,,Low,True
synth_low_42_00021,0,98.92,10,37.82,140,,,,,,Low,True
AUD_1143,Spontaneous,118.0,9,39.72,119,,,,,,High,False
AUD_397,Spontaneous,113.0,3,40.69,133,,,,,,High,False
synth_low_42_01258,0,135.78,12,32.66,81,,,,,,Low,True
synth_low_42_01214,0,146.97,13,36.95,120,,,,,,Low,True
AUD_786,Spontaneous,115.0,11,81.71,87,,,,,,Medium,False
synth_low_42_00826,0,169.58,10,50.68,84,,,,,,Low,True
AUD_4539,Reading,153.0,2,24.8,50,,,,,,Medium,False
AUD_1398,Spontaneous,128.0,12,74.29,177,,,,,,Medium,False
AUD_1659,Reading,140.0,14,58.41,153,,,,,,Medium,False
synth_low_42_00361,0,99.0,13,80.57,151,,,,,,Low,True
AUD_4935,Reading,113.0,6,53.01,154,,,,,,Medium,False
AUD_3134,Spontaneous,142.0,3,30.37,161,,,,,,Medium,False
AUD_3398,Reading,137.0,2,80.95,89,,,,,,High,False
AUD_2220,Reading,165.0,10,81.47,173,,,,,,High,False
AUD_979,Spontaneous,125.0,8,21.36,74,,,,,,High,False
AUD_2331,Reading,176.0,11,87.29,85,,,,,,High,False
AUD_3784,Spontaneous,149.0,11,57.86,124,,,,,,Medium,False
AUD_1298,Reading,109.0,5,49.37,90,,,,,,High,False
AUD_4122,Reading,154.0,3,88.61,140,,,,,,High,False
AUD_4477,Spontaneous,155.0,13,36.02,175,,,,,,High,False
synth_low_42_01557,0,96.0,3,42.8,117,,,,,,Low,True
AUD_3693,Spontaneous,121.0,2,25.78,60,,,,,,High,False
AUD_82,Spontaneous,156.0,14,42.44,68,,,,,,High,False
AUD_4002,Reading,143.0,14,64.08,197,,,,,,High,False
AUD_4291,Spontaneous,115.0,13,56.14,127,,,,,,Medium,False
synth_low_42_00314,0,136.0,6,41.09,140,,,,,,Low,True
AUD_4556,Reading,132.0,9,35.37,120,,,,,,Medium,False
synth_low_42_00814,0,122.47,13,44.83,130,,,,,,Low,True
AUD_4144,Reading,169.0,9,46.98,56,,,,,,High,False
AUD_2903,Spontaneous,179.0,12,66.57,98,,,,,,High,False
AUD_423,Spontaneous,108.0,11,21.56,198,,,,,,Medium,False
synth_low_42_00884,0,174.15,12,60.31,55,,,,,,Low,True
AUD_1904,Reading,99.0,5,25.0,86,,,,,,High,False
synth_low_42_01160,0,123.0,3,41.37,123,,,,,,Low,True
AUD_1530,Spontaneous,104.0,10,48.98,108,,,,,,Medium,False
AUD_4819,Spontaneous,121.0,9,64.46,155,,,,,,Medium,False
AUD_1565,Reading,128.0,5,74.42,161,,,,,,High,False
synth_low_42_01007,0,118.0,11,60.87,163,,,,,,Low,True
AUD_3618,Reading,150.0,5,73.88,91,,,,,,Low,False
AUD_2749,Reading,124.0,4,67.45,52,,,,,,High,False
AUD_839,Spontaneous,166.0,13,80.07,130,,,,,,High,False
AUD_500,Spontaneous,141.0,2,22.54,84,,,,,,Medium,False
AUD_4157,Reading,113.0,7,71.05,74,,,,,,High,False
AUD_141,Reading,103.0,2,37.54,134,,,,,,High,False
synth_low_42_00614,0,105.0,4,44.92,98,,,,,,Low,True
AUD_2605,Reading,143.0,9,51.64,90,,,,,,High,False
synth_low_42_00595,0,161.0,12,55.1,82,,,,,,Low,True
AUD_1377,Spontaneous,166.0,13,63.38,103,,,,,,High,False
AUD_3674,Spontaneous,164.0,6,64.92,96,,,,,,Medium,False
synth_low_42_00281,0,161.0,5,48.49,65,,,,,,Low,True
synth_low_42_01661,0,177.0,12,62.36,97,,,,,,Low,True
AUD_2266,Spontaneous,151.0,2,39.25,59,,,,,,High,False
AUD_3322,Spontaneous,151.0,11,27.94,136,,,,,,Medium,False
synth_low_42_01644,0,106.19,6,47.59,51,,,,,,Low,True
AUD_3808,Spontaneous,119.0,3,83.64,121,,,,,,Medium,False
AUD_1138,Spontaneous,101.0,13,80.69,193,,,,,,Medium,False
AUD_2257,Reading,174.0,9,53.33,181,,,,,,Low,False
synth_low_42_00929,0,125.33,5,33.21,151,,,,,,Low,True
AUD_844,Spontaneous,133.0,5,32.0,72,,,,,,Medium,False
AUD_1787,Reading,167.0,12,79.51,131,,,,,,High,False
AUD_4393,Spontaneous,118.0,12,25.48,109,,,,,,High,False
AUD_550,Spontaneous,131.0,13,32.99,167,,,,,,Medium,False
synth_low_42_00384,0,151.1,3,56.88,52,,,,,,Low,True
AUD_459,Reading,91.0,6,56.46,141,,,,,,High,False
AUD_2019,Reading,129.0,13,73.7,152,,,,,,High,False
AUD_4515,Reading,152.0,5,39.83,167,,,,,,High,False
synth_low_42_01208,0,123.0,10,75.19,80,,,,,,Low,True
AUD_948,Reading,166.0,9,85.34,129,,,,,,Low,False
AUD_3700,Spontaneous,144.0,7,89.24,198,,,,,,Medium,False
AUD_1336,Spontaneous,174.0,6,69.73,167,,,,,,High,False
AUD_4031,Spontaneous,177.0,5,38.75,151,,,,,,Low,False
AUD_532,Spontaneous,91.0,14,57.2,99,,,,,,High,False
AUD_3262,Spontaneous,153.0,9,77.62,152,,,,,,High,False
AUD_4502,Reading,142.0,7,52.13,113,,,,,,High,False
AUD_1829,Spontaneous,137.0,9,52.68,84,,,,,,Medium,False
AUD_4663,Reading,139.0,7,23.17,129,,,,,,Medium,False
synth_low_42_00995,0,128.0,7,61.16,55,,,,,,Low,True
synth_low_42_00652,0,99.0,10,50.7,158,,,,,,Low,True
AUD_4222,Reading,98.0,7,85.15,163,,,,,,High,False
AUD_1602,Reading,113.0,12,38.66,128,,,,,,Medium,False
AUD_2238,Spontaneous,143.0,2,23.26,168,,,,,,Low,False
AUD_639,Reading,113.0,11,82.23,136,,,,,,Medium,False
synth_low_42_01562,0,107.7,7,80.98,146,,,,,,Low,True
AUD_3830,Reading,95.0,2,50.26,103,,,,,,High,False
AUD_967,Reading,179.0,13,49.07,117,,,,,,High,False
synth_low_42_00740,0,152.0,3,73.61,166,,,,,,Low,True
AUD_123,Reading,95.0,3,35.33,52,,,,,,Medium,False
AUD_1683,Spontaneous,149.0,4,88.0,193,,,,,,High,False
AUD_2248,Spontaneous,172.0,10,75.7,82,,,,,,Low,False
synth_low_42_01475,0,111.0,9,49.15,126,,,,,,Low,True
synth_low_42_01300,0,166.0,10,64.93,143,,,,,,Low,True
AUD_1070,Reading,119.0,11,67.94,195,,,,,,Medium,False
AUD_155,Spontaneous,157.0,6,70.47,138,,,,,,Medium,False
AUD_2295,Reading,148.0,3,28.19,198,,,,,,Medium,False
AUD_4316,Reading,111.0,13,53.2,169,,,,,,High,False
AUD_4608,Reading,171.0,3,53.37,86,,,,,,High,False
AUD_1089,Reading,102.0,11,89.32,50,,,,,,High,False
AUD_4454,Reading,97.0,14,39.23,78,,,,,,High,False
AUD_2319,Spontaneous,102.0,13,32.69,142,,,,,,High,False
AUD_2940,Spontaneous,125.0,11,52.18,119,,,,,,High,False
synth_low_42_01191,0,174.0,6,43.54,126,,,,,,Low,True
AUD_288,Reading,128.0,4,87.96,195,,,,,,Medium,False
AUD_930,Reading,103.0,6,37.66,95,,,,,,High,False
synth_low_42_01576,0,171.0,12,31.77,56,,,,,,Low,True
AUD_2909,Reading,133.0,12,49.65,177,,,,,,Medium,False
AUD_4359,Spontaneous,100.0,9,31.37,183,,,,,,High,False
synth_low_42_01689,0,110.0,14,62.02,110,,,,,,Low,True
AUD_2884,Spontaneous,118.0,4,86.28,181,,,,,,Medium,False
AUD_4486,Reading,102.0,9,81.81,181,,,,,,High,False
AUD_3733,Spontaneous,122.0,13,66.04,124,,,,,,High,False
synth_low_42_01230,0,99.0,13,75.33,77,,,,,,Low,True
AUD_3247,Spontaneous,145.0,2,28.08,117,,,,,,Medium,False
synth_low_42_01166,0,166.0,10,82.45,140,,,,,,Low,True
AUD_3000,Reading,144.0,2,38.96,85,,,,,,Medium,False
synth_low_42_00039,0,167.88,7,82.44,138,,,,,,Low,True
AUD_1337,Spontaneous,165.0,8,31.18,191,,,,,,High,False
synth_low_42_01699,0,126.53,13,69.68,63,,,,,,Low,True
AUD_942,Reading,162.0,13,62.5,92,,,,,,Medium,False
AUD_2354,Spontaneous,151.0,7,53.31,190,,,,,,Medium,False
synth_low_42_00398,0,120.0,8,50.63,51,,,,,,Low,True
synth_low_42_00865,0,129.0,9,51.45,181,,,,,,Low,True
synth_low_42_01329,0,118.0,12,34.63,191,,,,,,Low,True
AUD_1698,Spontaneous,154.0,9,84.07,52,,,,,,Medium,False
synth_low_42_01550,0,141.0,3,65.1,104,,,,,,Low,True
AUD_4695,Reading,109.0,7,40.87,181,,,,,,Medium,False
synth_low_42_01757,0,168.0,9,80.12,198,,,,,,Low,True
synth_low_42_00951,0,91.29,14,84.61,194,,,,,,Low,True
AUD_3831,Spontaneous,135.0,13,70.92,91,,,,,,High,False
AUD_4793,Spontaneous,108.0,7,59.67,91,,,,,,Medium,False
synth_low_42_01186,0,138.0,10,55.11,110,,,,,,Low,True
AUD_985,Spontaneous,144.0,8,28.6,189,,,,,,Medium,False
AUD_1821,Spontaneous,158.0,8,21.33,73,,,,,,High,False
AUD_4012,Spontaneous,128.0,10,47.63,117,,,,,,Low,False
synth_low_42_00128,0,136.0,3,73.6,147,,,,,,Low,True
synth_low_42_01483,0,97.0,13,55.06,190,,,,,,Low,True
AUD_981,Reading,98.0,6,71.89,143,,,,,,Medium,False
AUD_4606,Reading,154.0,10,30.4,116,,,,,,High,False
AUD_3799,Spontaneous,152.0,11,88.2,168,,,,,,Medium,False
synth_low_42_01316,0,165.66,7,82.41,184,,,,,,Low,True
synth_low_42_01430,0,126.0,7,33.27,127,,,,,,Low,True
synth_low_42_01753,0,111.24,14,75.08,56,,,,,,Low,True
synth_low_42_00304,0,131.08,10,56.87,138,,,,,,Low,True
AUD_4299,Spontaneous,109.0,12,24.58,158,,,,,,High,False
AUD_1473,Reading,90.0,4,43.27,88,,,,,,High,False
synth_low_42_00156,0,156.97,6,28.29,169,,,,,,Low,True
synth_low_42_00788,0,129.0,12,35.6,52,,,,,,Low,True
synth_low_42_00694,0,105.0,11,80.17,127,,,,,,Low,True
AUD_2258,Spontaneous,168.0,5,84.44,143,,,,,,High,False
synth_low_42_00391,0,128.96,7,49.14,137,,,,,,Low,True
AUD_1457,Reading,176.0,13,43.05,84,,,,,,Low,False
AUD_3557,Spontaneous,157.0,9,40.82,170,,,,,,High,False
AUD_1395,Spontaneous,94.0,5,81.97,62,,,,,,High,False
AUD_264,Spontaneous,162.0,12,39.73,157,,,,,,Medium,False
AUD_3548,Spontaneous,101.0,12,59.57,195,,,,,,High,False
AUD_3547,Spontaneous,127.0,8,33.15,73,,,,,,High,False
AUD_2748,Reading,107.0,11,68.55,153,,,,,,Medium,False
AUD_4231,Spontaneous,140.0,13,70.57,140,,,,,,Medium,False
AUD_2692,Reading,143.0,2,41.7,84,,,,,,High,False
synth_low_42_01198,0,154.02,3,35.4,187,,,,,,Low,True
AUD_4872,Spontaneous,117.0,8,49.04,188,,,,,,Medium,False
AUD_4121,Spontaneous,106.0,3,73.87,67,,,,,,Medium,False
AUD_929,Reading,178.0,8,30.66,119,,,,,,High,False
AUD_4786,Reading,138.0,5,85.84,72,,,,,,High,False
AUD_3864,Reading,126.0,8,88.75,122,,,,,,High,False
synth_low_42_00639,0,138.23,10,25.37,149,,,,,,Low,True
AUD_2400,Reading,117.0,6,26.0,62,,,,,,High,False
AUD_2178,Spontaneous,109.0,10,83.02,118,,,,,,High,False
AUD_4908,Spontaneous,133.0,2,52.92,166,,,,,,High,False
AUD_3908,Reading,107.0,13,38.01,91,,,,,,High,False
AUD_3866,Spontaneous,123.0,2,86.49,179,,,,,,High,False
AUD_3711,Reading,110.0,5,69.88,139,,,,,,High,False
AUD_246,Reading,116.0,6,23.93,87,,,,,,High,False
AUD_1594,Reading,122.0,2,69.19,187,,,,,,Medium,False
AUD_1758,Reading,99.0,4,84.24,98,,,,,,High,False
synth_low_42_01608,0,147.0,10,51.55,117,,,,,,Low,True
AUD_4582,Reading,139.0,7,65.67,76,,,,,,Medium,False
AUD_923,Spontaneous,159.0,3,80.7,184,,,,,,Medium,False
synth_low_42_00879,0,177.0,6,37.81,177,,,,,,Low,True
synth_low_42_00019,0,128.0,13,60.91,117,,,,,,Low,True
AUD_268,Reading,110.0,11,27.71,119,,,,,,High,False
AUD_669,Spontaneous,104.0,9,61.9,62,,,,,,Medium,False
AUD_3604,Spontaneous,127.0,8,64.74,92,,,,,,Medium,False
synth_low_42_00112,0,151.0,12,74.13,159,,,,,,Low,True
AUD_1910,Reading,112.0,5,35.46,79,,,,,,High,False
synth_low_42_00406,0,154.4,10,30.07,180,,,,,,Low,True
AUD_4725,Reading,147.0,5,29.69,80,,,,,,Medium,False
AUD_1152,Spontaneous,96.0,6,79.18,182,,,,,,Medium,False
synth_low_42_01733,0,159.0,6,84.17,91,,,,,,Low,True
AUD_3958,Reading,121.0,10,21.39,164,,,,,,Medium,False
synth_low_42_00976,0,142.52,5,37.8,197,,,,,,Low,True
synth_low_42_01538,0,170.72,12,33.51,101,,,,,,Low,True
synth_low_42_00101,0,117.62,6,48.35,175,,,,,,Low,True
AUD_2696,Spontaneous,104.0,3,36.4,131,,,,,,Medium,False
AUD_2591,Spontaneous,130.0,2,81.5,117,,,,,,Medium,False
synth_low_42_00746,0,158.82,10,46.18,171,,,,,,Low,True
AUD_1781,Spontaneous,178.0,2,55.51,147,,,,,,Medium,False
AUD_2413,Spontaneous,176.0,7,84.51,56,,,,,,High,False
AUD_3013,Reading,176.0,9,57.87,87,,,,,,High,False
synth_low_42_00935,0,112.0,9,50.92,106,,,,,,Low,True
AUD_2307,Reading,111.0,2,38.0,131,,,,,,High,False
AUD_4578,Reading,101.0,9,33.9,177,,,,,,Low,False
AUD_3690,Spontaneous,163.0,3,39.15,54,,,,,,High,False
AUD_687,Spontaneous,139.0,6,29.25,174,,,,,,Medium,False
AUD_1915,Reading,113.0,2,26.86,86,,,,,,Medium,False
synth_low_42_01389,0,139.0,8,38.54,122,,,,,,Low,True
AUD_612,Spontaneous,134.0,12,80.3,144,,,,,,High,False
synth_low_42_01079,0,95.0,4,82.42,126,,,,,,Low,True
AUD_3071,Reading,138.0,8,37.8,90,,,,,,Medium,False
synth_low_42_00023,0,147.0,9,65.75,117,,,,,,Low,True
AUD_3200,Reading,167.0,6,20.8,66,,,,,,High,False
AUD_2267,Reading,110.0,8,67.12,87,,,,,,Medium,False
synth_low_42_01516,0,176.59,6,71.1,190,,,,,,Low,True
AUD_2533,Spontaneous,94.0,12,72.49,142,,,,,,Medium,False
AUD_39,Spontaneous,146.0,9,50.14,81,,,,,,High,False
AUD_1898,Spontaneous,110.0,7,47.79,101,,,,,,Medium,False
AUD_1649,Reading,112.0,9,77.11,78,,,,,,High,False
synth_low_42_00119,0,156.0,11,53.46,54,,,,,,Low,True
AUD_258,Reading,101.0,13,76.57,177,,,,,,High,False
AUD_2924,Reading,135.0,13,52.19,136,,,,,,High,False
AUD_2434,Spontaneous,98.0,12,62.62,125,,,,,,Low,False
AUD_847,Reading,163.0,12,78.8,54,,,,,,High,False
AUD_2822,Spontaneous,156.0,8,28.31,155,,,,,,High,False
AUD_4986,Spontaneous,139.0,14,47.05,142,,,,,,High,False
AUD_3339,Reading,162.0,14,79.83,73,,,,,,Medium,False
AUD_3525,Spontaneous,126.0,14,23.31,107,,,,,,High,False
synth_low_42_00763,0,175.0,14,85.04,136,,,,,,Low,True
AUD_4696,Spontaneous,143.0,7,58.86,162,,,,,,High,False
AUD_4678,Spontaneous,116.0,14,35.42,88,,,,,,Medium,False
AUD_1233,Spontaneous,113.0,5,32.66,108,,,,,,High,False
AUD_1127,Spontaneous,147.0,9,76.96,167,,,,,,High,False
AUD_2285,Spontaneous,157.0,10,87.33,178,,,,,,High,False
AUD_1967,Spontaneous,180.0,6,87.37,149,,,,,,Medium,False
AUD_3982,Spontaneous,130.0,8,66.94,191,,,,,,Medium,False
AUD_558,Reading,171.0,11,41.52,60,,,,,,High,False
AUD_904,Spontaneous,150.0,3,29.75,183,,,,,,Medium,False
AUD_2614,Spontaneous,137.0,14,20.95,83,,,,,,Medium,False
AUD_3143,Spontaneous,142.0,14,59.48,128,,,,,,Medium,False
AUD_3668,Spontaneous,133.0,3,65.43,131,,,,,,Medium,False
AUD_484,Spontaneous,105.0,6,81.95,160,,,,,,High,False
AUD_2211,Reading,153.0,4,49.83,71,,,,,,High,False
AUD_1320,Reading,177.0,4,44.17,79,,,,,,High,False
AUD_4194,Spontaneous,121.0,12,68.91,138,,,,,,Medium,False
AUD_2555,Spontaneous,117.0,4,23.13,132,,,,,,Medium,False
synth_low_42_01477,0,151.0,4,58.21,125,,,,,,Low,True
AUD_7,Spontaneous,107.0,4,53.89,161,,,,,,High,False
AUD_3657,Spontaneous,149.0,2,77.19,55,,,,,,High,False
AUD_2315,Reading,101.0,8,73.85,89,,,,,,High,False
synth_low_42_00756,0,176.39,13,32.19,125,,,,,,Low,True
AUD_4967,Spontaneous,91.0,4,87.96,195,,,,,,High,False
synth_low_42_00501,0,108.97,12,75.91,128,,,,,,Low,True
synth_low_42_00966,0,174.0,9,73.6,152,,,,,,Low,True
AUD_4169,Reading,178.0,9,71.45,93,,,,,,High,False
AUD_1450,Reading,129.0,4,47.84,124,,,,,,Medium,False
AUD_1201,Reading,162.0,7,40.98,120,,,,,,Medium,False
AUD_2426,Spontaneous,175.0,10,52.18,193,,,,,,High,False
AUD_2648,Reading,98.0,11,25.7,106,,,,,,High,False
AUD_1814,Spontaneous,171.0,12,68.18,75,,,,,,High,False
synth_low_42_00564,0,110.4,12,39.69,158,,,,,,Low,True
AUD_2726,Spontaneous,178.0,4,84.1,118,,,,,,High,False
AUD_773,Spontaneous,131.0,8,25.22,105,,,,,,Medium,False
AUD_2274,Spontaneous,133.0,5,24.24,167,,,,,,Medium,False
AUD_1011,Reading,125.0,7,64.25,152,,,,,,High,False
AUD_4588,Reading,164.0,5,22.03,72,,,,,,High,False
AUD_3168,Reading,148.0,2,57.79,131,,,,,,High,False
AUD_1067,Reading,130.0,4,81.46,119,,,,,,Medium,False
AUD_1991,Spontaneous,106.0,4,32.93,108,,,,,,Medium,False
AUD_3970,Reading,167.0,3,86.74,120,,,,,,High,False
AUD_1277,Spontaneous,129.0,9,66.19,174,,,,,,Medium,False
AUD_1783,Reading,159.0,11,84.64,145,,,,,,High,False
AUD_3992,Reading,141.0,8,49.26,67,,,,,,High,False
synth_low_42_00289,0,160.19,8,62.59,117,,,,,,Low,True
AUD_446,Spontaneous,95.0,6,29.34,164,,,,,,Medium,False
AUD_880,Spontaneous,166.0,3,70.68,71,,,,,,High,False
AUD_4624,Spontaneous,136.0,7,26.64,161,,,,,,Medium,False
AUD_3867,Reading,115.0,10,46.82,131,,,,,,Medium,False
synth_low_42_01057,0,140.0,2,32.85,96,,,,,,Low,True
AUD_2727,Spontaneous,112.0,10,48.44,140,,,,,,High,False
AUD_3048,Spontaneous,99.0,11,21.11,76,,,,,,High,False
synth_low_42_00451,0,136.47,13,34.26,99,,,,,,Low,True
AUD_3994,Spontaneous,106.0,6,38.8,151,,,,,,High,False
AUD_781,Reading,179.0,5,42.5,50,,,,,,High,False
AUD_2651,Spontaneous,99.0,2,72.06,117,,,,,,High,False
synth_low_42_01599,0,177.0,5,81.41,197,,,,,,Low,True
AUD_1749,Spontaneous,169.0,8,86.59,75,,,,,,Medium,False
AUD_2126,Reading,137.0,13,73.29,152,,,,,,Medium,False
AUD_2260,Spontaneous,130.0,8,35.86,87,,,,,,High,False
AUD_2791,Spontaneous,144.0,7,41.39,166,,,,,,Medium,False
AUD_2423,Reading,150.0,10,36.45,187,,,,,,High,False
synth_low_42_01630,0,161.0,14,69.46,171,,,,,,Low,True
synth_low_42_00859,0,95.0,13,30.65,99,,,,,,Low,True
AUD_883,Spontaneous,169.0,11,70.03,163,,,,,,Medium,False
synth_low_42_00487,0,152.36,3,77.24,130,,,,,,Low,True
AUD_1091,Spontaneous,113.0,12,57.86,56,,,,,,Medium,False
synth_low_42_01073,0,141.0,13,88.0,184,,,,,,Low,True
AUD_4680,Reading,122.0,14,80.8,193,,,,,,High,False
AUD_531,Spontaneous,130.0,4,81.49,73,,,,,,Medium,False
synth_low_42_00784,0,122.0,10,30.01,142,,,,,,Low,True
AUD_2438,Spontaneous,101.0,8,84.28,98,,,,,,Medium,False
synth_low_42_00821,0,106.28,11,83.29,109,,,,,,Low,True
synth_low_42_00001,0,112.0,10,50.78,104,,,,,,Low,True
AUD_2608,Reading,139.0,7,59.74,115,,,,,,High,False
synth_low_42_00572,0,136.94,10,57.11,52,,,,,,Low,True
AUD_2290,Spontaneous,166.0,2,64.32,121,,,,,,Medium,False
AUD_1727,Reading,98.0,9,68.21,55,,,,,,Medium,False
AUD_610,Reading,138.0,5,30.07,106,,,,,,High,False
AUD_3721,Spontaneous,148.0,5,72.34,66,,,,,,Medium,False
AUD_570,Reading,128.0,6,57.14,64,,,,,,High,False
AUD_1979,Spontaneous,113.0,5,66.74,125,,,,,,Medium,False
AUD_1317,Spontaneous,133.0,12,45.88,198,,,,,,Medium,False
synth_low_42_01453,0,100.56,3,40.2,194,,,,,,Low,True
AUD_4078,Reading,122.0,3,69.61,136,,,,,,Medium,False
AUD_343,Reading,156.0,14,86.34,138,,,,,,Medium,False
AUD_587,Reading,153.0,11,63.96,126,,,,,,High,False
synth_low_42_00543,0,103.12,13,64.03,151,,,,,,Low,True
AUD_3750,Reading,177.0,4,36.55,159,,,,,,Medium,False
AUD_636,Reading,117.0,12,46.9,54,,,,,,High,False
AUD_434,Reading,165.0,6,41.01,88,,,,,,High,False
AUD_1903,Spontaneous,162.0,12,89.85,109,,,,,,Medium,False
AUD_3215,Spontaneous,144.0,10,36.88,125,,,,,,Medium,False
AUD_97,Reading,104.0,6,31.68,129,,,,,,Medium,False
AUD_4689,Spontaneous,127.0,8,61.28,68,,,,,,Medium,False
AUD_4254,Reading,100.0,13,24.65,96,,,,,,Medium,False
synth_low_42_00339,0,101.7,12,60.42,197,,,,,,Low,True
synth_low_42_01468,0,96.0,11,88.23,193,,,,,,Low,True
AUD_2069,Spontaneous,105.0,9,21.56,198,,,,,,Medium,False
AUD_1537,Reading,176.0,8,85.34,114,,,,,,High,False
AUD_3588,Spontaneous,98.0,11,81.89,59,,,,,,High,False
AUD_3648,Reading,117.0,12,31.82,148,,,,,,Low,False
synth_low_42_00405,0,112.0,3,77.71,51,,,,,,Low,True
AUD_1517,Reading,131.0,5,62.37,136,,,,,,Medium,False
synth_low_42_00974,0,158.9,10,28.74,92,,,,,,Low,True
AUD_3669,Spontaneous,168.0,4,33.93,130,,,,,,Medium,False
AUD_2090,Spontaneous,148.0,9,68.41,116,,,,,,High,False
AUD_572,Reading,100.0,13,20.24,121,,,,,,High,False
synth_low_42_01172,0,128.0,13,45.99,56,,,,,,Low,True
synth_low_42_00641,0,162.29,7,48.54,110,,,,,,Low,True
AUD_3062,Reading,159.0,14,75.69,173,,,,,,Medium,False
AUD_4292,Reading,173.0,7,40.41,107,,,,,,High,False
AUD_4915,Reading,144.0,5,82.69,145,,,,,,High,False
AUD_4392,Reading,96.0,14,20.53,75,,,,,,High,False
AUD_4535,Spontaneous,140.0,4,21.35,123,,,,,,High,False
AUD_370,Reading,154.0,5,38.25,55,,,,,,Low,False
AUD_1938,Reading,122.0,3,34.59,194,,,,,,High,False
synth_low_42_00381,0,96.0,5,73.87,85,,,,,,Low,True
synth_low_42_00862,0,104.51,13,40.17,171,,,,,,Low,True
AUD_3670,Reading,166.0,5,47.8,183,,,,,,High,False
AUD_3652,Reading,137.0,7,27.47,119,,,,,,Medium,False
AUD_2361,Reading,115.0,3,80.81,54,,,,,,Medium,False
synth_low_42_01713,0,103.06,3,62.7,68,,,,,,Low,True
synth_low_42_01120,0,136.0,8,51.53,152,,,,,,Low,True
AUD_3737,Reading,94.0,6,31.73,144,,,,,,High,False
AUD_4168,Reading,122.0,12,33.64,178,,,,,,Medium,False
AUD_4672,Spontaneous,128.0,2,46.46,137,,,,,,High,False
AUD_4974,Spontaneous,176.0,4,29.63,152,,,,,,Medium,False
AUD_1171,Spontaneous,177.0,8,30.16,117,,,,,,Low,False
synth_low_42_00246,0,98.54,13,89.66,161,,,,,,Low,True
AUD_1422,Reading,124.0,11,71.73,78,,,,,,Medium,False
synth_low_42_01093,0,122.0,2,61.91,190,,,,,,Low,True
synth_low_42_00975,0,115.42,11,28.12,106,,,,,,Low,True
synth_low_42_01248,0,97.0,14,49.21,148,,,,,,Low,True
AUD_874,Spontaneous,136.0,5,48.41,135,,,,,,Medium,False
AUD_2297,Reading,121.0,3,33.13,55,,,,,,Medium,False
AUD_2643,Spontaneous,143.0,2,43.19,83,,,,,,High,False
synth_low_42_00885,0,102.0,7,74.13,95,,,,,,Low,True
AUD_840,Spontaneous,142.0,14,31.33,67,,,,,,Medium,False
AUD_581,Spontaneous,128.0,10,55.73,136,,,,,,Medium,False
AUD_204,Reading,144.0,3,27.22,162,,,,,,Medium,False
AUD_1641,Spontaneous,143.0,14,34.38,165,,,,,,High,False
AUD_2014,Reading,151.0,7,89.87,106,,,,,,Medium,False
AUD_3253,Reading,143.0,10,45.25,123,,,,,,Medium,False
AUD_4180,Spontaneous,171.0,2,25.28,60,,,,,,High,False
AUD_905,Reading,128.0,11,68.33,105,,,,,,High,False
AUD_631,Reading,117.0,8,51.3,136,,,,,,High,False
AUD_4810,Reading,112.0,11,67.64,159,,,,,,Medium,False
AUD_4348,Reading,155.0,4,42.78,68,,,,,,Medium,False
AUD_1974,Spontaneous,155.0,6,53.33,112,,,,,,High,False
AUD_162,Spontaneous,176.0,7,63.76,65,,,,,,Medium,False
AUD_4626,Spontaneous,135.0,11,27.9,54,,,,,,High,False
synth_low_42_01101,0,144.3,6,71.75,96,,,,,,Low,True
AUD_4310,Spontaneous,118.0,12,62.67,125,,,,,,High,False
AUD_875,Reading,176.0,9,66.31,131,,,,,,High,False
AUD_1431,Spontaneous,107.0,4,60.91,196,,,,,,Medium,False
synth_low_42_00721,0,174.0,12,41.08,196,,,,,,Low,True
AUD_4307,Spontaneous,168.0,11,20.94,87,,,,,,Medium,False
AUD_2856,Spontaneous,180.0,9,57.27,141,,,,,,High,False
AUD_1861,Spontaneous,101.0,12,60.96,164,,,,,,Medium,False
AUD_2659,Reading,125.0,4,47.3,181,,,,,,Medium,False
AUD_3384,Spontaneous,149.0,5,36.15,106,,,,,,Medium,False
synth_low_42_01234,0,144.0,11,73.91,80,,,,,,Low,True
synth_low_42_01000,0,142.35,9,34.26,110,,,,,,Low,True
AUD_3331,Reading,177.0,4,28.51,86,,,,,,High,False
synth_low_42_00559,0,166.0,3,76.2,138,,,,,,Low,True
synth_low_42_00105,0,111.0,6,49.13,70,,,,,,Low,True
AUD_4726,Spontaneous,162.0,2,45.06,119,,,,,,Medium,False
AUD_2096,Reading,141.0,7,35.15,51,,,,,,Medium,False
AUD_2003,Spontaneous,165.0,7,78.29,60,,,,,,High,False
AUD_546,Spontaneous,136.0,10,25.57,127,,,,,,Low,False
AUD_1449,Spontaneous,125.0,14,39.33,191,,,,,,Medium,False
AUD_4697,Spontaneous,176.0,5,77.94,115,,,,,,Medium,False
AUD_2610,Reading,138.0,4,54.14,149,,,,,,Medium,False
AUD_1900,Reading,118.0,12,71.67,67,,,,,,High,False
synth_low_42_01589,0,139.56,9,65.15,94,,,,,,Low,True
AUD_2757,Reading,140.0,14,42.71,178,,,,,,Medium,False
AUD_1885,Reading,156.0,7,86.24,182,,,,,,High,False
synth_low_42_01571,0,111.0,13,24.21,80,,,,,,Low,True
AUD_2097,Reading,138.0,11,64.37,50,,,,,,High,False
synth_low_42_00905,0,100.0,7,45.43,151,,,,,,Low,True
synth_low_42_01100,0,158.69,12,25.41,142,,,,,,Low,True
AUD_836,Reading,161.0,3,41.48,105,,,,,,Low,False
AUD_3471,Spontaneous,150.0,7,42.37,114,,,,,,Medium,False
synth_low_42_00402,0,128.0,12,25.59,71,,,,,,Low,True
AUD_2171,Reading,137.0,11,38.21,78,,,,,,Medium,False
synth_low_42_00837,0,97.0,5,76.11,103,,,,,,Low,True
synth_low_42_00783,0,155.36,10,39.06,80,,,,,,Low,True
AUD_398,Reading,114.0,11,68.46,74,,,,,,High,False
AUD_2010,Reading,176.0,7,64.77,105,,,,,,High,False
synth_low_42_01560,0,128.74,5,31.15,82,,,,,,Low,True
AUD_1283,Spontaneous,95.0,3,39.75,198,,,,,,Low,False
AUD_4963,Reading,112.0,13,46.02,158,,,,,,Medium,False
AUD_1836,Reading,147.0,7,26.66,132,,,,,,High,False
AUD_1019,Spontaneous,94.0,13,23.82,113,,,,,,High,False
AUD_1326,Spontaneous,151.0,8,34.82,155,,,,,,Medium,False
AUD_4195,Spontaneous,98.0,5,24.75,147,,,,,,High,False
AUD_475,Reading,163.0,5,47.07,145,,,,,,Medium,False
AUD_2810,Reading,100.0,6,76.01,94,,,,,,Medium,False
synth_low_42_00096,0,144.0,12,85.25,71,,,,,,Low,True
AUD_1651,Reading,132.0,8,22.31,77,,,,,,Medium,False
synth_low_42_01304,0,144.0,6,54.92,137,,,,,,Low,True
synth_low_42_00805,0,114.0,12,23.84,57,,,,,,Low,True
AUD_2528,Spontaneous,159.0,10,23.95,111,,,,,,Medium,False
AUD_1206,Reading,170.0,8,80.99,86,,,,,,High,False
synth_low_42_00223,0,110.0,10,34.45,173,,,,,,Low,True
AUD_4271,Reading,146.0,13,30.92,51,,,,,,Low,False
AUD_867,Reading,153.0,5,20.1,187,,,,,,High,False
AUD_2974,Reading,165.0,2,86.88,142,,,,,,High,False
AUD_541,Spontaneous,155.0,12,60.78,107,,,,,,Medium,False
AUD_1132,Spontaneous,93.0,5,75.25,157,,,,,,Medium,False
synth_low_42_01587,0,96.0,3,54.93,140,,,,,,Low,True
AUD_3390,Reading,150.0,10,28.54,107,,,,,,Medium,False
AUD_4881,Spontaneous,137.0,11,85.33,179,,,,,,Medium,False
AUD_2962,Reading,132.0,6,87.73,198,,,,,,High,False
AUD_4155,Spontaneous,164.0,12,80.51,108,,,,,,High,False
AUD_3259,Reading,110.0,7,42.17,193,,,,,,Low,False
AUD_4758,Spontaneous,158.0,4,88.56,128,,,,,,High,False
synth_low_42_01711,0,171.16,14,81.98,135,,,,,,Low,True
AUD_2583,Reading,178.0,11,57.4,104,,,,,,High,False
AUD_2813,Reading,135.0,9,84.19,195,,,,,,High,False
synth_low_42_00269,0,97.0,7,50.22,105,,,,,,Low,True
synth_low_42_00886,0,155.0,3,48.55,60,,,,,,Low,True
AUD_3586,Reading,131.0,10,53.13,111,,,,,,High,False
synth_low_42_00234,0,177.0,8,60.51,88,,,,,,Low,True
synth_low_42_00780,0,175.92,10,37.74,152,,,,,,Low,True
AUD_2630,Spontaneous,149.0,12,76.23,164,,,,,,High,False
synth_low_42_00440,0,136.64,3,20.13,164,,,,,,Low,True
AUD_4317,Reading,157.0,7,24.18,193,,,,,,Medium,False
AUD_1080,Reading,105.0,4,44.92,83,,,,,,Medium,False
AUD_2085,Spontaneous,137.0,14,74.7,199,,,,,,Medium,False
AUD_2452,Reading,125.0,7,50.95,83,,,,,,Medium,False
AUD_2023,Spontaneous,112.0,9,29.49,158,,,,,,High,False
synth_low_42_00216,0,121.0,6,84.22,77,,,,,,Low,True
AUD_226,Spontaneous,152.0,6,71.75,85,,,,,,Medium,False
AUD_1013,Spontaneous,160.0,3,42.03,175,,,,,,High,False
AUD_1929,Spontaneous,126.0,11,84.71,189,,,,,,High,False
AUD_4781,Reading,105.0,6,48.05,112,,,,,,High,False
AUD_1404,Reading,161.0,8,75.8,88,,,,,,Medium,False
AUD_2179,Spontaneous,142.0,4,47.2,167,,,,,,High,False
AUD_697,Spontaneous,168.0,10,43.7,149,,,,,,High,False
AUD_1124,Spontaneous,158.0,3,46.2,191,,,,,,Medium,False
AUD_3895,Spontaneous,175.0,14,39.91,59,,,,,,Medium,False
AUD_1778,Spontaneous,167.0,3,69.94,93,,,,,,High,False
AUD_4322,Spontaneous,120.0,7,28.32,113,,,,,,High,False
AUD_2634,Spontaneous,91.0,7,73.33,111,,,,,,Medium,False
AUD_3489,Spontaneous,138.0,6,56.68,73,,,,,,High,False
AUD_1037,Spontaneous,135.0,5,86.74,195,,,,,,High,False
AUD_2256,Reading,163.0,11,83.93,133,,,,,,High,False
AUD_4536,Spontaneous,92.0,6,44.91,184,,,,,,Medium,False
synth_low_42_01718,0,96.0,8,23.75,64,,,,,,Low,True
AUD_313,Spontaneous,113.0,11,67.87,138,,,,,,High,False
AUD_2649,Reading,111.0,11,28.03,100,,,,,,Medium,False
AUD_2281,Reading,147.0,6,32.05,164,,,,,,Medium,False
AUD_4863,Spontaneous,161.0,11,53.14,190,,,,,,Medium,False
AUD_2547,Spontaneous,148.0,9,51.52,114,,,,,,High,False
AUD_2159,Reading,140.0,6,24.9,99,,,,,,High,False
AUD_3137,Reading,128.0,3,62.75,193,,,,,,Medium,False
synth_low_42_00648,0,123.24,4,29.97,185,,,,,,Low,True
AUD_3967,Reading,179.0,11,74.85,159,,,,,,Medium,False
AUD_1428,Spontaneous,103.0,12,87.32,182,,,,,,Medium,False
AUD_4813,Reading,136.0,4,78.93,68,,,,,,Medium,False
AUD_2520,Reading,137.0,8,47.97,115,,,,,,Medium,False
synth_low_42_00688,0,90.43,12,81.06,126,,,,,,Low,True
synth_low_42_00017,0,129.62,13,64.42,157,,,,,,Low,True
AUD_448,Spontaneous,169.0,8,47.45,88,,,,,,High,False
AUD_4274,Spontaneous,142.0,12,72.6,63,,,,,,Medium,False
AUD_1284,Reading,134.0,5,26.18,157,,,,,,Medium,False
AUD_3727,Spontaneous,143.0,6,82.91,119,,,,,,Medium,False
AUD_361,Spontaneous,130.0,5,62.45,162,,,,,,High,False
synth_low_42_00473,0,122.0,9,64.05,170,,,,,,Low,True
synth_low_42_00413,0,155.69,5,78.57,110,,,,,,Low,True
AUD_2460,Reading,122.0,14,48.7,91,,,,,,Medium,False
AUD_22,Spontaneous,139.0,9,38.63,114,,,,,,High,False
AUD_2066,Spontaneous,119.0,6,83.15,76,,,,,,High,False
AUD_1653,Reading,105.0,2,86.93,132,,,,,,Medium,False
AUD_702,Reading,145.0,7,52.88,71,,,,,,Medium,False
AUD_4914,Spontaneous,148.0,6,77.7,114,,,,,,Medium,False
AUD_2743,Spontaneous,162.0,5,50.31,62,,,,,,Medium,False
AUD_1376,Reading,115.0,9,63.46,59,,,,,,High,False
synth_low_42_00523,0,175.0,13,82.47,167,,,,,,Low,True
AUD_2468,Spontaneous,153.0,14,61.29,54,,,,,,Medium,False
AUD_3754,Spontaneous,148.0,2,66.03,86,,,,,,Medium,False
AUD_2325,Spontaneous,152.0,9,26.1,149,,,,,,Low,False
AUD_460,Spontaneous,157.0,13,88.42,73,,,,,,Medium,False
AUD_4183,Spontaneous,106.0,9,67.13,197,,,,,,Medium,False
AUD_4082,Spontaneous,144.0,11,53.81,164,,,,,,High,False
AUD_1486,Spontaneous,92.0,2,46.78,134,,,,,,Medium,False
AUD_3678,Spontaneous,174.0,8,32.77,145,,,,,,Medium,False
AUD_282,Reading,98.0,12,88.98,138,,,,,,High,False
AUD_3537,Reading,93.0,10,29.18,134,,,,,,Medium,False
AUD_4763,Reading,161.0,6,38.99,147,,,,,,Medium,False
AUD_2581,Spontaneous,128.0,2,40.21,118,,,,,,Low,False
AUD_1368,Reading,156.0,5,43.77,165,,,,,,High,False
AUD_4550,Spontaneous,116.0,7,82.11,157,,,,,,Low,False
AUD_597,Spontaneous,103.0,14,50.66,53,,,,,,High,False
synth_low_42_00519,0,155.35,11,47.86,171,,,,,,Low,True
synth_low_42_01747,0,128.3,5,57.23,118,,,,,,Low,True
synth_low_42_01399,0,139.14,7,33.44,107,,,,,,Low,True
AUD_4420,Spontaneous,117.0,5,63.19,56,,,,,,Medium,False
AUD_3468,Spontaneous,175.0,12,65.72,126,,,,,,High,False
AUD_4329,Reading,161.0,3,80.14,126,,,,,,High,False
AUD_2990,Spontaneous,169.0,10,30.58,195,,,,,,High,False
synth_low_42_01040,0,179.0,14,24.83,110,,,,,,Low,True
AUD_2544,Spontaneous,96.0,9,37.61,94,,,,,,Medium,False
synth_low_42_00044,0,112.0,7,68.52,170,,,,,,Low,True
synth_low_42_01655,0,91.0,14,34.3,135,,,,,,Low,True
AUD_4066,Reading,92.0,9,65.99,168,,,,,,High,False
AUD_3988,Spontaneous,125.0,7,28.5,77,,,,,,Medium,False
synth_low_42_01567,0,97.0,5,61.13,129,,,,,,Low,True
AUD_685,Spontaneous,120.0,3,85.83,54,,,,,,High,False
AUD_4320,Reading,116.0,9,72.06,129,,,,,,High,False
AUD_3243,Spontaneous,98.0,3,61.77,71,,,,,,Medium,False
synth_low_42_00257,0,147.0,10,64.41,82,,,,,,Low,True
AUD_4083,Spontaneous,136.0,4,59.99,148,,,,,,Medium,False
AUD_2837,Spontaneous,142.0,12,63.53,81,,,,,,High,False
AUD_3697,Spontaneous,134.0,3,46.81,199,,,,,,Medium,False
AUD_4040,Reading,167.0,8,30.52,123,,,,,,High,False
AUD_2230,Reading,126.0,10,32.53,101,,,,,,High,False
AUD_4957,Spontaneous,147.0,13,26.85,121,,,,,,Medium,False
AUD_2320,Reading,171.0,2,62.39,182,,,,,,Medium,False
AUD_521,Reading,129.0,11,36.94,51,,,,,,Medium,False
AUD_522,Spontaneous,140.0,11,88.95,86,,,,,,High,False
synth_low_42_01130,0,110.0,11,80.33,172,,,,,,Low,True
synth_low_42_01018,0,175.0,3,45.73,125,,,,,,Low,True
synth_low_42_00464,0,155.92,12,32.49,190,,,,,,Low,True
synth_low_42_00121,0,121.0,12,33.36,180,,,,,,Low,True
AUD_780,Spontaneous,132.0,8,52.03,149,,,,,,Medium,False
synth_low_42_00313,0,179.0,13,39.52,165,,,,,,Low,True
AUD_4593,Spontaneous,179.0,2,79.58,79,,,,,,Medium,False
AUD_651,Spontaneous,175.0,4,40.35,65,,,,,,High,False
synth_low_42_00062,0,96.0,13,48.87,111,,,,,,Low,True
AUD_2196,Reading,99.0,10,77.62,60,,,,,,Medium,False
AUD_369,Reading,167.0,5,41.05,113,,,,,,High,False
synth_low_42_01414,0,111.25,13,32.44,159,,,,,,Low,True
AUD_4214,Spontaneous,139.0,10,58.95,123,,,,,,Medium,False
AUD_377,Spontaneous,138.0,5,76.22,161,,,,,,High,False
AUD_4764,Spontaneous,158.0,13,53.08,120,,,,,,Low,False
AUD_2216,Reading,117.0,13,61.6,91,,,,,,High,False
synth_low_42_00167,0,126.0,10,35.8,105,,,,,,Low,True
AUD_1613,Reading,139.0,3,41.85,145,,,,,,High,False
synth_low_42_01094,0,139.0,3,33.22,104,,,,,,Low,True
AUD_3632,Reading,177.0,11,66.27,132,,,,,,High,False
AUD_962,Spontaneous,104.0,4,81.32,68,,,,,,Medium,False
synth_low_42_01112,0,117.0,4,43.8,88,,,,,,Low,True
synth_low_42_01371,0,139.0,8,73.6,126,,,,,,Low,True
synth_low_42_01325,0,96.57,5,49.42,182,,,,,,Low,True
AUD_359,Spontaneous,139.0,9,69.84,165,,,,,,High,False
AUD_3839,Spontaneous,150.0,5,48.06,127,,,,,,High,False
AUD_4534,Spontaneous,170.0,12,63.48,154,,,,,,Medium,False
AUD_1246,Spontaneous,117.0,3,65.36,76,,,,,,Medium,False
AUD_4728,Spontaneous,115.0,12,61.02,107,,,,,,Medium,False
AUD_3694,Spontaneous,170.0,3,78.94,196,,,,,,Medium,False
synth_low_42_00737,0,158.0,12,39.37,57,,,,,,Low,True
AUD_2567,Spontaneous,161.0,9,43.5,195,,,,,,High,False
AUD_3423,Reading,119.0,6,31.81,110,,,,,,High,False
AUD_2037,Spontaneous,171.0,5,52.63,89,,,,,,High,False
AUD_772,Spontaneous,135.0,3,74.19,176,,,,,,High,False
synth_low_42_01241,0,100.4,7,69.45,127,,,,,,Low,True
AUD_3562,Spontaneous,151.0,4,49.42,99,,,,,,Low,False
synth_low_42_01427,0,140.92,7,33.17,110,,,,,,Low,True
synth_low_42_01206,0,172.24,8,66.24,125,,,,,,Low,True
AUD_1674,Spontaneous,144.0,14,42.63,118,,,,,,High,False
AUD_365,Reading,125.0,3,89.96,77,,,,,,High,False
synth_low_42_00120,0,154.04,4,77.82,78,,,,,,Low,True
AUD_4387,Spontaneous,95.0,4,48.71,146,,,,,,Medium,False
AUD_4327,Reading,126.0,11,59.92,192,,,,,,High,False
AUD_147,Reading,109.0,7,67.63,158,,,,,,Medium,False
synth_low_42_00965,0,139.0,10,74.03,79,,,,,,Low,True
AUD_3088,Spontaneous,148.0,7,67.76,72,,,,,,Medium,False
synth_low_42_00359,0,114.14,14,33.53,125,,,,,,Low,True
AUD_407,Spontaneous,129.0,6,43.3,190,,,,,,High,False
synth_low_42_01270,0,139.0,13,42.8,109,,,,,,Low,True
AUD_3456,Spontaneous,168.0,7,69.62,100,,,,,,High,False
AUD_4182,Reading,138.0,12,37.23,174,,,,,,High,False
AUD_3576,Reading,102.0,14,62.38,114,,,,,,Medium,False
AUD_3271,Reading,91.0,6,41.61,54,,,,,,High,False
AUD_1031,Reading,132.0,11,33.66,89,,,,,,Medium,False
AUD_4439,Reading,179.0,5,44.54,193,,,,,,Medium,False
AUD_855,Spontaneous,131.0,5,44.84,197,,,,,,Medium,False
AUD_3926,Spontaneous,171.0,2,25.6,136,,,,,,High,False
AUD_78,Spontaneous,147.0,7,61.01,131,,,,,,High,False
AUD_2247,Spontaneous,105.0,13,86.14,197,,,,,,Medium,False
synth_low_42_00026,0,171.55,4,89.82,51,,,,,,Low,True
synth_low_42_01200,0,133.39,14,64.62,58,,,,,,Low,True
synth_low_42_01244,0,154.82,12,26.35,126,,,,,,Low,True
AUD_4661,Spontaneous,151.0,3,24.1,138,,,,,,Low,False
AUD_788,Spontaneous,172.0,8,66.15,89,,,,,,Medium,False
AUD_2279,Spontaneous,136.0,12,68.17,56,,,,,,High,False
AUD_4095,Spontaneous,149.0,9,24.33,56,,,,,,High,False
AUD_3897,Reading,128.0,10,65.86,110,,,,,,High,False
AUD_4416,Spontaneous,118.0,14,65.7,152,,,,,,High,False
synth_low_42_01167,0,132.23,3,63.48,163,,,,,,Low,True
AUD_3631,Reading,176.0,6,81.46,180,,,,,,High,False
synth_low_42_00498,0,136.0,12,28.21,195,,,,,,Low,True
AUD_424,Reading,163.0,12,74.75,184,,,,,,High,False
AUD_392,Spontaneous,146.0,4,27.53,75,,,,,,High,False
synth_low_42_00673,0,139.0,9,82.43,196,,,,,,Low,True
synth_low_42_01411,0,171.0,10,79.52,55,,,,,,Low,True
AUD_4200,Reading,130.0,14,47.71,128,,,,,,Medium,False
AUD_2672,Spontaneous,101.0,12,31.1,99,,,,,,High,False
synth_low_42_01211,0,140.0,12,62.62,125,,,,,,Low,True
AUD_4581,Reading,98.0,12,82.88,161,,,,,,High,False
AUD_3493,Spontaneous,124.0,14,23.78,93,,,,,,Medium,False
AUD_1459,Spontaneous,91.0,9,79.05,189,,,,,,High,False
AUD_4900,Reading,140.0,12,62.52,107,,,,,,Medium,False
synth_low_42_01347,0,147.78,13,33.43,117,,,,,,Low,True
AUD_3835,Reading,117.0,3,82.31,132,,,,,,Medium,False
synth_low_42_01679,0,121.0,2,42.04,71,,,,,,Low,True
synth_low_42_01467,0,106.66,7,73.7,55,,,,,,Low,True
synth_low_42_00272,0,176.0,14,60.73,125,,,,,,Low,True
AUD_2355,Spontaneous,162.0,6,79.31,85,,,,,,High,False
AUD_2442,Spontaneous,103.0,9,77.05,120,,,,,,Medium,False
synth_low_42_00283,0,98.59,3,60.79,66,,,,,,Low,True
AUD_464,Spontaneous,157.0,6,89.95,142,,,,,,High,False
AUD_163,Spontaneous,127.0,3,75.84,82,,,,,,High,False
synth_low_42_01232,0,176.0,10,27.95,74,,,,,,Low,True
synth_low_42_01081,0,113.0,6,25.58,126,,,,,,Low,True
synth_low_42_01513,0,167.0,4,24.14,122,,,,,,Low,True
synth_low_42_01738,0,119.53,14,24.04,163,,,,,,Low,True
AUD_2009,Spontaneous,139.0,11,31.76,136,,,,,,High,False
AUD_3084,Reading,97.0,10,25.28,94,,,,,,High,False
AUD_900,Spontaneous,125.0,11,52.18,141,,,,,,Medium,False
synth_low_42_00316,0,124.38,4,62.12,198,,,,,,Low,True
AUD_2293,Reading,140.0,6,22.77,66,,,,,,High,False
AUD_3716,Reading,168.0,10,48.83,118,,,,,,Medium,False
synth_low_42_00638,0,108.0,5,48.73,106,,,,,,Low,True
AUD_1764,Reading,159.0,10,31.67,190,,,,,,Medium,False
AUD_1549,Reading,139.0,8,61.6,86,,,,,,Medium,False
AUD_3029,Reading,130.0,12,61.1,122,,,,,,High,False
synth_low_42_00125,0,121.0,4,84.18,136,,,,,,Low,True
AUD_2044,Spontaneous,138.0,12,70.47,114,,,,,,High,False
AUD_767,Reading,153.0,13,75.98,170,,,,,,High,False
AUD_1508,Spontaneous,171.0,6,83.51,197,,,,,,High,False
synth_low_42_01605,0,136.37,13,30.86,140,,,,,,Low,True
AUD_4219,Spontaneous,136.0,10,40.06,165,,,,,,Medium,False
synth_low_42_00647,0,128.86,13,23.36,151,,,,,,Low,True
AUD_4436,Reading,156.0,12,61.82,152,,,,,,Medium,False
AUD_3292,Spontaneous,153.0,10,35.96,83,,,,,,High,False
AUD_819,Spontaneous,113.0,6,29.19,166,,,,,,High,False
AUD_1403,Reading,172.0,11,63.95,123,,,,,,High,False
AUD_1382,Reading,116.0,5,36.02,147,,,,,,Medium,False
AUD_2148,Spontaneous,161.0,2,52.98,71,,,,,,High,False
AUD_1638,Reading,166.0,11,69.45,180,,,,,,Low,False
synth_low_42_01535,0,166.0,2,61.65,172,,,,,,Low,True
AUD_399,Reading,146.0,7,22.4,86,,,,,,Medium,False
AUD_882,Reading,175.0,11,89.21,120,,,,,,High,False
AUD_3565,Reading,113.0,3,86.62,53,,,,,,High,False
synth_low_42_01067,0,156.0,4,80.47,82,,,,,,Low,True
AUD_1179,Spontaneous,133.0,7,50.18,57,,,,,,Medium,False
AUD_4244,Reading,93.0,5,23.73,77,,,,,,Medium,False
AUD_4625,Reading,108.0,5,59.16,183,,,,,,Medium,False
AUD_2130,Reading,116.0,9,82.22,114,,,,,,Medium,False
AUD_456,Spontaneous,171.0,10,43.35,104,,,,,,High,False
AUD_1950,Reading,118.0,8,67.2,85,,,,,,Medium,False
AUD_689,Spontaneous,150.0,2,85.62,148,,,,,,High,False
synth_low_42_00368,0,94.0,13,65.6,198,,,,,,Low,True
AUD_1953,Spontaneous,114.0,2,76.72,104,,,,,,High,False
AUD_2710,Reading,162.0,4,33.8,102,,,,,,Medium,False
synth_low_42_00037,0,167.0,4,66.42,138,,,,,,Low,True
AUD_4349,Spontaneous,117.0,2,50.59,107,,,,,,Medium,False
synth_low_42_00894,0,96.0,14,74.09,125,,,,,,Low,True
AUD_1884,Reading,168.0,14,41.02,86,,,,,,Medium,False
synth_low_42_00111,0,166.0,7,81.42,92,,,,,,Low,True
AUD_2494,Spontaneous,140.0,2,76.46,134,,,,,,High,False
AUD_3036,Reading,141.0,12,59.89,193,,,,,,High,False
AUD_3603,Spontaneous,94.0,4,35.66,123,,,,,,High,False
AUD_845,Spontaneous,129.0,13,89.7,190,,,,,,Low,False
AUD_542,Reading,119.0,14,63.05,163,,,,,,High,False
AUD_3724,Reading,123.0,10,30.83,52,,,,,,Medium,False
AUD_4187,Reading,100.0,11,59.71,178,,,,,,High,False
AUD_3679,Spontaneous,103.0,7,54.15,67,,,,,,Medium,False
synth_low_42_00424,0,158.46,13,83.97,180,,,,,,Low,True
synth_low_42_00754,0,99.0,5,28.07,136,,,,,,Low,True
AUD_4655,Spontaneous,118.0,9,86.39,134,,,,,,Medium,False
AUD_2964,Reading,115.0,6,68.48,154,,,,,,High,False
AUD_2529,Reading,157.0,6,49.58,125,,,,,,High,False
AUD_1048,Spontaneous,127.0,5,62.3,55,,,,,,Medium,False
AUD_1960,Reading,116.0,3,32.51,156,,,,,,High,False
AUD_2530,Reading,91.0,6,51.58,80,,,,,,High,False
AUD_4997,Reading,142.0,12,78.97,127,,,,,,Medium,False
AUD_237,Reading,106.0,4,26.02,160,,,,,,High,False
AUD_1133,Spontaneous,146.0,14,26.97,51,,,,,,High,False
synth_low_42_00623,0,129.0,5,83.94,70,,,,,,Low,True
AUD_4259,Reading,139.0,8,69.08,131,,,,,,High,False
synth_low_42_00015,0,141.13,11,75.75,196,,,,,,Low,True
synth_low_42_00099,0,122.24,5,24.19,122,,,,,,Low,True
synth_low_42_00633,0,166.0,3,37.22,108,,,,,,Low,True
AUD_2978,Reading,152.0,3,36.17,154,,,,,,Medium,False
synth_low_42_00378,0,150.0,13,29.95,89,,,,,,Low,True
AUD_4577,Reading,161.0,13,38.85,125,,,,,,High,False
AUD_3919,Reading,100.0,5,58.21,179,,,,,,Medium,False
AUD_3138,Reading,100.0,12,82.45,54,,,,,,Medium,False
synth_low_42_01058,0,172.0,3,42.39,140,,,,,,Low,True
AUD_4073,Spontaneous,93.0,14,85.67,105,,,,,,High,False
synth_low_42_00836,0,132.0,14,37.82,129,,,,,,Low,True
AUD_3229,Reading,107.0,4,61.44,197,,,,,,Medium,False
AUD_1826,Reading,128.0,7,68.75,57,,,,,,Medium,False
AUD_593,Reading,130.0,12,36.11,121,,,,,,Medium,False
AUD_2725,Spontaneous,138.0,4,77.05,161,,,,,,Medium,False
AUD_4137,Spontaneous,135.0,10,61.34,186,,,,,,High,False
AUD_560,Reading,98.0,8,81.5,115,,,,,,High,False
synth_low_42_00322,0,172.0,2,67.99,84,,,,,,Low,True
AUD_243,Reading,158.0,6,32.24,166,,,,,,Medium,False
AUD_4437,Spontaneous,168.0,9,38.44,91,,,,,,High,False
synth_low_42_00872,0,137.0,12,89.75,172,,,,,,Low,True
AUD_405,Spontaneous,93.0,5,87.57,86,,,,,,Medium,False
AUD_1442,Spontaneous,170.0,6,29.63,186,,,,,,Medium,False
AUD_261,Spontaneous,130.0,4,27.34,61,,,,,,Medium,False
synth_low_42_01269,0,155.77,9,24.19,139,,,,,,Low,True
synth_low_42_01193,0,166.0,3,54.81,165,,,,,,Low,True
AUD_1689,Spontaneous,131.0,10,66.91,104,,,,,,High,False
AUD_1725,Spontaneous,97.0,5,37.25,144,,,,,,Medium,False
AUD_2496,Spontaneous,106.0,10,33.82,155,,,,,,High,False
AUD_4557,Spontaneous,130.0,7,77.17,93,,,,,,Medium,False
AUD_340,Spontaneous,174.0,5,39.8,102,,,,,,High,False
AUD_4730,Spontaneous,147.0,12,29.5,73,,,,,,High,False
AUD_1601,Reading,162.0,2,20.16,187,,,,,,Medium,False
AUD_3725,Reading,172.0,13,54.16,176,,,,,,High,False
synth_low_42_01730,0,136.18,4,66.14,151,,,,,,Low,True
AUD_2785,Reading,128.0,13,39.43,184,,,,,,Low,False
AUD_1523,Spontaneous,158.0,5,66.48,197,,,,,,Medium,False
synth_low_42_00058,0,166.0,8,42.29,126,,,,,,Low,True
synth_low_42_01026,0,166.0,12,44.13,91,,,,,,Low,True
synth_low_42_01292,0,101.0,12,76.01,81,,,,,,Low,True
AUD_1766,Reading,165.0,10,82.78,60,,,,,,Medium,False
AUD_4037,Reading,178.0,13,85.32,114,,,,,,High,False
synth_low_42_00369,0,144.0,3,52.9,55,,,,,,Low,True
synth_low_42_00505,0,99.58,5,46.18,68,,,,,,Low,True
synth_low_42_01726,0,175.82,5,86.2,166,,,,,,Low,True
AUD_363,Spontaneous,174.0,14,24.26,164,,,,,,Medium,False
synth_low_42_01722,0,119.0,11,30.48,109,,,,,,Low,True
synth_low_42_01109,0,139.16,14,36.62,117,,,,,,Low,True
AUD_4443,Spontaneous,169.0,10,33.81,65,,,,,,High,False
synth_low_42_00414,0,128.96,2,41.46,181,,,,,,Low,True
synth_low_42_01271,0,177.0,13,39.88,127,,,,,,Low,True
AUD_2562,Reading,135.0,7,39.04,63,,,,,,High,False
AUD_4740,Reading,159.0,14,23.89,93,,,,,,Medium,False
synth_low_42_01226,0,107.28,14,35.28,82,,,,,,Low,True
AUD_3083,Spontaneous,94.0,12,56.92,160,,,,,,High,False
synth_low_42_01255,0,128.0,7,45.34,126,,,,,,Low,True
AUD_2102,Reading,117.0,7,37.7,131,,,,,,Medium,False
AUD_632,Spontaneous,124.0,6,84.18,87,,,,,,Medium,False
AUD_2493,Spontaneous,162.0,7,56.49,69,,,,,,Medium,False
AUD_2665,Reading,170.0,4,39.83,65,,,,,,High,False
AUD_4921,Spontaneous,118.0,6,28.25,143,,,,,,Medium,False
AUD_4406,Spontaneous,138.0,13,81.52,97,,,,,,Medium,False
AUD_4988,Spontaneous,145.0,6,31.12,102,,,,,,Medium,False
AUD_4815,Reading,118.0,11,59.22,180,,,,,,High,False
AUD_2334,Reading,120.0,7,43.26,74,,,,,,High,False
synth_low_42_00206,0,157.13,3,89.68,71,,,,,,Low,True
AUD_3619,Reading,128.0,7,58.39,62,,,,,,Medium,False
AUD_3883,Spontaneous,140.0,11,27.71,95,,,,,,High,False
AUD_4604,Spontaneous,113.0,11,20.32,90,,,,,,High,False
AUD_4211,Reading,97.0,3,46.26,176,,,,,,High,False
AUD_1494,Reading,176.0,5,33.32,196,,,,,,Medium,False
AUD_2401,Spontaneous,134.0,7,80.29,72,,,,,,Medium,False
AUD_3874,Reading,126.0,4,61.87,103,,,,,,High,False
AUD_1232,Spontaneous,157.0,8,66.61,62,,,,,,Medium,False
AUD_2661,Spontaneous,137.0,6,66.9,80,,,,,,High,False
AUD_2817,Spontaneous,109.0,9,68.9,101,,,,,,Medium,False
synth_low_42_01203,0,175.18,9,24.19,64,,,,,,Low,True
synth_low_42_00394,0,94.0,14,32.73,89,,,,,,Low,True
AUD_4153,Spontaneous,179.0,4,46.18,156,,,,,,High,False
synth_low_42_00059,0,172.0,14,82.18,80,,,,,,Low,True
AUD_3061,Reading,146.0,7,32.77,122,,,,,,Medium,False
synth_low_42_00808,0,104.54,12,49.59,70,,,,,,Low,True
synth_low_42_01723,0,91.0,9,46.18,56,,,,,,Low,True
AUD_1735,Spontaneous,165.0,6,60.05,141,,,,,,High,False
AUD_2823,Spontaneous,99.0,4,73.44,141,,,,,,Medium,False
synth_low_42_00179,0,132.0,5,47.78,142,,,,,,Low,True
AUD_4651,Spontaneous,109.0,7,28.84,153,,,,,,Medium,False
AUD_2475,Spontaneous,176.0,8,83.74,104,,,,,,High,False
AUD_2564,Spontaneous,124.0,2,57.84,128,,,,,,Medium,False
synth_low_42_00722,0,149.2,5,41.38,136,,,,,,Low,True
synth_low_42_01442,0,172.0,2,64.48,128,,,,,,Low,True
AUD_707,Spontaneous,161.0,9,22.9,64,,,,,,High,False
AUD_3046,Reading,128.0,13,30.24,190,,,,,,Medium,False
synth_low_42_00799,0,124.66,12,23.64,75,,,,,,Low,True
synth_low_42_00185,0,169.46,9,75.0,185,,,,,,Low,True
AUD_72,Reading,93.0,11,25.65,128,,,,,,High,False
AUD_4448,Reading,141.0,3,39.05,125,,,,,,High,False
synth_low_42_01352,0,166.95,4,37.55,83,,,,,,Low,True
AUD_1190,Reading,135.0,11,82.07,135,,,,,,Medium,False
AUD_2601,Spontaneous,167.0,11,56.05,143,,,,,,Medium,False
AUD_1125,Spontaneous,151.0,12,29.44,155,,,,,,High,False
AUD_1241,Reading,151.0,14,50.61,144,,,,,,Medium,False
synth_low_42_01084,0,143.86,6,61.84,62,,,,,,Low,True
synth_low_42_00609,0,100.56,13,50.98,102,,,,,,Low,True
AUD_3351,Reading,134.0,8,89.82,79,,,,,,Medium,False
AUD_4008,Reading,133.0,11,73.26,93,,,,,,Medium,False
AUD_1577,Spontaneous,160.0,12,56.05,101,,,,,,Medium,False
AUD_3906,Reading,166.0,14,20.89,194,,,,,,Medium,False
AUD_3729,Reading,132.0,12,71.71,171,,,,,,Medium,False
AUD_4358,Reading,169.0,13,38.04,96,,,,,,High,False
AUD_1343,Spontaneous,150.0,7,70.16,79,,,,,,Medium,False
synth_low_42_01778,0,174.0,13,85.27,83,,,,,,Low,True
AUD_440,Reading,122.0,5,24.36,57,,,,,,High,False
AUD_1100,Spontaneous,114.0,6,20.6,94,,,,,,High,False
AUD_2637,Reading,131.0,2,63.56,137,,,,,,Medium,False
AUD_4783,Spontaneous,162.0,5,23.49,176,,,,,,High,False
AUD_649,Spontaneous,179.0,10,56.44,154,,,,,,High,False
AUD_1546,Spontaneous,150.0,4,76.73,58,,,,,,Medium,False
synth_low_42_00164,0,109.0,5,84.06,171,,,,,,Low,True
synth_low_42_00184,0,123.64,7,36.97,86,,,,,,Low,True
AUD_2852,Spontaneous,139.0,8,59.35,145,,,,,,High,False
AUD_3503,Reading,141.0,5,52.18,88,,,,,,Medium,False
synth_low_42_01303,0,122.16,13,51.51,94,,,,,,Low,True
AUD_630,Spontaneous,136.0,11,89.33,58,,,,,,Medium,False
AUD_1249,Spontaneous,145.0,12,47.55,176,,,,,,High,False
AUD_4639,Spontaneous,140.0,7,78.07,59,,,,,,High,False
AUD_482,Spontaneous,179.0,5,69.89,129,,,,,,High,False
AUD_1584,Spontaneous,93.0,5,85.32,140,,,,,,High,False
AUD_1462,Spontaneous,98.0,3,28.05,134,,,,,,Medium,False
AUD_3040,Spontaneous,120.0,13,86.02,56,,,,,,High,False
synth_low_42_01309,0,119.0,12,50.69,171,,,,,,Low,True
AUD_3273,Spontaneous,111.0,13,33.79,101,,,,,,Medium,False
AUD_3683,Reading,100.0,10,65.92,69,,,,,,Medium,False
AUD_4145,Reading,129.0,14,29.38,192,,,,,,Medium,False
AUD_4782,Reading,158.0,2,80.4,166,,,,,,Medium,False
AUD_3225,Spontaneous,129.0,4,59.72,52,,,,,,Medium,False
AUD_1072,Reading,124.0,2,79.24,98,,,,,,High,False
AUD_2631,Reading,118.0,14,47.59,164,,,,,,High,False
AUD_1660,Reading,144.0,10,31.11,97,,,,,,High,False
AUD_2425,Reading,106.0,3,46.97,197,,,,,,High,False
synth_low_42_00728,0,129.0,12,26.11,153,,,,,,Low,True
synth_low_42_00159,0,168.0,14,44.13,121,,,,,,Low,True
AUD_3097,Reading,171.0,5,54.93,92,,,,,,High,False
AUD_3976,Spontaneous,105.0,9,84.83,99,,,,,,High,False
synth_low_42_01078,0,143.35,3,46.71,111,,,,,,Low,True
synth_low_42_01448,0,101.0,7,78.07,117,,,,,,Low,True
synth_low_42_00075,0,175.0,5,38.81,145,,,,,,Low,True
synth_low_42_00385,0,90.73,3,60.91,130,,,,,,Low,True
AUD_1408,Spontaneous,127.0,8,78.56,142,,,,,,Medium,False
AUD_1845,Reading,157.0,14,30.3,89,,,,,,High,False
AUD_1798,Spontaneous,91.0,4,45.73,187,,,,,,Medium,False
AUD_3957,Spontaneous,166.0,12,61.78,137,,,,,,Medium,False
AUD_1475,Spontaneous,147.0,11,23.06,154,,,,,,High,False
AUD_35,Spontaneous,167.0,6,47.18,52,,,,,,High,False
AUD_444,Spontaneous,138.0,11,48.67,84,,,,,,High,False
AUD_2359,Reading,145.0,13,86.61,55,,,,,,Medium,False
AUD_3654,Reading,134.0,3,76.61,128,,,,,,High,False
AUD_3179,Reading,117.0,11,27.68,66,,,,,,Medium,False
AUD_1286,Reading,147.0,2,47.65,93,,,,,,High,False
synth_low_42_00552,0,94.87,13,36.68,197,,,,,,Low,True
AUD_4445,Reading,166.0,7,74.72,91,,,,,,High,False
AUD_3416,Spontaneous,107.0,6,75.31,91,,,,,,Medium,False
AUD_2137,Reading,145.0,12,65.27,115,,,,,,High,False
AUD_2636,Spontaneous,179.0,14,87.64,51,,,,,,Medium,False
AUD_4016,Spontaneous,119.0,5,63.78,186,,,,,,Medium,False
synth_low_42_01566,0,121.0,7,68.7,147,,,,,,Low,True
AUD_1681,Reading,166.0,7,39.73,118,,,,,,High,False
AUD_4943,Spontaneous,117.0,5,37.83,192,,,,,,High,False
AUD_1692,Spontaneous,94.0,11,26.15,162,,,,,,High,False
synth_low_42_00011,0,156.0,8,44.92,80,,,,,,Low,True
synth_low_42_00410,0,99.0,6,27.59,57,,,,,,Low,True
AUD_3635,Reading,124.0,11,69.74,71,,,,,,Medium,False
AUD_372,Reading,114.0,6,41.34,163,,,,,,Medium,False
synth_low_42_00219,0,171.0,10,23.75,138,,,,,,Low,True
synth_low_42_01434,0,151.0,11,25.76,63,,,,,,Low,True
AUD_140,Reading,119.0,11,80.08,92,,,,,,Medium,False
AUD_4419,Reading,156.0,13,84.7,199,,,,,,Medium,False
synth_low_42_01326,0,150.0,3,33.44,136,,,,,,Low,True
synth_low_42_00587,0,128.0,6,82.04,117,,,,,,Low,True
AUD_714,Spontaneous,164.0,13,71.12,167,,,,,,High,False
AUD_3188,Spontaneous,125.0,9,65.61,52,,,,,,Medium,False
synth_low_42_00996,0,176.28,10,75.85,95,,,,,,Low,True
AUD_4431,Reading,152.0,9,31.63,143,,,,,,Medium,False
AUD_4750,Reading,155.0,13,32.96,133,,,,,,Medium,False
AUD_406,Spontaneous,157.0,10,75.53,164,,,,,,Medium,False
AUD_20,Reading,106.0,6,22.51,160,,,,,,High,False
AUD_1004,Reading,160.0,2,60.11,161,,,,,,High,False
AUD_2411,Spontaneous,93.0,11,31.25,96,,,,,,Medium,False
AUD_2545,Reading,169.0,6,40.24,121,,,,,,High,False
AUD_2390,Spontaneous,109.0,7,70.55,126,,,,,,High,False
synth_low_42_00458,0,164.08,5,41.19,183,,,,,,Low,True
AUD_42,Spontaneous,174.0,4,66.15,169,,,,,,Medium,False
AUD_2830,Reading,163.0,11,35.07,186,,,,,,Medium,False
AUD_3371,Spontaneous,153.0,10,79.9,178,,,,,,Medium,False
AUD_3022,Reading,160.0,6,42.28,94,,,,,,Medium,False
AUD_3364,Reading,155.0,3,20.32,69,,,,,,High,False
AUD_4399,Spontaneous,109.0,4,83.1,112,,,,,,High,False
AUD_11,Spontaneous,136.0,3,77.64,87,,,,,,Medium,False
AUD_1177,Reading,104.0,13,36.02,77,,,,,,High,False
AUD_1947,Spontaneous,139.0,14,40.8,105,,,,,,High,False
AUD_2501,Spontaneous,141.0,2,85.1,158,,,,,,High,False
AUD_2863,Reading,153.0,14,64.45,127,,,,,,High,False
AUD_3865,Spontaneous,165.0,7,50.62,187,,,,,,Medium,False
AUD_1026,Reading,150.0,3,25.93,144,,,,,,High,False
AUD_3848,Spontaneous,135.0,6,57.63,121,,,,,,High,False
AUD_2989,Spontaneous,164.0,4,73.66,92,,,,,,High,False
AUD_961,Spontaneous,135.0,5,58.9,154,,,,,,Medium,False
AUD_2889,Reading,174.0,5,79.41,194,,,,,,High,False
AUD_3015,Reading,175.0,13,74.19,135,,,,,,High,False
AUD_3338,Reading,145.0,4,87.77,52,,,,,,High,False
AUD_4796,Spontaneous,145.0,14,46.51,144,,,,,,High,False
AUD_735,Reading,106.0,4,37.13,177,,,,,,High,False
AUD_4400,Reading,96.0,2,21.49,169,,,,,,Medium,False
AUD_1440,Reading,138.0,7,39.85,50,,,,,,Medium,False
AUD_2875,Spontaneous,119.0,11,49.8,122,,,,,,High,False
AUD_3986,Reading,157.0,4,84.38,65,,,,,,High,False
AUD_916,Spontaneous,118.0,3,31.68,166,,,,,,Medium,False
synth_low_42_00671,0,95.0,9,77.42,70,,,,,,Low,True
AUD_4089,Spontaneous,127.0,8,86.4,139,,,,,,Medium,False
synth_low_42_01273,0,95.0,9,88.22,51,,,,,,Low,True
synth_low_42_00310,0,171.0,13,89.63,112,,,,,,Low,True
AUD_2772,Spontaneous,141.0,3,35.26,140,,,,,,Medium,False
AUD_1624,Reading,121.0,9,40.13,172,,,,,,Low,False
synth_low_42_01217,0,166.0,7,47.18,167,,,,,,Low,True
AUD_821,Spontaneous,174.0,14,51.68,103,,,,,,High,False
AUD_1367,Reading,124.0,4,45.14,71,,,,,,High,False
AUD_3712,Spontaneous,143.0,7,49.33,118,,,,,,Medium,False
synth_low_42_01103,0,110.0,4,25.73,160,,,,,,Low,True
AUD_850,Spontaneous,156.0,5,83.88,181,,,,,,High,False
AUD_1000,Reading,112.0,3,38.69,117,,,,,,High,False
synth_low_42_00049,0,158.0,13,85.3,71,,,,,,Low,True
AUD_4114,Reading,102.0,8,31.14,168,,,,,,Medium,False
AUD_1637,Reading,98.0,7,76.32,185,,,,,,Medium,False
AUD_1667,Spontaneous,169.0,13,51.71,182,,,,,,Medium,False
AUD_4589,Spontaneous,153.0,2,71.34,116,,,,,,High,False
AUD_3173,Spontaneous,162.0,14,43.82,199,,,,,,Medium,False
synth_low_42_00169,0,91.31,10,85.26,163,,,,,,Low,True
AUD_1347,Reading,113.0,5,82.57,153,,,,,,High,False
synth_low_42_00307,0,156.47,10,50.88,94,,,,,,Low,True
AUD_3230,Spontaneous,120.0,14,58.41,180,,,,,,Medium,False
AUD_4775,Reading,144.0,2,71.64,79,,,,,,Medium,False
synth_low_42_00221,0,167.0,4,43.74,71,,,,,,Low,True
AUD_3232,Spontaneous,101.0,10,70.76,173,,,,,,Medium,False
synth_low_42_00561,0,123.0,7,75.02,172,,,,,,Low,True
AUD_703,Reading,172.0,9,38.65,194,,,,,,High,False
synth_low_42_00697,0,100.71,10,38.14,68,,,,,,Low,True
AUD_3291,Spontaneous,126.0,8,77.28,150,,,,,,Medium,False
AUD_3673,Reading,140.0,7,87.92,84,,,,,,High,False
AUD_2408,Spontaneous,169.0,7,31.33,123,,,,,,Medium,False
AUD_1327,Spontaneous,141.0,11,83.12,126,,,,,,Medium,False
synth_low_42_01322,0,137.0,10,55.35,139,,,,,,Low,True
synth_low_42_00573,0,174.69,8,69.48,85,,,,,,Low,True
AUD_4440,Spontaneous,172.0,7,84.11,149,,,,,,Medium,False
synth_low_42_00678,0,159.11,10,68.88,128,,,,,,Low,True
AUD_986,Spontaneous,130.0,10,29.72,172,,,,,,Medium,False
synth_low_42_00396,0,119.0,5,32.85,101,,,,,,Low,True
synth_low_42_01161,0,121.0,5,62.52,75,,,,,,Low,True
synth_low_42_00844,0,90.0,11,68.45,118,,,,,,Low,True
synth_low_42_00629,0,177.0,4,43.65,73,,,,,,Low,True
AUD_4049,Reading,162.0,4,28.13,54,,,,,,High,False
AUD_3485,Reading,119.0,11,69.56,54,,,,,,High,False
AUD_2474,Spontaneous,125.0,10,65.37,52,,,,,,Medium,False
AUD_3873,Reading,124.0,4,24.79,81,,,,,,Medium,False
AUD_1198,Spontaneous,172.0,8,83.94,188,,,,,,Medium,False
AUD_4181,Spontaneous,151.0,3,60.48,170,,,,,,Medium,False
AUD_1518,Spontaneous,173.0,9,84.53,64,,,,,,High,False
synth_low_42_00636,0,92.59,6,36.34,126,,,,,,Low,True
AUD_1799,Reading,137.0,12,88.7,160,,,,,,High,False
AUD_1014,Reading,93.0,8,71.34,87,,,,,,High,False
AUD_128,Spontaneous,158.0,3,58.94,175,,,,,,Medium,False
AUD_1364,Spontaneous,104.0,11,81.33,168,,,,,,Medium,False
synth_low_42_01794,0,154.77,3,41.46,66,,,,,,Low,True
AUD_4470,Spontaneous,178.0,6,49.95,170,,,,,,High,False
AUD_891,Spontaneous,112.0,6,61.2,69,,,,,,Low,False
AUD_2793,Reading,155.0,8,61.02,114,,,,,,High,False
synth_low_42_00706,0,129.0,3,81.32,117,,,,,,Low,True
AUD_4403,Reading,144.0,9,24.61,163,,,,,,Low,False
synth_low_42_01470,0,97.0,5,50.69,66,,,,,,Low,True
synth_low_42_00828,0,168.98,10,21.76,148,,,,,,Low,True
AUD_3249,Spontaneous,135.0,2,55.81,188,,,,,,High,False
AUD_1208,Reading,175.0,9,45.79,142,,,,,,High,False
AUD_3868,Reading,160.0,13,62.13,81,,,,,,High,False
synth_low_42_01097,0,163.34,11,82.94,102,,,,,,Low,True
AUD_4065,Reading,109.0,8,53.49,58,,,,,,High,False
synth_low_42_00813,0,172.0,5,69.48,166,,,,,,Low,True
AUD_1239,Spontaneous,111.0,14,57.43,158,,,,,,High,False
AUD_2289,Reading,155.0,6,82.27,108,,,,,,High,False
AUD_2740,Spontaneous,159.0,6,78.35,106,,,,,,High,False
AUD_275,Spontaneous,107.0,4,69.17,107,,,,,,High,False
AUD_4585,Reading,138.0,14,84.08,52,,,,,,High,False
AUD_1035,Spontaneous,107.0,12,40.83,53,,,,,,Medium,False
AUD_1229,Reading,167.0,13,81.98,80,,,,,,Medium,False
AUD_1008,Reading,136.0,4,66.24,139,,,,,,Medium,False
AUD_3828,Reading,98.0,14,73.33,67,,,,,,Medium,False
AUD_2532,Spontaneous,122.0,9,53.3,92,,,,,,Medium,False
AUD_4293,Reading,106.0,6,78.72,174,,,,,,Medium,False
AUD_1058,Reading,132.0,11,70.82,168,,,,,,Medium,False
synth_low_42_00041,0,114.55,8,76.69,138,,,,,,Low,True
AUD_281,Spontaneous,119.0,12,78.68,138,,,,,,High,False
AUD_1043,Reading,113.0,3,63.11,186,,,,,,Medium,False
AUD_1316,Reading,91.0,6,56.49,91,,,,,,Medium,False
AUD_968,Reading,110.0,3,73.58,142,,,,,,High,False
AUD_2381,Reading,163.0,8,62.32,93,,,,,,Medium,False
synth_low_42_00421,0,109.0,10,74.44,140,,,,,,Low,True
AUD_1939,Spontaneous,97.0,4,20.85,155,,,,,,High,False
AUD_4878,Reading,134.0,6,32.39,69,,,,,,Medium,False
AUD_1274,Reading,154.0,13,76.95,116,,,,,,Medium,False
AUD_619,Spontaneous,124.0,9,83.91,189,,,,,,High,False
AUD_4937,Reading,127.0,6,37.22,145,,,,,,High,False
AUD_1742,Spontaneous,131.0,11,71.92,164,,,,,,High,False
AUD_1390,Spontaneous,103.0,3,87.73,120,,,,,,High,False
synth_low_42_01507,0,140.31,12,64.08,58,,,,,,Low,True
AUD_1579,Reading,116.0,8,89.37,129,,,,,,Medium,False
AUD_1655,Reading,122.0,9,33.19,163,,,,,,Low,False
AUD_3568,Spontaneous,129.0,2,81.6,158,,,,,,Low,False
AUD_2352,Reading,105.0,9,35.6,66,,,,,,High,False
AUD_2212,Spontaneous,127.0,8,33.07,79,,,,,,Medium,False
synth_low_42_01756,0,123.0,13,37.88,168,,,,,,Low,True
AUD_3178,Reading,128.0,2,32.16,113,,,,,,High,False
AUD_3192,Spontaneous,99.0,14,66.75,152,,,,,,Medium,False
AUD_1307,Spontaneous,95.0,6,20.61,91,,,,,,Medium,False
AUD_575,Spontaneous,156.0,14,35.5,130,,,,,,Medium,False
AUD_2360,Reading,158.0,11,39.02,72,,,,,,Medium,False
AUD_1280,Reading,91.0,5,30.12,163,,,,,,High,False
synth_low_42_00748,0,111.0,3,44.89,160,,,,,,Low,True
synth_low_42_00626,0,176.77,12,48.25,126,,,,,,Low,True
AUD_1993,Spontaneous,138.0,7,57.48,154,,,,,,Medium,False
AUD_2639,Spontaneous,156.0,12,49.09,104,,,,,,Medium,False
AUD_269,Reading,165.0,6,46.5,91,,,,,,High,False
AUD_629,Spontaneous,127.0,13,53.7,84,,,,,,Medium,False
synth_low_42_00033,0,150.0,13,61.03,196,,,,,,Low,True
AUD_3081,Reading,98.0,12,86.63,59,,,,,,High,False
AUD_3466,Reading,174.0,13,53.63,166,,,,,,High,False
synth_low_42_00930,0,153.0,2,89.79,63,,,,,,Low,True
AUD_4396,Spontaneous,95.0,8,74.93,121,,,,,,Medium,False
AUD_4023,Spontaneous,118.0,9,29.67,156,,,,,,High,False
synth_low_42_01436,0,116.3,9,64.09,58,,,,,,Low,True
AUD_2046,Spontaneous,165.0,12,67.62,164,,,,,,Medium,False
AUD_4356,Spontaneous,95.0,3,72.31,117,,,,,,High,False
synth_low_42_00337,0,171.41,4,33.43,163,,,,,,Low,True
AUD_2113,Reading,153.0,13,76.5,153,,,,,,High,False
AUD_27,Spontaneous,150.0,7,57.8,189,,,,,,High,False
AUD_2040,Reading,93.0,10,32.7,153,,,,,,Medium,False
AUD_3928,Reading,124.0,2,51.73,132,,,,,,Medium,False
synth_low_42_01139,0,151.0,4,44.35,126,,,,,,Low,True
AUD_3216,Spontaneous,101.0,11,82.07,52,,,,,,Medium,False
AUD_3814,Spontaneous,102.0,2,50.74,84,,,,,,Medium,False
AUD_129,Reading,123.0,11,44.8,86,,,,,,Medium,False
synth_low_42_00036,0,117.0,8,48.45,155,,,,,,Low,True
synth_low_42_01670,0,99.0,10,33.44,159,,,,,,Low,True
AUD_4599,Spontaneous,178.0,8,60.47,184,,,,,,Medium,False
AUD_13,Spontaneous,92.0,4,88.72,128,,,,,,Medium,False
synth_low_42_00829,0,106.17,10,31.22,137,,,,,,Low,True
AUD_4476,Spontaneous,113.0,11,70.76,160,,,,,,High,False
AUD_1525,Reading,122.0,6,28.33,173,,,,,,High,False
AUD_2365,Reading,149.0,13,88.39,76,,,,,,High,False
AUD_4648,Reading,173.0,6,20.16,99,,,,,,High,False
AUD_3052,Spontaneous,91.0,13,22.75,143,,,,,,Medium,False
AUD_4005,Spontaneous,155.0,6,77.82,199,,,,,,High,False
AUD_2340,Reading,115.0,12,76.07,195,,,,,,High,False
AUD_374,Reading,107.0,13,71.82,66,,,,,,High,False
AUD_4955,Spontaneous,167.0,5,40.93,192,,,,,,Medium,False
synth_low_42_00840,0,99.0,10,89.69,165,,,,,,Low,True
AUD_939,Reading,92.0,7,60.16,157,,,,,,Medium,False
synth_low_42_01505,0,148.47,7,41.82,103,,,,,,Low,True
AUD_4573,Reading,96.0,9,84.96,147,,,,,,Medium,False
AUD_2147,Reading,94.0,13,41.73,119,,,,,,Medium,False
AUD_3591,Reading,118.0,3,72.04,185,,,,,,Medium,False
synth_low_42_01165,0,105.0,12,62.39,170,,,,,,Low,True
synth_low_42_00714,0,135.57,7,75.04,146,,,,,,Low,True
AUD_3623,Reading,136.0,5,43.17,199,,,,,,High,False
AUD_529,Spontaneous,162.0,12,72.44,132,,,,,,Medium,False
AUD_3714,Reading,105.0,9,87.8,151,,,,,,High,False
AUD_4732,Reading,103.0,8,62.7,112,,,,,,Medium,False
AUD_1269,Spontaneous,161.0,6,61.5,70,,,,,,Medium,False
AUD_4281,Spontaneous,148.0,14,71.39,151,,,,,,Medium,False
AUD_1394,Spontaneous,177.0,5,20.84,62,,,,,,Medium,False
AUD_4850,Spontaneous,138.0,12,69.55,132,,,,,,Medium,False
AUD_4009,Spontaneous,165.0,13,70.59,105,,,,,,Medium,False
AUD_4390,Reading,108.0,9,70.22,132,,,,,,High,False
AUD_1797,Spontaneous,144.0,9,45.19,169,,,,,,Medium,False
AUD_2979,Spontaneous,159.0,14,89.03,111,,,,,,High,False
AUD_1441,Spontaneous,120.0,5,63.25,144,,,,,,Medium,False
synth_low_42_00082,0,136.0,9,52.92,136,,,,,,Low,True
synth_low_42_01621,0,146.62,5,47.99,92,,,,,,Low,True
AUD_3811,Spontaneous,180.0,12,31.54,81,,,,,,Medium,False
AUD_1273,Reading,142.0,9,78.51,195,,,,,,High,False
AUD_4703,Reading,122.0,14,27.35,161,,,,,,Medium,False
AUD_1712,Spontaneous,157.0,2,53.27,163,,,,,,Medium,False
AUD_955,Reading,169.0,8,51.11,50,,,,,,High,False
synth_low_42_00897,0,108.0,5,47.56,183,,,,,,Low,True
synth_low_42_00430,0,167.0,6,28.15,115,,,,,,Low,True
synth_low_42_01005,0,112.0,6,28.43,70,,,,,,Low,True
synth_low_42_01236,0,175.0,8,35.34,170,,,,,,Low,True
AUD_403,Spontaneous,179.0,11,40.02,81,,,,,,High,False
AUD_2071,Spontaneous,145.0,14,71.88,186,,,,,,High,False
synth_low_42_01454,0,162.73,2,82.92,178,,,,,,Low,True
AUD_1977,Reading,138.0,9,46.2,97,,,,,,Medium,False
AUD_158,Reading,98.0,13,36.26,88,,,,,,Medium,False
AUD_3888,Spontaneous,128.0,3,75.77,145,,,,,,Medium,False
AUD_902,Reading,150.0,13,52.18,87,,,,,,Medium,False
AUD_352,Spontaneous,144.0,8,36.34,141,,,,,,High,False
AUD_4540,Spontaneous,161.0,4,84.4,128,,,,,,Medium,False
AUD_4130,Spontaneous,143.0,9,30.41,101,,,,,,Medium,False
AUD_754,Reading,139.0,11,26.57,105,,,,,,High,False
AUD_2971,Spontaneous,152.0,9,55.58,158,,,,,,Medium,False
synth_low_42_01763,0,177.0,12,84.59,70,,,,,,Low,True
AUD_2920,Spontaneous,97.0,10,27.69,119,,,,,,Medium,False
AUD_311,Spontaneous,154.0,14,49.72,198,,,,,,High,False
AUD_4644,Spontaneous,111.0,9,72.5,192,,,,,,High,False
AUD_661,Spontaneous,160.0,13,47.17,182,,,,,,High,False
AUD_1989,Reading,162.0,5,83.41,140,,,,,,High,False
AUD_3665,Spontaneous,133.0,9,59.8,127,,,,,,Medium,False
AUD_306,Spontaneous,115.0,8,40.69,105,,,,,,High,False
AUD_2335,Reading,150.0,11,22.21,157,,,,,,Medium,False
AUD_4790,Spontaneous,161.0,8,69.15,156,,,,,,Medium,False
AUD_2356,Reading,166.0,12,53.18,107,,,,,,High,False
AUD_3702,Reading,168.0,13,47.53,67,,,,,,Medium,False
AUD_3804,Spontaneous,109.0,12,41.27,123,,,,,,Medium,False
AUD_1927,Spontaneous,149.0,7,46.97,190,,,,,,Medium,False
synth_low_42_00956,0,155.36,13,40.14,164,,,,,,Low,True
AUD_3427,Spontaneous,171.0,10,37.1,190,,,,,,High,False
AUD_749,Spontaneous,126.0,8,48.95,105,,,,,,High,False
AUD_3638,Spontaneous,96.0,3,58.37,72,,,,,,Medium,False
synth_low_42_01146,0,106.32,6,45.43,92,,,,,,Low,True
AUD_1266,Spontaneous,133.0,8,73.94,66,,,,,,Medium,False
synth_low_42_00157,0,112.0,2,69.45,130,,,,,,Low,True
synth_low_42_01003,0,107.69,14,24.32,57,,,,,,Low,True
AUD_3595,Reading,116.0,12,83.13,159,,,,,,Medium,False
AUD_2134,Spontaneous,133.0,11,70.29,194,,,,,,High,False
AUD_4109,Spontaneous,177.0,7,65.52,134,,,,,,Medium,False
AUD_4904,Reading,148.0,13,40.17,125,,,,,,High,False
AUD_514,Reading,112.0,5,57.11,167,,,,,,High,False
synth_low_42_01072,0,95.0,5,23.63,99,,,,,,Low,True
AUD_409,Spontaneous,110.0,4,34.05,89,,,,,,High,False
synth_low_42_00070,0,152.78,9,86.71,86,,,,,,Low,True
synth_low_42_01769,0,140.0,7,64.52,171,,,,,,Low,True
synth_low_42_01719,0,116.0,12,51.81,128,,,,,,Low,True
synth_low_42_00888,0,94.38,3,36.55,125,,,,,,Low,True
AUD_207,Reading,96.0,13,84.74,82,,,,,,Medium,False
AUD_458,Reading,170.0,4,83.38,146,,,,,,High,False
AUD_2054,Reading,171.0,4,73.63,164,,,,,,Medium,False
AUD_2430,Reading,107.0,10,82.83,84,,,,,,High,False
AUD_250,Spontaneous,130.0,5,81.98,182,,,,,,High,False
synth_low_42_00803,0,141.58,8,32.34,58,,,,,,Low,True
AUD_1107,Reading,108.0,3,58.19,110,,,,,,High,False
synth_low_42_01113,0,121.0,13,60.43,180,,,,,,Low,True
AUD_1713,Reading,162.0,2,26.02,151,,,,,,Medium,False
AUD_3911,Reading,114.0,5,89.98,58,,,,,,Medium,False
AUD_715,Spontaneous,115.0,10,47.89,133,,,,,,Medium,False
AUD_552,Reading,143.0,12,32.61,110,,,,,,High,False
AUD_1439,Spontaneous,95.0,14,32.67,64,,,,,,High,False
AUD_2270,Reading,144.0,9,29.67,63,,,,,,High,False
AUD_3144,Reading,133.0,9,21.17,188,,,,,,High,False
synth_low_42_01487,0,110.0,6,28.09,62,,,,,,Low,True
AUD_1925,Spontaneous,174.0,14,68.65,174,,,,,,Medium,False
AUD_634,Spontaneous,115.0,8,43.17,101,,,,,,Medium,False
AUD_316,Reading,135.0,10,79.28,79,,,,,,Medium,False
synth_low_42_01378,0,112.0,10,86.21,110,,,,,,Low,True
AUD_427,Reading,164.0,6,62.18,167,,,,,,High,False
synth_low_42_00755,0,175.45,8,88.93,160,,,,,,Low,True
AUD_105,Reading,157.0,14,60.06,52,,,,,,Medium,False
AUD_3041,Spontaneous,111.0,7,35.08,83,,,,,,High,False
AUD_4238,Reading,166.0,8,33.44,135,,,,,,Medium,False
AUD_2169,Reading,121.0,14,27.28,67,,,,,,Medium,False
AUD_1709,Spontaneous,117.0,11,39.72,130,,,,,,Medium,False
AUD_89,Reading,158.0,14,20.28,51,,,,,,High,False
AUD_2241,Spontaneous,144.0,9,78.96,161,,,,,,Medium,False
AUD_3174,Reading,98.0,6,27.25,55,,,,,,Medium,False
synth_low_42_01175,0,96.62,5,41.46,117,,,,,,Low,True
AUD_1949,Reading,159.0,12,78.19,176,,,,,,Medium,False
AUD_4044,Spontaneous,157.0,4,28.57,152,,,,,,Medium,False
AUD_2848,Spontaneous,161.0,5,34.71,104,,,,,,Low,False
AUD_1,Reading,141.0,8,41.78,63,,,,,,High,False
AUD_4337,Reading,116.0,5,68.15,186,,,,,,Medium,False
AUD_935,Spontaneous,130.0,4,85.53,56,,,,,,High,False
synth_low_42_00818,0,94.0,8,41.02,122,,,,,,Low,True
AUD_2720,Reading,132.0,7,24.39,113,,,,,,Medium,False
AUD_591,Spontaneous,114.0,11,57.26,171,,,,,,Low,False
synth_low_42_00537,0,98.24,12,40.21,99,,,,,,Low,True
AUD_2936,Spontaneous,133.0,9,68.05,140,,,,,,Medium,False
AUD_2448,Spontaneous,114.0,9,59.14,144,,,,,,High,False
AUD_1576,Spontaneous,173.0,4,61.63,71,,,,,,Medium,False
synth_low_42_00674,0,111.05,5,34.47,71,,,,,,Low,True
AUD_213,Reading,113.0,14,23.31,109,,,,,,High,False
AUD_778,Spontaneous,109.0,9,80.5,198,,,,,,High,False
AUD_3496,Reading,124.0,3,35.17,175,,,,,,High,False
synth_low_42_00332,0,151.0,11,51.28,70,,,,,,Low,True
AUD_2043,Spontaneous,96.0,9,20.62,191,,,,,,High,False
synth_low_42_01158,0,97.85,14,74.77,117,,,,,,Low,True
AUD_1567,Reading,179.0,6,80.52,136,,,,,,High,False
AUD_165,Spontaneous,164.0,6,53.14,100,,,,,,Medium,False
AUD_4702,Reading,120.0,9,42.81,109,,,,,,Medium,False
AUD_3566,Reading,167.0,10,21.31,139,,,,,,Medium,False
synth_low_42_00202,0,144.0,5,27.95,125,,,,,,Low,True
synth_low_42_01459,0,91.0,11,68.2,51,,,,,,Low,True
AUD_2013,Reading,94.0,6,32.44,68,,,,,,Low,False
AUD_273,Reading,99.0,11,29.48,195,,,,,,High,False
AUD_3860,Reading,119.0,5,56.88,150,,,,,,Medium,False
AUD_4167,Spontaneous,132.0,3,24.39,139,,,,,,Medium,False
synth_low_42_00422,0,131.03,13,44.58,163,,,,,,Low,True
AUD_3788,Spontaneous,146.0,12,29.27,132,,,,,,High,False
AUD_394,Spontaneous,122.0,3,66.27,194,,,,,,High,False
AUD_583,Reading,100.0,12,62.33,86,,,,,,Medium,False
synth_low_42_01775,0,104.0,12,30.4,62,,,,,,Low,True
synth_low_42_01297,0,125.68,6,75.07,105,,,,,,Low,True
synth_low_42_01498,0,153.91,6,64.46,80,,,,,,Low,True
AUD_520,Spontaneous,128.0,3,73.87,139,,,,,,Medium,False
AUD_1763,Reading,154.0,3,77.69,189,,,,,,High,False
AUD_1875,Spontaneous,176.0,10,78.18,105,,,,,,Medium,False
AUD_3965,Spontaneous,164.0,7,77.74,143,,,,,,High,False
AUD_3344,Spontaneous,177.0,11,33.98,115,,,,,,Medium,False
AUD_2253,Spontaneous,154.0,13,34.94,167,,,,,,High,False
AUD_3224,Spontaneous,91.0,11,89.6,50,,,,,,High,False
AUD_526,Spontaneous,159.0,5,83.09,79,,,,,,High,False
AUD_2946,Reading,125.0,2,26.59,180,,,,,,Medium,False
AUD_4473,Reading,141.0,13,56.77,87,,,,,,Medium,False
AUD_3899,Reading,90.0,2,37.73,60,,,,,,Low,False
AUD_692,Spontaneous,119.0,9,28.84,95,,,,,,High,False
synth_low_42_01772,0,94.52,3,30.1,182,,,,,,Low,True
AUD_4444,Spontaneous,144.0,7,23.37,55,,,,,,Medium,False
AUD_3633,Spontaneous,174.0,5,41.34,62,,,,,,Medium,False
AUD_1050,Spontaneous,154.0,10,57.12,56,,,,,,High,False
AUD_590,Spontaneous,106.0,8,43.08,76,,,,,,High,False
AUD_519,Spontaneous,106.0,7,79.95,118,,,,,,Medium,False
AUD_3380,Spontaneous,106.0,11,86.58,124,,,,,,High,False
AUD_3676,Spontaneous,106.0,14,38.8,180,,,,,,High,False
synth_low_42_00602,0,143.76,5,55.05,190,,,,,,Low,True
AUD_1607,Spontaneous,113.0,3,75.24,191,,,,,,Medium,False
AUD_3610,Spontaneous,117.0,9,61.07,107,,,,,,Medium,False
synth_low_42_01484,0,98.71,10,51.22,184,,,,,,Low,True
AUD_1809,Spontaneous,179.0,8,79.31,57,,,,,,Medium,False
AUD_791,Reading,155.0,12,62.32,105,,,,,,High,False
AUD_792,Reading,149.0,9,68.23,93,,,,,,High,False
synth_low_42_00591,0,101.0,2,57.67,137,,,,,,Low,True
AUD_1855,Spontaneous,152.0,13,55.71,166,,,,,,Medium,False
AUD_1980,Reading,132.0,2,34.38,84,,,,,,High,False
AUD_3233,Reading,131.0,14,80.06,86,,,,,,Medium,False
AUD_3598,Spontaneous,151.0,7,58.03,103,,,,,,Medium,False
AUD_933,Reading,172.0,11,75.85,129,,,,,,High,False
AUD_3963,Reading,99.0,14,59.46,56,,,,,,Low,False
synth_low_42_01773,0,141.0,7,71.59,137,,,,,,Low,True
synth_low_42_01307,0,158.0,5,73.6,51,,,,,,Low,True
AUD_4179,Spontaneous,145.0,12,67.12,113,,,,,,Medium,False
AUD_4026,Reading,152.0,9,30.02,173,,,,,,Medium,False
synth_low_42_01012,0,150.0,3,82.52,128,,,,,,Low,True
AUD_4116,Reading,112.0,2,34.51,141,,,,,,Medium,False
AUD_988,Spontaneous,169.0,2,56.99,59,,,,,,High,False
synth_low_42_00241,0,111.0,2,81.23,61,,,,,,Low,True
AUD_3453,Reading,146.0,11,45.67,93,,,,,,Medium,False
synth_low_42_01202,0,148.44,9,53.35,196,,,,,,Low,True
AUD_3778,Spontaneous,119.0,12,44.47,70,,,,,,High,False
synth_low_42_00702,0,140.0,10,43.73,151,,,,,,Low,True
AUD_3093,Spontaneous,104.0,2,87.33,129,,,,,,High,False
AUD_3155,Reading,109.0,13,40.08,170,,,,,,Medium,False
AUD_3201,Spontaneous,154.0,13,41.93,71,,,,,,High,False
synth_low_42_00483,0,171.31,8,28.13,98,,,,,,Low,True
AUD_1098,Reading,146.0,4,32.76,110,,,,,,Medium,False
synth_low_42_00646,0,116.0,13,39.84,179,,,,,,Low,True
AUD_2844,Spontaneous,145.0,7,70.04,92,,,,,,Medium,False
AUD_886,Spontaneous,118.0,8,61.44,179,,,,,,Medium,False
synth_low_42_01705,0,91.26,11,39.78,126,,,,,,Low,True
synth_low_42_00270,0,168.68,12,34.61,73,,,,,,Low,True
AUD_515,Reading,91.0,8,21.81,131,,,,,,High,False
synth_low_42_01267,0,134.0,14,34.64,191,,,,,,Low,True
AUD_4833,Spontaneous,102.0,11,62.3,198,,,,,,High,False
AUD_1453,Reading,124.0,4,47.09,118,,,,,,High,False
AUD_3553,Reading,105.0,3,32.22,76,,,,,,High,False
AUD_3609,Spontaneous,96.0,3,59.25,175,,,,,,High,False
AUD_4665,Reading,100.0,9,27.61,110,,,,,,Medium,False
AUD_2506,Reading,114.0,11,79.17,182,,,,,,High,False
AUD_2994,Spontaneous,133.0,11,71.62,113,,,,,,Medium,False
AUD_3999,Reading,149.0,7,71.02,98,,,,,,Medium,False
synth_low_42_01438,0,155.0,4,83.06,177,,,,,,Low,True
AUD_906,Spontaneous,116.0,5,48.14,170,,,,,,Low,False
AUD_28,Spontaneous,111.0,7,47.48,144,,,,,,High,False
AUD_2507,Spontaneous,177.0,12,69.75,156,,,,,,Medium,False
AUD_2428,Reading,92.0,14,42.1,79,,,,,,High,False
synth_low_42_00043,0,91.35,10,53.02,113,,,,,,Low,True
AUD_762,Spontaneous,163.0,4,63.28,155,,,,,,Medium,False
AUD_3747,Reading,166.0,7,33.07,139,,,,,,High,False
AUD_4811,Spontaneous,108.0,12,55.15,153,,,,,,Medium,False
AUD_284,Spontaneous,133.0,3,68.39,55,,,,,,High,False
AUD_686,Spontaneous,173.0,8,74.71,195,,,,,,High,False
synth_low_42_01277,0,171.0,9,24.47,198,,,,,,Low,True
AUD_2353,Reading,146.0,11,78.75,114,,,,,,High,False
synth_low_42_00466,0,138.0,14,27.26,194,,,,,,Low,True
synth_low_42_00839,0,97.0,2,44.37,89,,,,,,Low,True
AUD_21,Spontaneous,143.0,6,66.25,116,,,,,,High,False
AUD_2752,Spontaneous,136.0,11,66.12,70,,,,,,High,False
AUD_885,Spontaneous,92.0,12,30.44,145,,,,,,High,False
AUD_917,Spontaneous,140.0,7,75.95,194,,,,,,Low,False
AUD_1040,Spontaneous,150.0,14,53.79,80,,,,,,Medium,False
synth_low_42_01795,0,96.0,7,74.29,143,,,,,,Low,True
AUD_1265,Spontaneous,126.0,11,89.51,180,,,,,,High,False
AUD_4579,Reading,173.0,5,55.3,63,,,,,,High,False
synth_low_42_00882,0,177.0,12,60.81,133,,,,,,Low,True
AUD_277,Spontaneous,138.0,11,61.85,115,,,,,,High,False
AUD_2084,Reading,135.0,4,82.98,89,,,,,,High,False
AUD_1245,Spontaneous,127.0,13,52.45,92,,,,,,High,False
AUD_2382,Reading,94.0,5,31.01,122,,,,,,Medium,False
AUD_571,Spontaneous,120.0,10,28.5,107,,,,,,Medium,False
AUD_1435,Reading,120.0,3,34.95,102,,,,,,Medium,False
AUD_3902,Reading,105.0,13,25.62,159,,,,,,Medium,False
AUD_1247,Reading,145.0,7,20.85,134,,,,,,Medium,False
AUD_4681,Reading,160.0,5,74.15,117,,,,,,High,False
AUD_3526,Reading,96.0,14,27.29,120,,,,,,Medium,False
AUD_2514,Reading,91.0,10,32.45,87,,,,,,High,False
AUD_1007,Spontaneous,93.0,6,86.95,66,,,,,,Medium,False
AUD_4770,Reading,93.0,12,75.52,108,,,,,,Medium,False
AUD_4543,Reading,139.0,9,60.93,115,,,,,,High,False
synth_low_42_01636,0,126.14,10,73.87,56,,,,,,Low,True
synth_low_42_00887,0,95.0,2,81.39,190,,,,,,Low,True
AUD_2064,Reading,151.0,2,21.83,67,,,,,,Medium,False
synth_low_42_00366,0,149.55,3,86.68,152,,,,,,Low,True
AUD_1690,Reading,104.0,5,89.88,101,,,,,,High,False
synth_low_42_00866,0,128.0,7,25.37,120,,,,,,Low,True
AUD_1985,Spontaneous,170.0,11,45.12,156,,,,,,High,False
AUD_294,Spontaneous,128.0,11,41.47,75,,,,,,High,False
AUD_1547,Spontaneous,142.0,2,21.99,194,,,,,,Medium,False
AUD_2012,Reading,102.0,8,71.17,147,,,,,,Medium,False
AUD_588,Spontaneous,138.0,13,81.5,184,,,,,,Medium,False
AUD_3329,Spontaneous,106.0,4,81.72,134,,,,,,Medium,False
AUD_2403,Reading,93.0,2,86.95,179,,,,,,High,False
AUD_2129,Reading,97.0,8,77.97,57,,,,,,Low,False
AUD_3998,Reading,162.0,10,56.08,108,,,,,,Medium,False
synth_low_42_00947,0,98.0,14,42.52,89,,,,,,Low,True
AUD_3741,Reading,155.0,5,68.99,163,,,,,,Medium,False
AUD_3508,Reading,136.0,11,54.73,149,,,,,,High,False
AUD_2719,Spontaneous,141.0,7,36.93,138,,,,,,Medium,False
AUD_4521,Reading,101.0,5,69.14,183,,,,,,Medium,False
synth_low_42_01185,0,101.44,3,37.74,117,,,,,,Low,True
synth_low_42_01192,0,99.0,10,51.37,63,,,,,,Low,True
AUD_556,Spontaneous,95.0,4,80.08,79,,,,,,Medium,False
AUD_4795,Spontaneous,126.0,14,71.46,126,,,,,,Low,False
AUD_2469,Spontaneous,110.0,3,69.28,100,,,,,,High,False
AUD_3738,Reading,136.0,7,77.5,110,,,,,,High,False
AUD_4286,Spontaneous,121.0,8,69.77,154,,,,,,High,False
synth_low_42_00597,0,90.0,12,85.94,136,,,,,,Low,True
AUD_1716,Spontaneous,121.0,7,86.88,120,,,,,,Medium,False
AUD_2604,Spontaneous,118.0,12,71.09,78,,,,,,High,False
synth_low_42_00608,0,136.0,10,28.28,173,,,,,,Low,True
AUD_1704,Reading,172.0,4,27.67,120,,,,,,High,False
AUD_2139,Reading,103.0,6,55.89,137,,,,,,High,False
AUD_3239,Reading,99.0,2,39.07,195,,,,,,High,False
AUD_2383,Spontaneous,112.0,7,82.87,51,,,,,,Medium,False
AUD_4311,Spontaneous,135.0,5,62.59,156,,,,,,High,False
AUD_1285,Spontaneous,105.0,2,87.94,77,,,,,,High,False
synth_low_42_00787,0,112.0,13,28.6,151,,,,,,Low,True
synth_low_42_01068,0,161.0,5,75.01,58,,,,,,Low,True
AUD_3930,Reading,133.0,11,68.26,75,,,,,,High,False
synth_low_42_00140,0,128.0,8,85.7,148,,,,,,Low,True
AUD_1591,Spontaneous,142.0,14,60.73,56,,,,,,Medium,False
synth_low_42_01444,0,156.0,3,75.66,117,,,,,,Low,True
AUD_2162,Spontaneous,152.0,2,77.93,72,,,,,,High,False
AUD_2396,Reading,94.0,12,85.82,128,,,,,,Medium,False
AUD_317,Spontaneous,157.0,14,24.05,152,,,,,,Low,False
synth_low_42_01096,0,155.0,4,47.74,63,,,,,,Low,True
AUD_3111,Spontaneous,128.0,13,42.7,151,,,,,,High,False
synth_low_42_00428,0,168.0,12,43.92,53,,,,,,Low,True
synth_low_42_01598,0,101.0,12,85.2,136,,,,,,Low,True
AUD_4036,Reading,161.0,11,69.85,164,,,,,,High,False
AUD_795,Reading,106.0,7,84.98,98,,,,,,Medium,False
AUD_3020,Spontaneous,106.0,4,23.13,152,,,,,,Medium,False
AUD_1711,Reading,112.0,7,20.92,196,,,,,,High,False
AUD_3387,Spontaneous,101.0,9,22.04,146,,,,,,High,False
AUD_36,Reading,92.0,2,52.02,199,,,,,,Medium,False
AUD_4549,Reading,99.0,12,59.14,152,,,,,,Medium,False
AUD_913,Reading,172.0,13,71.94,148,,,,,,High,False
AUD_3972,Reading,90.0,3,72.08,74,,,,,,Medium,False
AUD_4133,Reading,101.0,8,56.72,131,,,,,,High,False
AUD_974,Spontaneous,97.0,9,49.19,138,,,,,,High,False
AUD_983,Reading,98.0,3,88.06,74,,,,,,High,False
synth_low_42_00551,0,113.75,5,62.41,109,,,,,,Low,True
AUD_1418,Spontaneous,110.0,11,74.26,183,,,,,,High,False
AUD_1560,Spontaneous,177.0,9,57.38,62,,,,,,High,False
AUD_4135,Reading,150.0,8,71.46,88,,,,,,Medium,False
synth_low_42_00417,0,175.0,12,27.69,70,,,,,,Low,True
AUD_4265,Spontaneous,174.0,5,23.11,62,,,,,,High,False
AUD_1355,Spontaneous,112.0,13,88.73,148,,,,,,High,False
synth_low_42_01357,0,150.0,10,42.15,194,,,,,,Low,True
synth_low_42_01441,0,109.0,4,28.07,139,,,,,,Low,True
AUD_987,Reading,139.0,11,32.94,60,,,,,,High,False
AUD_2682,Spontaneous,141.0,11,61.99,164,,,,,,Medium,False
synth_low_42_00047,0,172.0,9,84.5,193,,,,,,Low,True
AUD_1640,Reading,108.0,12,73.67,176,,,,,,High,False
AUD_1290,Spontaneous,111.0,14,51.85,63,,,,,,Medium,False
AUD_3681,Spontaneous,126.0,12,34.28,126,,,,,,Medium,False
AUD_1380,Reading,123.0,4,50.38,130,,,,,,High,False
AUD_1933,Reading,152.0,2,56.65,166,,,,,,Medium,False
AUD_4675,Reading,170.0,9,49.84,178,,,,,,High,False
synth_low_42_00718,0,128.0,13,34.94,69,,,,,,Low,True
AUD_3160,Reading,120.0,13,52.68,159,,,,,,High,False
AUD_2030,Spontaneous,163.0,11,35.14,107,,,,,,High,False
AUD_892,Reading,176.0,8,29.59,165,,,,,,Medium,False
AUD_4876,Spontaneous,178.0,4,73.79,61,,,,,,Medium,False
AUD_4069,Spontaneous,105.0,2,84.17,162,,,,,,Medium,False
AUD_4255,Reading,139.0,4,46.62,164,,,,,,High,False
AUD_2,Reading,128.0,11,35.56,122,,,,,,Low,False
AUD_2109,Spontaneous,148.0,6,83.77,138,,,,,,Medium,False
AUD_849,Reading,107.0,8,66.63,77,,,,,,Medium,False
AUD_2737,Reading,100.0,11,60.33,102,,,,,,Medium,False
AUD_2466,Reading,164.0,14,28.84,146,,,,,,High,False
AUD_1914,Reading,152.0,11,63.02,123,,,,,,Medium,False
AUD_1596,Spontaneous,148.0,5,26.34,79,,,,,,Medium,False
AUD_1913,Reading,107.0,9,77.08,56,,,,,,High,False
synth_low_42_00139,0,146.37,6,64.65,112,,,,,,Low,True
synth_low_42_01767,0,94.0,3,24.5,105,,,,,,Low,True
AUD_2736,Spontaneous,105.0,12,83.19,137,,,,,,High,False
AUD_726,Reading,133.0,11,86.69,166,,,,,,Medium,False
AUD_53,Spontaneous,107.0,6,75.82,161,,,,,,Medium,False
AUD_1796,Spontaneous,138.0,12,88.71,100,,,,,,Medium,False
AUD_3845,Spontaneous,97.0,3,60.01,195,,,,,,Medium,False
AUD_2553,Spontaneous,111.0,4,55.59,93,,,,,,Medium,False
AUD_2800,Reading,101.0,12,66.87,116,,,,,,High,False
AUD_936,Spontaneous,101.0,14,78.97,89,,,,,,High,False
synth_low_42_00606,0,113.0,3,23.1,51,,,,,,Low,True
AUD_824,Reading,118.0,9,86.57,64,,,,,,High,False
AUD_4321,Spontaneous,123.0,6,81.31,182,,,,,,High,False
AUD_3401,Spontaneous,171.0,14,78.97,186,,,,,,High,False
AUD_1389,Reading,116.0,3,48.29,144,,,,,,Medium,False
AUD_3564,Spontaneous,176.0,10,86.31,53,,,,,,High,False
AUD_884,Spontaneous,156.0,9,45.72,83,,,,,,Medium,False
AUD_4867,Spontaneous,113.0,2,75.42,82,,,,,,Medium,False
AUD_1868,Reading,175.0,13,76.02,122,,,,,,Medium,False
synth_low_42_00181,0,171.43,2,51.62,101,,,,,,Low,True
AUD_10,Spontaneous,151.0,6,44.15,138,,,,,,Medium,False
AUD_3415,Spontaneous,120.0,6,23.26,125,,,,,,Medium,False
AUD_1463,Reading,170.0,6,82.64,97,,,,,,Medium,False
AUD_806,Reading,145.0,6,28.19,176,,,,,,Medium,False
synth_low_42_00542,0,94.0,12,33.06,56,,,,,,Low,True
synth_low_42_00343,0,118.0,14,39.55,104,,,,,,Low,True
AUD_4068,Spontaneous,132.0,7,46.22,59,,,,,,Medium,False
AUD_2108,Spontaneous,93.0,14,37.67,153,,,,,,Medium,False
synth_low_42_00736,0,142.68,13,24.84,74,,,,,,Low,True
synth_low_42_01737,0,111.0,7,49.22,195,,,,,,Low,True
AUD_2234,Spontaneous,131.0,13,60.17,72,,,,,,High,False
AUD_963,Spontaneous,170.0,8,78.17,115,,,,,,Medium,False
AUD_4494,Spontaneous,139.0,7,50.89,181,,,,,,Medium,False
AUD_2632,Spontaneous,145.0,10,52.1,90,,,,,,High,False
AUD_704,Reading,122.0,11,86.36,137,,,,,,High,False
AUD_431,Reading,107.0,13,60.28,111,,,,,,Medium,False
AUD_4388,Reading,93.0,3,38.85,116,,,,,,High,False
AUD_145,Spontaneous,132.0,10,53.09,143,,,,,,Medium,False
AUD_2033,Spontaneous,146.0,8,70.74,104,,,,,,Medium,False
synth_low_42_00703,0,159.06,2,60.07,151,,,,,,Low,True
AUD_1165,Spontaneous,174.0,4,83.89,163,,,,,,Medium,False
AUD_3500,Reading,153.0,4,84.56,60,,,,,,Medium,False
AUD_2050,Reading,99.0,13,75.03,94,,,,,,Low,False
AUD_3760,Reading,141.0,2,77.23,140,,,,,,Low,False
AUD_2624,Spontaneous,173.0,9,44.78,84,,,,,,Medium,False
AUD_4484,Reading,139.0,5,76.34,85,,,,,,High,False
AUD_4435,Spontaneous,138.0,8,41.25,123,,,,,,Medium,False
synth_low_42_00412,0,121.47,2,28.31,140,,,,,,Low,True
synth_low_42_00267,0,94.0,8,82.53,84,,,,,,Low,True
AUD_4361,Spontaneous,176.0,10,69.37,71,,,,,,Medium,False
AUD_2424,Reading,163.0,9,59.12,144,,,,,,High,False
AUD_1262,Reading,130.0,11,88.82,161,,,,,,Medium,False
AUD_1771,Reading,166.0,12,55.5,179,,,,,,Medium,False
AUD_3511,Spontaneous,174.0,13,53.57,86,,,,,,High,False
AUD_271,Spontaneous,123.0,12,36.2,174,,,,,,High,False
AUD_4792,Spontaneous,94.0,7,39.29,111,,,,,,Medium,False
synth_low_42_01766,0,166.0,10,24.73,182,,,,,,Low,True
AUD_244,Spontaneous,152.0,12,63.83,58,,,,,,Medium,False
synth_low_42_01591,0,100.0,3,42.31,67,,,,,,Low,True
AUD_4572,Reading,171.0,7,33.92,174,,,,,,High,False
AUD_2032,Reading,174.0,11,51.63,180,,,,,,Medium,False
synth_low_42_01259,0,152.0,6,77.84,163,,,,,,Low,True
synth_low_42_00370,0,101.0,13,38.76,135,,,,,,Low,True
AUD_813,Reading,137.0,8,84.9,63,,,,,,Medium,False
AUD_3810,Reading,163.0,10,83.28,75,,,,,,Medium,False
synth_low_42_00518,0,139.77,14,21.74,179,,,,,,Low,True
AUD_1804,Reading,158.0,14,89.58,61,,,,,,High,False
synth_low_42_01115,0,102.0,2,68.46,130,,,,,,Low,True
AUD_4346,Reading,158.0,10,70.43,53,,,,,,High,False
AUD_2461,Spontaneous,158.0,8,28.68,188,,,,,,Medium,False
AUD_545,Reading,113.0,6,84.24,141,,,,,,High,False
AUD_3241,Spontaneous,161.0,2,37.81,97,,,,,,High,False
AUD_738,Spontaneous,103.0,4,75.33,198,,,,,,High,False
AUD_310,Reading,145.0,4,86.38,176,,,,,,High,False
AUD_3521,Spontaneous,164.0,4,44.05,96,,,,,,High,False
AUD_1131,Spontaneous,135.0,3,44.49,119,,,,,,Medium,False
synth_low_42_01690,0,159.35,12,49.14,172,,,,,,Low,True
AUD_4111,Spontaneous,160.0,13,75.14,194,,,,,,Medium,False
AUD_2769,Spontaneous,118.0,9,59.83,185,,,,,,Medium,False
AUD_920,Spontaneous,171.0,3,84.22,172,,,,,,Low,False
AUD_3587,Reading,159.0,6,52.34,128,,,,,,Medium,False
AUD_3959,Spontaneous,168.0,7,27.42,93,,,,,,Medium,False
AUD_38,Spontaneous,160.0,8,72.48,82,,,,,,High,False
AUD_4459,Reading,101.0,11,23.36,159,,,,,,Medium,False
AUD_4278,Reading,131.0,9,51.22,164,,,,,,High,False
AUD_2983,Reading,125.0,4,35.64,186,,,,,,Medium,False
synth_low_42_01780,0,96.0,9,33.0,82,,,,,,Low,True
synth_low_42_00217,0,177.0,12,24.6,115,,,,,,Low,True
AUD_2667,Reading,160.0,3,45.01,168,,,,,,Medium,False
AUD_3223,Reading,143.0,11,86.91,94,,,,,,High,False
AUD_1182,Reading,133.0,13,84.97,78,,,,,,Medium,False
AUD_614,Spontaneous,159.0,7,67.69,55,,,,,,Medium,False
synth_low_42_01671,0,114.0,10,50.74,132,,,,,,Low,True
AUD_1466,Reading,154.0,9,31.08,101,,,,,,High,False
AUD_4497,Spontaneous,119.0,8,87.18,197,,,,,,High,False
AUD_3042,Reading,175.0,7,55.87,107,,,,,,Medium,False
AUD_934,Reading,127.0,11,44.99,97,,,,,,High,False
AUD_2419,Spontaneous,173.0,10,81.45,110,,,,,,Low,False
synth_low_42_00085,0,127.57,4,32.61,154,,,,,,Low,True
synth_low_42_01128,0,144.0,5,45.69,70,,,,,,Low,True
synth_low_42_00506,0,117.0,8,47.73,86,,,,,,Low,True
AUD_4822,Spontaneous,155.0,13,24.98,185,,,,,,Medium,False
AUD_826,Spontaneous,127.0,6,22.84,65,,,,,,High,False
AUD_1521,Reading,97.0,12,59.46,62,,,,,,High,False
AUD_2930,Spontaneous,112.0,13,54.54,109,,,,,,High,False
AUD_4232,Reading,162.0,9,32.11,173,,,,,,Medium,False
AUD_628,Spontaneous,91.0,10,63.48,50,,,,,,High,False
AUD_4430,Spontaneous,94.0,14,39.54,161,,,,,,Medium,False
AUD_3853,Spontaneous,175.0,12,84.95,167,,,,,,High,False
AUD_390,Reading,172.0,10,69.93,188,,,,,,High,False
AUD_4345,Spontaneous,174.0,14,42.56,194,,,,,,High,False
synth_low_42_01623,0,95.0,8,34.8,196,,,,,,Low,True
AUD_3990,Reading,154.0,5,83.7,110,,,,,,Medium,False
AUD_400,Spontaneous,175.0,7,34.25,161,,,,,,High,False
AUD_4806,Spontaneous,143.0,13,89.68,163,,,,,,High,False
synth_low_42_00135,0,166.0,6,25.96,70,,,,,,Low,True
synth_low_42_00489,0,97.53,3,34.69,140,,,,,,Low,True
AUD_3359,Reading,139.0,5,44.04,190,,,,,,Medium,False
AUD_46,Spontaneous,168.0,13,48.74,167,,,,,,Medium,False
synth_low_42_01517,0,128.0,5,33.33,85,,,,,,Low,True
synth_low_42_01695,0,94.0,5,40.53,92,,,,,,Low,True
AUD_3642,Reading,92.0,3,21.0,160,,,,,,High,False
AUD_3726,Spontaneous,132.0,10,53.48,177,,,,,,High,False
synth_low_42_00208,0,99.0,4,60.72,138,,,,,,Low,True
synth_low_42_01595,0,119.0,3,81.4,87,,,,,,Low,True
AUD_2421,Reading,179.0,10,80.02,95,,,,,,High,False
AUD_1750,Spontaneous,106.0,3,33.41,176,,,,,,High,False
synth_low_42_01569,0,98.49,8,78.55,140,,,,,,Low,True
synth_low_42_00568,0,129.0,7,65.97,110,,,,,,Low,True
AUD_4062,Reading,108.0,11,86.5,136,,,,,,Medium,False
AUD_338,Reading,90.0,2,75.58,96,,,,,,High,False
AUD_215,Spontaneous,172.0,12,23.02,80,,,,,,High,False
AUD_3663,Reading,115.0,8,56.3,56,,,,,,High,False
AUD_1341,Spontaneous,180.0,9,74.59,150,,,,,,Medium,False
synth_low_42_01210,0,144.0,13,42.5,188,,,,,,Low,True
AUD_3894,Spontaneous,99.0,5,85.66,192,,,,,,Medium,False
AUD_3640,Reading,147.0,2,59.01,143,,,,,,Medium,False
AUD_329,Reading,132.0,10,74.05,60,,,,,,High,False
synth_low_42_00346,0,112.0,12,44.68,138,,,,,,Low,True
AUD_3004,Reading,137.0,11,46.92,118,,,,,,Medium,False
synth_low_42_01488,0,113.76,12,89.82,89,,,,,,Low,True
AUD_3115,Spontaneous,138.0,7,68.75,53,,,,,,Medium,False
synth_low_42_01572,0,94.0,3,64.9,163,,,,,,Low,True
AUD_2322,Spontaneous,93.0,5,52.76,89,,,,,,Medium,False
AUD_4197,Spontaneous,146.0,7,40.7,119,,,,,,Medium,False
AUD_3549,Spontaneous,96.0,4,23.54,123,,,,,,Medium,False
AUD_1458,Reading,134.0,12,53.62,118,,,,,,High,False
AUD_171,Spontaneous,169.0,6,86.42,162,,,,,,High,False
AUD_4203,Spontaneous,136.0,8,51.41,63,,,,,,High,False
synth_low_42_00690,0,140.75,13,46.09,163,,,,,,Low,True
AUD_3569,Reading,109.0,11,25.66,81,,,,,,Medium,False
AUD_4226,Reading,110.0,4,53.22,126,,,,,,Medium,False
synth_low_42_00158,0,111.0,10,41.05,181,,,,,,Low,True
synth_low_42_00545,0,165.09,5,34.87,127,,,,,,Low,True
synth_low_42_00601,0,113.49,9,81.57,197,,,,,,Low,True
AUD_938,Reading,126.0,14,40.61,85,,,,,,High,False
AUD_60,Reading,130.0,13,54.06,133,,,,,,Medium,False
AUD_1240,Reading,107.0,12,43.26,116,,,,,,High,False
synth_low_42_00136,0,129.0,10,44.4,121,,,,,,Low,True
synth_low_42_00679,0,138.93,10,64.52,160,,,,,,Low,True
AUD_2120,Spontaneous,173.0,14,66.63,159,,,,,,Medium,False
AUD_1524,Spontaneous,155.0,4,36.85,59,,,,,,High,False
AUD_153,Reading,133.0,9,36.43,107,,,,,,High,False
AUD_481,Reading,172.0,12,68.68,132,,,,,,Low,False
AUD_4460,Spontaneous,173.0,9,87.66,129,,,,,,Medium,False
AUD_3920,Reading,171.0,14,40.73,182,,,,,,Medium,False
AUD_1762,Spontaneous,135.0,13,83.98,110,,,,,,Medium,False
AUD_750,Reading,149.0,14,64.35,62,,,,,,High,False
AUD_1785,Reading,160.0,4,82.05,184,,,,,,Medium,False
AUD_4501,Spontaneous,95.0,9,48.73,143,,,,,,High,False
AUD_4853,Spontaneous,155.0,12,61.8,71,,,,,,High,False
AUD_2711,Reading,119.0,8,62.45,97,,,,,,Medium,False
synth_low_42_00491,0,175.0,12,35.35,68,,,,,,Low,True
AUD_4193,Reading,101.0,5,51.88,125,,,,,,Medium,False
AUD_1333,Spontaneous,111.0,4,83.4,91,,,,,,High,False
synth_low_42_01044,0,178.77,8,76.33,135,,,,,,Low,True
AUD_2854,Reading,178.0,11,79.04,103,,,,,,Medium,False
AUD_186,Spontaneous,92.0,2,83.21,121,,,,,,Medium,False
AUD_1136,Reading,147.0,6,46.11,149,,,,,,Medium,False
AUD_2058,Reading,131.0,13,38.65,93,,,,,,Medium,False
synth_low_42_00692,0,119.0,10,25.89,62,,,,,,Low,True
AUD_148,Spontaneous,167.0,4,47.15,164,,,,,,Medium,False
AUD_4124,Spontaneous,102.0,5,81.97,70,,,,,,High,False
AUD_4889,Spontaneous,136.0,2,20.32,162,,,,,,High,False
AUD_3363,Spontaneous,118.0,4,72.33,71,,,,,,Medium,False
AUD_4788,Spontaneous,162.0,9,68.64,128,,,,,,Medium,False
AUD_2866,Reading,123.0,5,85.69,137,,,,,,High,False
AUD_3776,Spontaneous,135.0,6,50.38,167,,,,,,High,False
AUD_1386,Spontaneous,130.0,12,69.45,85,,,,,,Low,False
synth_low_42_01417,0,179.0,12,66.09,194,,,,,,Low,True
synth_low_42_00624,0,114.0,8,64.55,74,,,,,,Low,True
AUD_3629,Spontaneous,172.0,5,81.3,125,,,,,,Medium,False
synth_low_42_01111,0,136.0,7,35.42,122,,,,,,Low,True
AUD_4797,Spontaneous,140.0,11,80.16,132,,,,,,Medium,False
AUD_3028,Reading,131.0,4,61.5,199,,,,,,Medium,False
AUD_2969,Spontaneous,116.0,13,70.23,87,,,,,,Medium,False
synth_low_42_00904,0,142.26,4,46.2,69,,,,,,Low,True
AUD_1708,Spontaneous,177.0,10,70.25,112,,,,,,High,False
AUD_2953,Reading,127.0,6,22.68,92,,,,,,High,False
AUD_454,Reading,177.0,10,78.18,79,,,,,,High,False
AUD_609,Reading,127.0,4,72.49,172,,,,,,High,False
AUD_4263,Reading,158.0,9,25.02,96,,,,,,Medium,False
AUD_4826,Reading,132.0,2,68.24,153,,,,,,Medium,False
synth_low_42_00760,0,167.0,4,80.21,170,,,,,,Low,True
AUD_2074,Spontaneous,94.0,10,89.43,54,,,,,,High,False
AUD_4052,Spontaneous,120.0,6,77.55,158,,,,,,Medium,False
synth_low_42_00525,0,97.0,9,34.73,168,,,,,,Low,True
AUD_1622,Reading,178.0,7,39.65,118,,,,,,High,False
AUD_4683,Reading,167.0,6,51.38,69,,,,,,Medium,False
synth_low_42_01296,0,111.0,12,66.08,55,,,,,,Low,True
AUD_40,Spontaneous,140.0,14,52.01,160,,,,,,Medium,False
AUD_2089,Spontaneous,93.0,4,53.29,177,,,,,,Medium,False
AUD_3924,Reading,139.0,9,80.2,164,,,,,,Medium,False
AUD_2175,Spontaneous,96.0,5,40.27,182,,,,,,High,False
AUD_74,Reading,125.0,14,45.08,154,,,,,,High,False
synth_low_42_00437,0,120.0,7,57.37,145,,,,,,Low,True
synth_low_42_01703,0,147.43,7,43.35,55,,,,,,Low,True
AUD_2657,Reading,140.0,10,55.1,105,,,,,,Medium,False
AUD_3180,Spontaneous,143.0,5,56.12,52,,,,,,Medium,False
AUD_2076,Reading,124.0,3,44.58,64,,,,,,Medium,False
AUD_441,Reading,105.0,12,74.36,173,,,,,,High,False
AUD_2051,Spontaneous,159.0,8,36.42,185,,,,,,Low,False
AUD_2541,Reading,128.0,7,33.78,123,,,,,,High,False
AUD_1301,Reading,139.0,2,59.42,125,,,,,,High,False
AUD_3430,Spontaneous,131.0,11,26.72,162,,,,,,Medium,False
AUD_1304,Spontaneous,139.0,4,24.64,99,,,,,,High,False
AUD_236,Spontaneous,165.0,5,38.16,158,,,,,,High,False
synth_low_42_00664,0,111.0,10,44.46,95,,,,,,Low,True
AUD_2599,Spontaneous,159.0,12,42.13,103,,,,,,Medium,False
AUD_4616,Spontaneous,161.0,9,74.25,174,,,,,,High,False
AUD_2573,Spontaneous,114.0,11,45.07,190,,,,,,Medium,False
AUD_3280,Spontaneous,92.0,9,80.53,160,,,,,,Medium,False
AUD_3186,Reading,166.0,4,42.09,186,,,,,,High,False
AUD_3953,Reading,132.0,13,23.4,111,,,,,,High,False
AUD_2768,Spontaneous,168.0,14,27.71,82,,,,,,Medium,False
AUD_4831,Spontaneous,180.0,9,29.96,70,,,,,,High,False
AUD_4223,Reading,129.0,4,68.38,59,,,,,,High,False
AUD_2106,Reading,148.0,2,35.99,59,,,,,,Medium,False
AUD_2679,Spontaneous,93.0,11,24.8,149,,,,,,Medium,False
AUD_2761,Spontaneous,111.0,6,87.87,132,,,,,,High,False
AUD_4688,Reading,159.0,5,22.25,138,,,,,,Medium,False
synth_low_42_00399,0,90.0,3,62.35,194,,,,,,Low,True
AUD_1387,Reading,175.0,3,20.85,151,,,,,,High,False
synth_low_42_01429,0,91.0,14,34.26,70,,,,,,Low,True
synth_low_42_01145,0,171.0,10,37.82,95,,,,,,Low,True
synth_low_42_01556,0,156.0,5,34.2,93,,,,,,Low,True
synth_low_42_00000,0,174.75,5,42.37,117,,,,,,Low,True
AUD_1279,Reading,113.0,5,66.03,114,,,,,,High,False
synth_low_42_01060,0,158.49,14,81.39,172,,,,,,Low,True
synth_low_42_01658,0,142.13,2,73.88,89,,,,,,Low,True
AUD_1555,Reading,98.0,7,24.14,140,,,,,,Medium,False
synth_low_42_01140,0,152.54,14,24.76,129,,,,,,Low,True
AUD_3190,Spontaneous,135.0,3,64.38,189,,,,,,Medium,False
AUD_4566,Spontaneous,154.0,9,38.3,182,,,,,,Medium,False
AUD_4802,Spontaneous,159.0,3,57.84,110,,,,,,High,False
synth_low_42_01368,0,131.53,2,74.67,70,,,,,,Low,True
AUD_4841,Spontaneous,141.0,10,72.73,167,,,,,,High,False
AUD_3594,Reading,110.0,12,62.16,192,,,,,,Medium,False
AUD_1920,Spontaneous,103.0,9,81.01,142,,,,,,High,False
AUD_513,Spontaneous,146.0,3,71.52,78,,,,,,High,False
AUD_4177,Spontaneous,97.0,13,32.91,106,,,,,,Medium,False
AUD_1308,Reading,102.0,13,20.67,194,,,,,,Medium,False
AUD_914,Reading,101.0,4,33.48,179,,,,,,High,False
AUD_3452,Reading,131.0,5,38.48,164,,,,,,Medium,False
AUD_3695,Spontaneous,102.0,12,28.51,189,,,,,,High,False
AUD_4242,Reading,106.0,2,54.92,72,,,,,,High,False
AUD_3156,Reading,128.0,8,27.26,82,,,,,,High,False
AUD_2198,Reading,162.0,3,73.52,114,,,,,,Medium,False
AUD_774,Reading,160.0,8,78.29,122,,,,,,High,False
AUD_4425,Reading,119.0,12,44.2,187,,,,,,High,False
AUD_943,Spontaneous,100.0,9,77.26,183,,,,,,High,False
AUD_822,Reading,130.0,10,83.0,97,,,,,,Medium,False
synth_low_42_00005,0,122.83,5,64.44,148,,,,,,Low,True
AUD_4277,Spontaneous,103.0,10,45.58,189,,,,,,Medium,False
AUD_164,Reading,169.0,5,44.49,108,,,,,,High,False
AUD_4547,Reading,93.0,14,42.04,170,,,,,,Medium,False
AUD_3983,Reading,105.0,14,27.35,180,,,,,,High,False
AUD_2538,Reading,136.0,5,53.56,145,,,,,,Medium,False
synth_low_42_01479,0,99.0,5,25.33,151,,,,,,Low,True
AUD_1311,Spontaneous,97.0,7,63.68,101,,,,,,Medium,False
synth_low_42_00207,0,129.0,5,50.76,56,,,,,,Low,True
synth_low_42_01173,0,149.3,8,30.49,56,,,,,,Low,True
synth_low_42_00383,0,175.0,14,62.58,112,,,,,,Low,True
synth_low_42_00666,0,111.95,8,29.93,176,,,,,,Low,True
synth_low_42_01302,0,156.0,5,75.24,156,,,,,,Low,True
AUD_3300,Reading,136.0,3,78.85,196,,,,,,Medium,False
AUD_3310,Spontaneous,146.0,12,48.59,68,,,,,,Medium,False
AUD_327,Reading,128.0,6,27.38,173,,,,,,Medium,False
AUD_2490,Reading,169.0,11,52.77,109,,,,,,High,False
synth_low_42_01361,0,146.34,3,73.97,122,,,,,,Low,True
AUD_4408,Spontaneous,174.0,7,82.58,174,,,,,,High,False
AUD_832,Spontaneous,149.0,3,37.82,109,,,,,,Low,False
AUD_3079,Reading,154.0,5,65.06,60,,,,,,Medium,False
AUD_3462,Reading,119.0,11,85.6,197,,,,,,High,False
synth_low_42_00297,0,126.0,9,25.57,149,,,,,,Low,True
synth_low_42_00950,0,128.46,12,51.08,168,,,,,,Low,True
AUD_54,Spontaneous,172.0,10,71.21,151,,,,,,High,False
AUD_4064,Spontaneous,120.0,4,48.72,182,,,,,,Medium,False
AUD_3451,Reading,128.0,12,84.68,186,,,,,,Medium,False
AUD_1901,Spontaneous,179.0,2,74.53,125,,,,,,Low,False
AUD_1481,Spontaneous,123.0,6,32.49,166,,,,,,High,False
AUD_4873,Reading,141.0,8,67.96,67,,,,,,High,False
AUD_4895,Reading,180.0,7,29.53,57,,,,,,High,False
AUD_4150,Spontaneous,99.0,3,63.61,101,,,,,,Medium,False
AUD_3335,Reading,152.0,12,40.27,193,,,,,,Medium,False
AUD_4926,Spontaneous,143.0,7,45.98,121,,,,,,Medium,False
AUD_946,Reading,112.0,3,34.36,58,,,,,,Medium,False
AUD_3293,Reading,98.0,6,67.57,144,,,,,,Medium,False
AUD_2161,Spontaneous,124.0,10,56.96,68,,,,,,Medium,False
synth_low_42_01579,0,161.0,8,27.04,110,,,,,,Low,True
synth_low_42_00083,0,156.17,6,34.79,70,,,,,,Low,True
synth_low_42_00753,0,132.0,12,77.23,177,,,,,,Low,True
AUD_3057,Reading,130.0,6,26.25,180,,,,,,Medium,False
synth_low_42_00490,0,98.0,4,83.06,184,,,,,,Low,True
AUD_768,Spontaneous,102.0,10,34.97,72,,,,,,Medium,False
synth_low_42_01383,0,132.0,4,47.63,138,,,,,,Low,True
AUD_3495,Reading,109.0,5,47.99,169,,,,,,Medium,False
AUD_285,Reading,116.0,3,25.65,172,,,,,,High,False
synth_low_42_01715,0,166.0,2,28.32,105,,,,,,Low,True
AUD_4524,Reading,129.0,6,79.11,161,,,,,,High,False
synth_low_42_01039,0,169.11,8,39.85,152,,,,,,Low,True
AUD_2332,Reading,112.0,5,52.09,147,,,,,,Medium,False
AUD_2717,Reading,164.0,14,79.95,153,,,,,,Medium,False
AUD_2079,Reading,148.0,3,33.95,150,,,,,,High,False
AUD_3389,Spontaneous,106.0,2,81.1,86,,,,,,Medium,False
AUD_722,Reading,99.0,2,73.84,145,,,,,,Low,False
AUD_951,Spontaneous,122.0,11,84.02,67,,,,,,Medium,False
synth_low_42_01340,0,134.0,11,24.2,177,,,,,,Low,True
AUD_2262,Reading,154.0,13,63.08,63,,,,,,Medium,False
AUD_989,Reading,164.0,12,88.26,130,,,,,,Medium,False
AUD_3212,Reading,140.0,8,27.66,61,,,,,,Medium,False
AUD_1759,Spontaneous,167.0,5,60.98,156,,,,,,Low,False
synth_low_42_01651,0,159.84,9,80.05,110,,,,,,Low,True
AUD_4422,Spontaneous,149.0,4,83.92,182,,,,,,High,False
synth_low_42_00479,0,100.0,5,32.49,172,,,,,,Low,True
AUD_1724,Spontaneous,167.0,9,88.6,192,,,,,,Medium,False
synth_low_42_00182,0,175.0,6,68.51,141,,,,,,Low,True
AUD_341,Reading,115.0,11,33.33,175,,,,,,High,False
AUD_3701,Spontaneous,119.0,7,21.42,95,,,,,,Medium,False
AUD_4243,Spontaneous,106.0,5,55.39,198,,,,,,Medium,False
AUD_688,Spontaneous,138.0,3,79.46,120,,,,,,High,False
AUD_3432,Spontaneous,150.0,6,52.86,89,,,,,,High,False
synth_low_42_00203,0,148.11,2,73.92,85,,,,,,Low,True
AUD_4944,Spontaneous,174.0,8,63.17,197,,,,,,Medium,False
AUD_966,Spontaneous,113.0,13,26.66,166,,,,,,High,False
synth_low_42_01412,0,116.58,12,37.82,125,,,,,,Low,True
AUD_2203,Spontaneous,149.0,4,71.83,150,,,,,,High,False
AUD_2713,Reading,157.0,8,29.16,181,,,,,,High,False
AUD_4757,Reading,137.0,5,78.7,132,,,,,,Medium,False
synth_low_42_00098,0,166.0,6,75.3,115,,,,,,Low,True
synth_low_42_01463,0,124.69,5,54.92,74,,,,,,Low,True
synth_low_42_01212,0,136.0,12,85.15,165,,,,,,Low,True
synth_low_42_00280,0,156.0,13,85.81,172,,,,,,Low,True
AUD_3572,Reading,167.0,7,79.31,157,,,,,,High,False
AUD_4805,Spontaneous,165.0,10,46.3,134,,,,,,Medium,False
synth_low_42_00299,0,104.97,14,40.2,151,,,,,,Low,True
AUD_1990,Reading,153.0,4,84.99,131,,,,,,Low,False
AUD_4120,Spontaneous,103.0,11,87.16,188,,,,,,Medium,False
AUD_4759,Reading,139.0,5,67.44,70,,,,,,High,False
synth_low_42_00576,0,99.0,11,64.51,194,,,,,,Low,True
synth_low_42_00298,0,110.0,11,46.23,160,,,,,,Low,True
synth_low_42_00934,0,166.52,8,46.98,54,,,,,,Low,True
AUD_4971,Reading,156.0,12,33.03,72,,,,,,Medium,False
synth_low_42_01435,0,113.0,8,60.43,123,,,,,,Low,True
synth_low_42_00034,0,114.14,3,44.64,122,,,,,,Low,True
AUD_3600,Spontaneous,163.0,3,34.32,196,,,,,,High,False
synth_low_42_01480,0,141.98,9,50.89,186,,,,,,Low,True
synth_low_42_01764,0,94.0,5,25.44,70,,,,,,Low,True
synth_low_42_00603,0,152.0,8,43.03,92,,,,,,Low,True
AUD_385,Spontaneous,150.0,7,25.26,128,,,,,,Medium,False
synth_low_42_00925,0,128.0,10,64.23,88,,,,,,Low,True
synth_low_42_01199,0,127.73,3,84.46,129,,,,,,Low,True
AUD_536,Spontaneous,125.0,12,49.87,174,,,,,,Medium,False
synth_low_42_01333,0,171.0,5,53.01,136,,,,,,Low,True
synth_low_42_00032,0,159.0,3,43.19,170,,,,,,Low,True
AUD_4212,Reading,164.0,7,70.77,109,,,,,,High,False
AUD_3507,Reading,111.0,12,88.64,56,,,,,,Medium,False
AUD_201,Reading,164.0,13,53.99,171,,,,,,Medium,False
AUD_1332,Spontaneous,179.0,13,62.37,140,,,,,,Medium,False
AUD_3502,Spontaneous,152.0,14,69.72,73,,,,,,Medium,False
AUD_2708,Spontaneous,108.0,6,83.85,158,,,,,,High,False
synth_low_42_00031,0,117.0,2,50.75,89,,,,,,Low,True
AUD_4662,Reading,116.0,7,72.77,122,,,,,,Medium,False
AUD_4021,Reading,176.0,3,55.82,85,,,,,,Medium,False
AUD_1854,Reading,149.0,8,81.31,163,,,,,,High,False
synth_low_42_01069,0,162.19,7,70.91,140,,,,,,Low,True
AUD_2872,Reading,173.0,3,49.9,170,,,,,,Medium,False
AUD_3030,Reading,169.0,2,57.07,104,,,,,,High,False
AUD_1205,Reading,150.0,6,50.11,172,,,,,,High,False
AUD_1645,Spontaneous,157.0,7,87.93,186,,,,,,Medium,False
AUD_3417,Spontaneous,92.0,14,35.72,106,,,,,,High,False
AUD_3476,Reading,113.0,13,75.48,112,,,,,,Medium,False
AUD_2861,Reading,111.0,11,89.59,55,,,,,,High,False
AUD_1792,Reading,164.0,14,72.23,173,,,,,,High,False
synth_low_42_00526,0,114.84,13,28.16,151,,,,,,Low,True
AUD_3797,Spontaneous,168.0,8,42.41,190,,,,,,Medium,False
AUD_3368,Reading,132.0,2,24.98,154,,,,,,High,False
AUD_3367,Spontaneous,143.0,8,28.42,147,,,,,,High,False
AUD_3533,Spontaneous,92.0,10,25.66,184,,,,,,High,False
synth_low_42_00957,0,134.0,8,41.46,198,,,,,,Low,True
synth_low_42_00109,0,167.0,11,23.99,74,,,,,,Low,True
AUD_3449,Reading,96.0,7,72.0,161,,,,,,High,False
AUD_603,Spontaneous,169.0,12,53.09,185,,,,,,Medium,False
AUD_3056,Reading,166.0,5,75.27,89,,,,,,Medium,False
synth_low_42_00909,0,157.47,8,77.25,190,,,,,,Low,True
AUD_126,Spontaneous,93.0,13,55.49,111,,,,,,Medium,False
AUD_3876,Reading,133.0,5,23.21,163,,,,,,High,False
AUD_2935,Spontaneous,115.0,6,73.74,147,,,,,,Medium,False
synth_low_42_00443,0,174.55,2,61.16,127,,,,,,Low,True
AUD_4451,Reading,162.0,6,80.71,61,,,,,,Medium,False
AUD_3531,Spontaneous,168.0,3,77.37,116,,,,,,Medium,False
AUD_2730,Reading,103.0,10,71.53,61,,,,,,High,False
AUD_827,Reading,119.0,10,88.15,184,,,,,,Medium,False
AUD_1639,Reading,130.0,12,75.69,176,,,,,,High,False
AUD_984,Reading,104.0,6,33.31,194,,,,,,High,False
AUD_3281,Spontaneous,177.0,4,37.49,55,,,,,,High,False
synth_low_42_01755,0,153.18,14,50.77,169,,,,,,Low,True
AUD_2188,Reading,159.0,2,84.26,65,,,,,,High,False
synth_low_42_01254,0,92.62,5,34.26,126,,,,,,Low,True
AUD_2443,Spontaneous,124.0,12,60.96,147,,,,,,High,False
AUD_362,Spontaneous,113.0,14,55.23,199,,,,,,Medium,False
AUD_2349,Spontaneous,121.0,7,39.54,77,,,,,,Medium,False
AUD_345,Reading,166.0,11,86.99,150,,,,,,High,False
AUD_814,Reading,109.0,11,79.78,170,,,,,,Medium,False
AUD_4807,Spontaneous,130.0,6,86.19,188,,,,,,High,False
AUD_3205,Reading,110.0,4,36.74,54,,,,,,High,False
synth_low_42_01038,0,132.0,2,38.05,60,,,,,,Low,True
synth_low_42_01512,0,155.0,3,56.8,185,,,,,,Low,True
AUD_3325,Reading,117.0,13,49.36,60,,,,,,High,False
AUD_4106,Spontaneous,99.0,10,73.41,134,,,,,,Medium,False
AUD_2116,Reading,130.0,2,47.09,63,,,,,,Medium,False
AUD_1834,Spontaneous,119.0,5,33.44,74,,,,,,Low,False
AUD_793,Spontaneous,158.0,13,21.43,149,,,,,,Medium,False
synth_low_42_01724,0,119.58,3,52.63,105,,,,,,Low,True
AUD_2674,Spontaneous,166.0,6,80.85,124,,,,,,High,False
AUD_94,Spontaneous,97.0,2,42.57,157,,,,,,High,False
AUD_4225,Spontaneous,166.0,12,20.24,173,,,,,,Medium,False
AUD_3756,Reading,175.0,2,80.81,156,,,,,,Medium,False
AUD_2891,Spontaneous,172.0,2,63.19,79,,,,,,High,False
AUD_2371,Spontaneous,92.0,13,66.1,199,,,,,,Medium,False
synth_low_42_01523,0,137.0,5,86.11,95,,,,,,Low,True
synth_low_42_01016,0,137.0,8,49.01,83,,,,,,Low,True
AUD_3228,Spontaneous,127.0,4,73.47,99,,,,,,High,False
synth_low_42_01053,0,137.0,8,75.14,180,,,,,,Low,True
AUD_2853,Spontaneous,156.0,5,61.54,97,,,,,,Medium,False
synth_low_42_01285,0,166.0,9,62.5,146,,,,,,Low,True
AUD_2912,Spontaneous,92.0,12,27.36,64,,,,,,High,False
AUD_1865,Spontaneous,176.0,6,61.16,83,,,,,,High,False
AUD_4612,Spontaneous,106.0,10,41.03,179,,,,,,Low,False
AUD_1857,Spontaneous,180.0,12,63.51,56,,,,,,High,False
AUD_2645,Spontaneous,151.0,8,39.85,95,,,,,,Medium,False
AUD_2243,Reading,94.0,8,79.12,65,,,,,,Medium,False
synth_low_42_00373,0,130.61,13,30.41,104,,,,,,Low,True
AUD_2336,Spontaneous,156.0,12,50.31,145,,,,,,Medium,False
AUD_950,Reading,103.0,14,46.54,167,,,,,,High,False
AUD_3068,Reading,107.0,14,24.8,95,,,,,,High,False
AUD_1120,Spontaneous,135.0,6,27.7,83,,,,,,High,False
AUD_2597,Reading,152.0,5,45.46,154,,,,,,Medium,False
AUD_2204,Spontaneous,129.0,5,74.34,163,,,,,,High,False
AUD_419,Spontaneous,114.0,8,65.37,111,,,,,,Medium,False
AUD_922,Spontaneous,126.0,12,36.31,88,,,,,,High,False
AUD_1254,Spontaneous,141.0,2,83.98,172,,,,,,High,False
AUD_477,Spontaneous,172.0,13,80.35,110,,,,,,Medium,False
AUD_2035,Spontaneous,149.0,8,22.31,143,,,,,,High,False
synth_low_42_01250,0,119.0,11,32.88,96,,,,,,Low,True
synth_low_42_00567,0,141.44,5,42.07,113,,,,,,Low,True
AUD_1202,Reading,133.0,2,68.27,129,,,,,,Medium,False
AUD_2626,Spontaneous,176.0,12,45.84,117,,,,,,High,False
synth_low_42_01539,0,137.0,12,24.06,110,,,,,,Low,True
AUD_1970,Reading,139.0,9,30.76,157,,,,,,High,False
AUD_3110,Reading,122.0,8,50.36,158,,,,,,Medium,False
AUD_4018,Reading,171.0,14,24.31,187,,,,,,High,False
AUD_2151,Reading,101.0,4,38.24,119,,,,,,Medium,False
AUD_3687,Spontaneous,138.0,5,79.36,115,,,,,,High,False
AUD_4916,Reading,163.0,5,49.68,155,,,,,,Medium,False
AUD_1997,Spontaneous,108.0,11,84.0,61,,,,,,High,False
AUD_4033,Reading,122.0,7,71.32,58,,,,,,Medium,False
synth_low_42_01662,0,94.0,7,81.52,117,,,,,,Low,True
AUD_3054,Reading,169.0,8,57.06,191,,,,,,Medium,False
AUD_1248,Reading,110.0,6,43.26,143,,,,,,Medium,False
AUD_2192,Spontaneous,99.0,5,48.6,106,,,,,,Low,False
AUD_2712,Reading,136.0,12,71.89,119,,,,,,Medium,False
AUD_992,Reading,134.0,2,67.13,112,,,,,,Medium,False
AUD_2190,Spontaneous,165.0,8,49.88,147,,,,,,High,False
AUD_4670,Reading,180.0,14,72.29,161,,,,,,High,False
synth_low_42_00142,0,161.0,4,41.45,176,,,,,,Low,True
AUD_3762,Reading,170.0,5,71.64,127,,,,,,Medium,False
AUD_3597,Reading,128.0,6,59.25,119,,,,,,Medium,False
AUD_4711,Spontaneous,140.0,7,30.33,191,,,,,,High,False
AUD_1318,Spontaneous,137.0,10,28.64,117,,,,,,Medium,False
AUD_1863,Reading,156.0,10,61.14,194,,,,,,High,False
AUD_2343,Spontaneous,109.0,3,87.32,64,,,,,,Medium,False
AUD_2449,Reading,140.0,6,31.27,175,,,,,,Medium,False
AUD_2136,Spontaneous,107.0,2,62.44,197,,,,,,High,False
AUD_1065,Spontaneous,145.0,14,69.76,108,,,,,,Medium,False
synth_low_42_01741,0,104.0,7,82.4,190,,,,,,Low,True
AUD_4227,Reading,159.0,3,34.02,151,,,,,,High,False
AUD_2621,Reading,103.0,14,65.24,76,,,,,,High,False
AUD_77,Reading,175.0,14,60.99,177,,,,,,Medium,False
AUD_2898,Reading,101.0,3,34.54,165,,,,,,Medium,False
AUD_4820,Spontaneous,117.0,3,76.6,173,,,,,,High,False
AUD_1314,Spontaneous,138.0,2,65.32,130,,,,,,Medium,False
synth_low_42_00928,0,105.0,14,50.69,91,,,,,,Low,True
AUD_872,Reading,140.0,2,70.95,130,,,,,,High,False
AUD_3850,Spontaneous,92.0,11,83.53,115,,,,,,Medium,False
synth_low_42_00468,0,95.0,10,24.24,67,,,,,,Low,True
synth_low_42_01497,0,175.21,4,23.69,136,,,,,,Low,True
AUD_2965,Spontaneous,110.0,9,40.47,102,,,,,,Medium,False
AUD_3391,Reading,177.0,14,88.78,77,,,,,,Medium,False
synth_low_42_00415,0,99.0,7,27.49,114,,,,,,Low,True
AUD_2560,Spontaneous,124.0,8,34.26,84,,,,,,Low,False
synth_low_42_01653,0,112.0,5,89.82,71,,,,,,Low,True
AUD_2635,Spontaneous,93.0,6,36.18,191,,,,,,High,False
synth_low_42_00256,0,138.0,12,69.46,152,,,,,,Low,True
AUD_3530,Spontaneous,105.0,5,60.41,92,,,,,,High,False
AUD_375,Reading,93.0,13,75.2,87,,,,,,Medium,False
AUD_1908,Reading,92.0,12,51.79,78,,,,,,High,False
AUD_4429,Reading,117.0,4,59.14,60,,,,,,Medium,False
synth_low_42_01245,0,149.3,14,36.75,136,,,,,,Low,True
synth_low_42_00937,0,90.72,7,61.69,51,,,,,,Low,True
AUD_4027,Reading,171.0,13,69.81,98,,,,,,High,False
AUD_1604,Spontaneous,135.0,5,20.69,191,,,,,,High,False
AUD_1118,Spontaneous,162.0,4,67.58,198,,,,,,High,False
AUD_3677,Spontaneous,126.0,11,24.52,108,,,,,,High,False
AUD_3490,Reading,177.0,10,29.69,78,,,,,,Medium,False
synth_low_42_01607,0,107.86,10,75.47,161,,,,,,Low,True
AUD_2958,Reading,139.0,10,24.29,127,,,,,,High,False
AUD_1994,Spontaneous,122.0,14,69.55,190,,,,,,High,False
synth_low_42_01736,0,169.7,10,34.84,117,,,,,,Low,True
synth_low_42_00902,0,93.97,12,76.07,84,,,,,,Low,True
AUD_2376,Reading,149.0,13,43.83,151,,,,,,High,False
AUD_1342,Reading,129.0,14,84.82,181,,,,,,Medium,False
AUD_320,Reading,170.0,3,88.51,192,,,,,,Medium,False
AUD_1619,Reading,150.0,11,42.36,166,,,,,,Low,False
AUD_3713,Spontaneous,146.0,13,86.39,81,,,,,,Medium,False
synth_low_42_01215,0,136.68,9,52.61,115,,,,,,Low,True
AUD_2060,Reading,155.0,7,59.91,145,,,,,,Medium,False
AUD_2219,Reading,138.0,2,29.5,171,,,,,,Medium,False
AUD_1673,Reading,107.0,6,82.09,58,,,,,,Medium,False
AUD_260,Spontaneous,101.0,3,67.89,139,,,,,,High,False
synth_low_42_00994,0,178.44,9,27.02,129,,,,,,Low,True
AUD_2039,Reading,108.0,13,81.68,190,,,,,,High,False
AUD_4785,Spontaneous,139.0,5,68.74,89,,,,,,Medium,False
AUD_901,Spontaneous,98.0,6,51.08,110,,,,,,Medium,False
AUD_3744,Reading,115.0,6,71.65,80,,,,,,Medium,False
AUD_2026,Reading,175.0,2,62.08,179,,,,,,Medium,False
AUD_4234,Reading,166.0,12,55.1,151,,,,,,Low,False
AUD_1917,Reading,102.0,8,60.46,70,,,,,,Low,False
AUD_1828,Reading,98.0,11,54.61,129,,,,,,Medium,False
AUD_1573,Reading,165.0,7,81.88,147,,,,,,Medium,False
AUD_4415,Reading,115.0,8,74.44,121,,,,,,Medium,False
AUD_4749,Spontaneous,131.0,13,51.81,69,,,,,,Medium,False
synth_low_42_00958,0,99.07,4,68.77,113,,,,,,Low,True
AUD_4654,Spontaneous,121.0,14,61.17,178,,,,,,High,False
AUD_4208,Spontaneous,163.0,8,38.14,139,,,,,,Medium,False
AUD_4627,Reading,116.0,14,30.93,110,,,,,,High,False
AUD_224,Spontaneous,122.0,4,55.96,73,,,,,,High,False
AUD_723,Reading,163.0,8,54.01,62,,,,,,Medium,False
synth_low_42_01091,0,118.0,7,41.95,140,,,,,,Low,True
AUD_1141,Spontaneous,162.0,10,71.87,63,,,,,,High,False
synth_low_42_00529,0,92.13,12,50.85,84,,,,,,Low,True
synth_low_42_00554,0,130.0,7,31.86,117,,,,,,Low,True
synth_low_42_01443,0,111.0,11,84.84,125,,,,,,Low,True
AUD_2762,Reading,103.0,6,49.94,78,,,,,,High,False
AUD_846,Spontaneous,137.0,8,56.98,191,,,,,,Medium,False
AUD_4289,Spontaneous,123.0,8,77.26,121,,,,,,Low,False
synth_low_42_00560,0,121.09,11,31.81,69,,,,,,Low,True
synth_low_42_00042,0,132.62,12,49.4,138,,,,,,Low,True
AUD_2551,Reading,150.0,8,48.91,179,,,,,,Medium,False
synth_low_42_00725,0,158.0,5,29.41,83,,,,,,Low,True
AUD_2928,Spontaneous,95.0,14,41.45,94,,,,,,Low,False
AUD_117,Reading,178.0,3,61.74,68,,,,,,Medium,False
AUD_645,Spontaneous,91.0,14,55.21,186,,,,,,Medium,False
AUD_3,Spontaneous,112.0,7,28.18,88,,,,,,Low,False
AUD_4170,Reading,91.0,14,33.62,101,,,,,,High,False
AUD_467,Spontaneous,151.0,2,79.16,138,,,,,,Medium,False
AUD_5,Spontaneous,127.0,14,78.49,193,,,,,,High,False
synth_low_42_00342,0,177.0,11,62.27,112,,,,,,Low,True
AUD_919,Spontaneous,108.0,7,67.92,156,,,,,,High,False
AUD_2595,Spontaneous,100.0,7,81.85,131,,,,,,Medium,False
AUD_4324,Spontaneous,103.0,12,65.86,147,,,,,,High,False
AUD_1063,Reading,180.0,13,21.06,51,,,,,,Medium,False
AUD_2590,Reading,118.0,3,72.54,72,,,,,,High,False
AUD_242,Spontaneous,175.0,5,32.18,60,,,,,,High,False
synth_low_42_00910,0,176.0,13,82.53,96,,,,,,Low,True
AUD_1160,Reading,178.0,4,42.55,136,,,,,,Low,False
AUD_2870,Reading,135.0,14,39.61,63,,,,,,Medium,False
AUD_3735,Reading,177.0,8,72.07,135,,,,,,Medium,False
synth_low_42_01209,0,174.0,11,24.06,126,,,,,,Low,True
AUD_2397,Reading,99.0,2,70.35,164,,,,,,Medium,False
AUD_3517,Reading,172.0,4,35.26,142,,,,,,Medium,False
AUD_3421,Spontaneous,98.0,5,54.88,59,,,,,,High,False
AUD_2563,Reading,120.0,11,75.72,74,,,,,,Medium,False
synth_low_42_00622,0,101.0,7,85.9,194,,,,,,Low,True
AUD_1605,Spontaneous,170.0,14,20.71,89,,,,,,Medium,False
synth_low_42_01552,0,166.0,12,61.52,146,,,,,,Low,True
AUD_2324,Spontaneous,163.0,8,83.0,145,,,,,,Medium,False
AUD_2709,Spontaneous,106.0,5,47.1,144,,,,,,Medium,False
synth_low_42_00964,0,175.0,10,64.9,117,,,,,,Low,True
AUD_1312,Reading,113.0,2,36.73,85,,,,,,Medium,False
AUD_3448,Reading,115.0,3,53.96,183,,,,,,High,False
AUD_3812,Spontaneous,115.0,14,69.87,95,,,,,,Medium,False
synth_low_42_01315,0,95.32,8,34.22,73,,,,,,Low,True
AUD_2362,Reading,137.0,14,47.33,95,,,,,,Medium,False
AUD_1975,Spontaneous,127.0,8,63.61,122,,,,,,High,False
AUD_3514,Spontaneous,150.0,11,27.49,139,,,,,,Medium,False
AUD_1761,Reading,152.0,10,49.13,173,,,,,,Medium,False
synth_low_42_00401,0,141.0,10,85.3,167,,,,,,Low,True
AUD_2739,Reading,99.0,8,66.61,53,,,,,,High,False
synth_low_42_00637,0,112.0,5,33.38,156,,,,,,Low,True
synth_low_42_01323,0,161.0,13,29.73,153,,,,,,Low,True
AUD_2472,Reading,137.0,5,39.33,62,,,,,,High,False
AUD_4007,Reading,102.0,4,72.61,96,,,,,,Medium,False
AUD_4718,Spontaneous,98.0,14,35.23,89,,,,,,High,False
AUD_1493,Reading,141.0,13,74.29,196,,,,,,Medium,False
AUD_4206,Spontaneous,135.0,13,21.36,53,,,,,,Medium,False
AUD_2158,Spontaneous,163.0,4,63.28,184,,,,,,High,False
AUD_1169,Reading,139.0,7,83.51,94,,,,,,Medium,False
synth_low_42_01132,0,116.0,5,28.13,70,,,,,,Low,True
AUD_232,Spontaneous,124.0,12,32.66,129,,,,,,Medium,False
AUD_66,Reading,125.0,9,56.87,84,,,,,,Medium,False
AUD_1603,Reading,94.0,4,75.99,87,,,,,,Medium,False
AUD_3283,Spontaneous,166.0,8,77.43,126,,,,,,Medium,False
AUD_3596,Spontaneous,169.0,7,37.15,192,,,,,,High,False
AUD_4632,Reading,125.0,12,80.59,75,,,,,,High,False
AUD_125,Spontaneous,163.0,5,72.29,107,,,,,,High,False
synth_low_42_00350,0,124.26,9,89.72,81,,,,,,Low,True
AUD_1296,Reading,146.0,11,88.06,68,,,,,,High,False
AUD_1976,Spontaneous,166.0,3,60.84,166,,,,,,Medium,False
synth_low_42_01133,0,119.0,5,35.42,102,,,,,,Low,True
synth_low_42_01086,0,151.0,2,75.02,168,,,,,,Low,True
AUD_2075,Reading,158.0,10,60.34,146,,,,,,Medium,False
AUD_4580,Reading,109.0,10,66.85,54,,,,,,Medium,False
synth_low_42_00750,0,100.0,12,32.59,110,,,,,,Low,True
synth_low_42_01707,0,141.0,2,84.55,123,,,,,,Low,True
AUD_3086,Reading,154.0,14,48.94,167,,,,,,High,False
synth_low_42_00891,0,128.0,8,77.27,85,,,,,,Low,True
AUD_3345,Spontaneous,91.0,5,61.8,195,,,,,,Medium,False
synth_low_42_01064,0,126.0,5,60.98,94,,,,,,Low,True
AUD_2797,Reading,101.0,14,88.19,163,,,,,,Medium,False
AUD_918,Reading,102.0,11,52.83,119,,,,,,High,False
AUD_1646,Spontaneous,104.0,10,60.82,95,,,,,,Low,False
synth_low_42_00122,0,105.0,9,20.13,137,,,,,,Low,True
synth_low_42_00126,0,170.16,8,59.8,174,,,,,,Low,True
AUD_4978,Spontaneous,125.0,9,33.64,160,,,,,,High,False
synth_low_42_00431,0,99.0,12,46.84,152,,,,,,Low,True
AUD_4621,Reading,114.0,9,60.83,179,,,,,,Medium,False
AUD_364,Reading,91.0,5,39.47,169,,,,,,Medium,False
AUD_3287,Spontaneous,168.0,5,34.45,179,,,,,,High,False
AUD_2125,Spontaneous,111.0,5,78.12,71,,,,,,Medium,False
AUD_4123,Spontaneous,105.0,13,89.86,96,,,,,,Medium,False
AUD_4569,Spontaneous,159.0,9,40.0,180,,,,,,High,False
AUD_525,Spontaneous,92.0,13,57.11,152,,,,,,High,False
AUD_4821,Spontaneous,130.0,9,44.73,162,,,,,,High,False
AUD_55,Reading,101.0,9,32.21,121,,,,,,Medium,False
AUD_638,Reading,140.0,2,44.97,97,,,,,,High,False
AUD_302,Reading,161.0,6,38.8,75,,,,,,Medium,False
AUD_2766,Spontaneous,179.0,5,41.77,111,,,,,,Medium,False
synth_low_42_00811,0,119.0,9,84.51,106,,,,,,Low,True
AUD_1276,Reading,162.0,13,26.09,103,,,,,,High,False
AUD_4720,Reading,154.0,2,61.13,56,,,,,,Medium,False
AUD_2055,Reading,158.0,7,42.11,70,,,,,,Medium,False
synth_low_42_00376,0,156.0,2,34.78,139,,,,,,Low,True
synth_low_42_00145,0,91.35,14,81.65,51,,,,,,Low,True
AUD_4432,Reading,114.0,5,51.81,53,,,,,,High,False
AUD_3644,Spontaneous,167.0,9,54.29,132,,,,,,Medium,False
AUD_4143,Reading,148.0,3,73.76,54,,,,,,High,False
AUD_2878,Reading,138.0,12,87.26,170,,,,,,High,False
AUD_4202,Reading,170.0,8,62.17,178,,,,,,High,False
synth_low_42_00175,0,175.0,13,50.71,89,,,,,,Low,True
AUD_2286,Reading,92.0,10,49.54,82,,,,,,Medium,False
AUD_2261,Spontaneous,121.0,14,54.66,141,,,,,,Medium,False
synth_low_42_00240,0,111.37,13,32.49,55,,,,,,Low,True
AUD_2296,Spontaneous,119.0,13,28.89,104,,,,,,Medium,False
AUD_1753,Reading,118.0,12,80.88,110,,,,,,Low,False
synth_low_42_00197,0,101.13,13,64.54,62,,,,,,Low,True
AUD_1968,Reading,163.0,8,42.36,156,,,,,,High,False
synth_low_42_00982,0,91.55,10,20.55,61,,,,,,Low,True
AUD_3117,Spontaneous,137.0,14,36.88,69,,,,,,High,False
AUD_2393,Spontaneous,101.0,9,84.51,128,,,,,,High,False
AUD_523,Spontaneous,160.0,2,83.22,138,,,,,,Medium,False
synth_low_42_00524,0,90.51,3,21.51,189,,,,,,Low,True
AUD_3900,Spontaneous,173.0,7,39.62,65,,,,,,Medium,False
synth_low_42_01328,0,153.33,8,81.41,184,,,,,,Low,True
AUD_4699,Reading,158.0,10,78.01,51,,,,,,High,False
synth_low_42_00585,0,158.1,12,64.64,179,,,,,,Low,True
synth_low_42_00990,0,123.79,2,60.87,66,,,,,,Low,True
AUD_3122,Spontaneous,166.0,4,26.71,97,,,,,,Medium,False
AUD_4156,Spontaneous,125.0,3,60.7,51,,,,,,High,False
AUD_1969,Reading,121.0,11,47.39,139,,,,,,Low,False
AUD_671,Spontaneous,91.0,3,30.2,127,,,,,,Medium,False
AUD_4188,Reading,180.0,6,75.56,107,,,,,,High,False
AUD_666,Spontaneous,147.0,13,30.22,136,,,,,,Medium,False
synth_low_42_01502,0,154.39,7,49.08,167,,,,,,Low,True
AUD_1887,Spontaneous,136.0,13,67.12,178,,,,,,High,False
AUD_3266,Spontaneous,162.0,2,81.52,118,,,,,,High,False
AUD_280,Spontaneous,171.0,14,55.8,154,,,,,,High,False
AUD_1719,Spontaneous,143.0,13,21.57,77,,,,,,High,False
AUD_2947,Spontaneous,97.0,14,79.19,64,,,,,,High,False
AUD_4455,Reading,122.0,12,57.25,68,,,,,,Medium,False
AUD_899,Spontaneous,112.0,2,23.11,180,,,,,,High,False
synth_low_42_01585,0,119.87,10,83.05,175,,,,,,Low,True
AUD_760,Reading,116.0,6,46.72,154,,,,,,Medium,False
AUD_1906,Spontaneous,112.0,3,86.51,195,,,,,,Medium,False
AUD_4042,Reading,146.0,5,42.29,138,,,,,,High,False
AUD_3823,Spontaneous,169.0,14,23.72,93,,,,,,Medium,False
AUD_4138,Spontaneous,131.0,10,71.39,141,,,,,,High,False
AUD_3818,Spontaneous,136.0,2,46.77,52,,,,,,High,False
AUD_4300,Reading,90.0,4,51.05,89,,,,,,Medium,False
synth_low_42_00569,0,122.36,5,44.72,177,,,,,,Low,True
AUD_2593,Spontaneous,129.0,13,42.94,194,,,,,,Medium,False
AUD_4164,Reading,172.0,7,69.64,162,,,,,,Medium,False
AUD_3031,Spontaneous,177.0,12,28.19,95,,,,,,Medium,False
AUD_3579,Reading,122.0,12,81.87,97,,,,,,Medium,False
AUD_2832,Reading,139.0,3,71.65,162,,,,,,Medium,False
synth_low_42_00449,0,175.98,2,47.5,196,,,,,,Low,True
AUD_3472,Reading,140.0,7,47.65,101,,,,,,High,False
AUD_137,Spontaneous,140.0,12,37.45,178,,,,,,Medium,False
AUD_4892,Spontaneous,109.0,4,82.61,88,,,,,,Medium,False
AUD_2180,Spontaneous,117.0,12,64.89,64,,,,,,High,False
AUD_2128,Reading,125.0,4,64.65,168,,,,,,High,False
AUD_3177,Reading,97.0,11,76.45,192,,,,,,High,False
AUD_4854,Spontaneous,173.0,12,80.14,194,,,,,,Medium,False
AUD_4637,Spontaneous,103.0,4,77.13,119,,,,,,Medium,False
synth_low_42_00115,0,121.0,8,44.98,190,,,,,,Low,True
synth_low_42_00920,0,152.16,13,75.53,110,,,,,,Low,True
AUD_4261,Spontaneous,126.0,7,37.86,55,,,,,,Medium,False
AUD_4344,Spontaneous,149.0,14,49.39,85,,,,,,High,False
AUD_1331,Spontaneous,148.0,3,43.6,104,,,,,,High,False
AUD_2017,Spontaneous,104.0,3,49.83,162,,,,,,High,False
AUD_4542,Reading,180.0,2,33.26,114,,,,,,Medium,False
AUD_2482,Spontaneous,155.0,9,24.47,101,,,,,,Medium,False
AUD_1358,Spontaneous,91.0,13,43.99,122,,,,,,High,False
AUD_1329,Spontaneous,96.0,10,83.12,109,,,,,,High,False
synth_low_42_01693,0,124.59,4,52.94,57,,,,,,Low,True
AUD_2150,Reading,155.0,6,89.24,135,,,,,,High,False
AUD_4530,Spontaneous,121.0,10,86.8,109,,,,,,Medium,False
AUD_2122,Spontaneous,123.0,6,63.57,102,,,,,,Medium,False
AUD_4673,Reading,159.0,3,84.09,149,,,,,,Medium,False
AUD_3981,Reading,144.0,6,48.59,96,,,,,,Medium,False
AUD_1252,Reading,118.0,6,66.68,109,,,,,,Medium,False
AUD_3278,Spontaneous,150.0,10,83.06,114,,,,,,High,False
AUD_3374,Reading,125.0,7,23.38,113,,,,,,High,False
AUD_2814,Spontaneous,164.0,3,72.86,124,,,,,,Medium,False
AUD_4719,Reading,156.0,5,50.69,197,,,,,,Low,False
AUD_1848,Spontaneous,164.0,6,63.72,83,,,,,,High,False
AUD_4858,Reading,103.0,6,38.03,81,,,,,,High,False
AUD_3037,Reading,94.0,9,22.71,74,,,,,,High,False
AUD_388,Spontaneous,95.0,4,86.5,124,,,,,,High,False
AUD_235,Reading,132.0,14,26.46,71,,,,,,Low,False
AUD_1077,Spontaneous,99.0,3,32.7,136,,,,,,High,False
AUD_1984,Reading,108.0,5,72.52,109,,,,,,Medium,False
AUD_4363,Spontaneous,103.0,9,34.52,147,,,,,,High,False
AUD_3962,Reading,140.0,10,86.22,179,,,,,,High,False
AUD_770,Spontaneous,120.0,8,36.74,124,,,,,,Medium,False
AUD_2165,Reading,156.0,7,75.53,145,,,,,,High,False
AUD_4533,Spontaneous,104.0,9,68.96,132,,,,,,Medium,False
AUD_673,Reading,142.0,13,85.86,174,,,,,,Medium,False
AUD_249,Reading,169.0,4,61.37,192,,,,,,Medium,False
AUD_1574,Spontaneous,156.0,7,43.66,59,,,,,,High,False
AUD_3419,Spontaneous,108.0,4,26.55,140,,,,,,High,False
AUD_2081,Spontaneous,114.0,9,36.74,163,,,,,,Medium,False
AUD_1823,Reading,152.0,2,38.68,103,,,,,,Medium,False
synth_low_42_01282,0,119.41,5,50.7,135,,,,,,Low,True
synth_low_42_01496,0,110.0,11,28.39,198,,,,,,Low,True
AUD_4544,Spontaneous,141.0,3,33.75,116,,,,,,Medium,False
synth_low_42_00565,0,176.0,8,48.66,56,,,,,,Low,True
AUD_716,Spontaneous,155.0,11,24.64,51,,,,,,Medium,False
synth_low_42_01055,0,105.0,12,80.59,88,,,,,,Low,True
synth_low_42_01336,0,136.0,3,37.81,129,,,,,,Low,True
AUD_2048,Spontaneous,107.0,7,88.93,71,,,,,,Medium,False
synth_low_42_00264,0,142.11,11,42.28,184,,,,,,Low,True
AUD_4178,Reading,176.0,6,56.58,123,,,,,,Medium,False
AUD_4809,Reading,120.0,12,82.7,128,,,,,,High,False
AUD_2724,Spontaneous,155.0,6,40.03,104,,,,,,High,False
synth_low_42_01137,0,125.46,13,31.72,142,,,,,,Low,True
AUD_1460,Reading,98.0,12,48.15,95,,,,,,High,False
AUD_1668,Reading,93.0,9,83.16,84,,,,,,Medium,False
AUD_2756,Reading,174.0,14,43.41,143,,,,,,High,False
AUD_2000,Reading,105.0,7,27.31,114,,,,,,Low,False
AUD_4571,Reading,129.0,9,44.41,123,,,,,,High,False
AUD_4613,Spontaneous,112.0,6,48.67,71,,,,,,High,False
AUD_404,Spontaneous,104.0,10,61.97,138,,,,,,Medium,False
AUD_384,Reading,169.0,2,69.69,169,,,,,,High,False
synth_low_42_01098,0,147.0,13,49.58,111,,,,,,Low,True
AUD_2152,Reading,155.0,12,49.14,165,,,,,,Low,False
AUD_1633,Spontaneous,132.0,2,23.11,136,,,,,,High,False
synth_low_42_01222,0,164.58,7,65.7,132,,,,,,Low,True
synth_low_42_00580,0,155.0,3,45.26,89,,,,,,Low,True
AUD_4784,Spontaneous,176.0,7,83.04,85,,,,,,Low,False
AUD_3925,Spontaneous,174.0,8,86.14,53,,,,,,High,False
synth_low_42_00336,0,102.86,4,64.17,104,,,,,,Low,True
AUD_4158,Reading,144.0,3,36.57,68,,,,,,High,False
AUD_4948,Spontaneous,102.0,7,79.84,187,,,,,,Medium,False
synth_low_42_00898,0,120.0,2,25.6,54,,,,,,Low,True
synth_low_42_00358,0,98.86,8,52.91,138,,,,,,Low,True
AUD_223,Spontaneous,127.0,2,62.44,155,,,,,,Medium,False
AUD_2193,Spontaneous,110.0,4,38.14,198,,,,,,High,False
AUD_3136,Reading,172.0,4,85.44,157,,,,,,High,False
AUD_4469,Reading,114.0,11,89.72,153,,,,,,High,False
AUD_1824,Reading,116.0,5,33.9,116,,,,,,High,False
synth_low_42_01238,0,177.0,3,27.82,131,,,,,,Low,True
synth_low_42_00124,0,102.0,10,32.85,117,,,,,,Low,True
AUD_4972,Spontaneous,124.0,14,89.48,173,,,,,,Medium,False
AUD_797,Spontaneous,167.0,13,79.21,124,,,,,,High,False
AUD_2871,Reading,143.0,3,75.81,194,,,,,,High,False
AUD_9,Spontaneous,109.0,11,22.07,192,,,,,,High,False
AUD_1944,Spontaneous,176.0,9,30.68,130,,,,,,Medium,False
AUD_1838,Reading,108.0,10,81.82,175,,,,,,Medium,False
AUD_4804,Reading,138.0,11,75.3,55,,,,,,Low,False
AUD_255,Spontaneous,114.0,3,82.47,168,,,,,,High,False
synth_low_42_00713,0,165.53,11,28.18,184,,,,,,Low,True
AUD_4485,Reading,111.0,7,36.71,122,,,,,,Medium,False
synth_low_42_01119,0,148.7,9,27.67,91,,,,,,Low,True
AUD_1581,Spontaneous,117.0,13,72.61,102,,,,,,High,False
AUD_2956,Reading,147.0,4,54.91,52,,,,,,High,False
AUD_924,Spontaneous,170.0,11,31.31,53,,,,,,Medium,False
synth_low_42_01013,0,149.77,13,21.63,136,,,,,,Low,True
AUD_2508,Spontaneous,118.0,5,83.3,120,,,,,,Medium,False
synth_low_42_00024,0,145.03,7,32.49,165,,,,,,Low,True
synth_low_42_00320,0,113.0,10,33.51,80,,,,,,Low,True
AUD_3775,Spontaneous,147.0,5,38.62,57,,,,,,Medium,False
AUD_4835,Reading,136.0,11,88.56,77,,,,,,High,False
AUD_4136,Spontaneous,103.0,5,43.76,187,,,,,,High,False
AUD_4964,Spontaneous,165.0,6,82.47,90,,,,,,High,False
AUD_2779,Reading,121.0,2,69.11,128,,,,,,Low,False
AUD_539,Spontaneous,105.0,5,39.76,87,,,,,,Medium,False
AUD_2745,Reading,112.0,12,50.07,97,,,,,,Medium,False
synth_low_42_01105,0,127.0,12,59.94,89,,,,,,Low,True
synth_low_42_01201,0,151.01,12,37.82,74,,,,,,Low,True
synth_low_42_00467,0,100.0,12,59.85,140,,,,,,Low,True
AUD_1145,Spontaneous,127.0,7,28.06,80,,,,,,Low,False
synth_low_42_00127,0,132.0,10,31.13,106,,,,,,Low,True
AUD_4468,Reading,163.0,2,40.87,125,,,,,,Medium,False
AUD_667,Spontaneous,148.0,8,70.69,123,,,,,,Medium,False
AUD_3019,Spontaneous,118.0,12,75.65,146,,,,,,Medium,False
AUD_357,Spontaneous,174.0,11,28.76,102,,,,,,High,False
synth_low_42_00063,0,102.0,12,39.28,136,,,,,,Low,True
AUD_2831,Spontaneous,133.0,11,89.55,145,,,,,,High,False
AUD_2783,Spontaneous,107.0,10,59.37,120,,,,,,Medium,False
AUD_1353,Spontaneous,139.0,7,38.72,117,,,,,,Medium,False
synth_low_42_00131,0,123.0,2,78.39,86,,,,,,Low,True
AUD_470,Reading,121.0,4,35.16,185,,,,,,Medium,False
AUD_2703,Spontaneous,138.0,11,22.49,128,,,,,,Medium,False
AUD_3330,Spontaneous,153.0,2,66.25,106,,,,,,High,False
AUD_3637,Reading,119.0,9,71.72,156,,,,,,Medium,False
AUD_1396,Reading,179.0,11,29.77,74,,,,,,Medium,False
AUD_3584,Spontaneous,102.0,6,53.91,158,,,,,,Medium,False
synth_low_42_01092,0,144.0,12,82.43,187,,,,,,Low,True
synth_low_42_00262,0,108.0,3,24.21,126,,,,,,Low,True
synth_low_42_00645,0,128.0,9,25.79,180,,,,,,Low,True
AUD_3376,Spontaneous,146.0,6,40.73,78,,,,,,Medium,False
AUD_1256,Reading,112.0,2,55.48,95,,,,,,Medium,False
AUD_3512,Spontaneous,113.0,13,53.19,132,,,,,,High,False
synth_low_42_00651,0,115.11,13,59.31,125,,,,,,Low,True
synth_low_42_00778,0,104.0,5,32.73,105,,,,,,Low,True
AUD_1250,Spontaneous,124.0,3,52.46,59,,,,,,High,False
synth_low_42_00795,0,132.53,3,73.64,70,,,,,,Low,True
synth_low_42_00348,0,97.0,12,48.59,138,,,,,,Low,True
synth_low_42_01527,0,137.0,10,44.54,114,,,,,,Low,True
AUD_4298,Reading,117.0,13,77.69,108,,,,,,Medium,False
AUD_3284,Reading,177.0,8,74.01,164,,,,,,High,False
AUD_2933,Spontaneous,96.0,11,38.05,127,,,,,,High,False
AUD_4175,Spontaneous,132.0,11,47.94,126,,,,,,High,False
synth_low_42_00268,0,94.0,8,68.47,70,,,,,,Low,True
AUD_4910,Reading,158.0,4,89.47,191,,,,,,Medium,False
AUD_1852,Spontaneous,164.0,8,63.19,119,,,,,,Medium,False
synth_low_42_01351,0,119.0,9,45.53,73,,,,,,Low,True
synth_low_42_01613,0,109.0,14,26.1,168,,,,,,Low,True
AUD_2105,Reading,120.0,7,49.5,70,,,,,,High,False
AUD_133,Spontaneous,117.0,12,88.96,191,,,,,,Medium,False
synth_low_42_00236,0,150.0,11,50.87,126,,,,,,Low,True
synth_low_42_00029,0,177.0,9,55.02,177,,,,,,Low,True
AUD_928,Reading,160.0,12,33.7,191,,,,,,Medium,False
AUD_823,Reading,94.0,5,68.68,150,,,,,,Medium,False
synth_low_42_01169,0,96.55,9,28.11,56,,,,,,Low,True
AUD_1531,Reading,96.0,3,73.17,70,,,,,,High,False
AUD_1214,Reading,157.0,4,21.05,144,,,,,,High,False
AUD_504,Reading,126.0,11,50.55,104,,,,,,Medium,False
AUD_4285,Spontaneous,168.0,6,86.51,142,,,,,,Medium,False
AUD_1996,Spontaneous,156.0,7,69.84,180,,,,,,High,False
AUD_3072,Reading,116.0,2,82.43,71,,,,,,High,False
AUD_1958,Reading,111.0,12,64.8,53,,,,,,High,False
AUD_1384,Spontaneous,139.0,5,25.93,110,,,,,,Medium,False
AUD_894,Spontaneous,104.0,5,23.93,131,,,,,,Medium,False
AUD_4924,Reading,152.0,6,27.03,173,,,,,,Medium,False
AUD_455,Spontaneous,97.0,10,33.41,177,,,,,,Low,False
synth_low_42_00779,0,145.44,8,20.94,171,,,,,,Low,True
synth_low_42_01290,0,156.0,10,75.07,140,,,,,,Low,True
AUD_3709,Reading,95.0,14,79.01,62,,,,,,High,False
synth_low_42_01789,0,152.73,12,53.34,136,,,,,,Low,True
AUD_4849,Reading,91.0,7,40.54,53,,,,,,High,False
AUD_4748,Reading,101.0,11,29.26,92,,,,,,High,False
AUD_4268,Spontaneous,159.0,9,64.35,129,,,,,,Medium,False
AUD_3522,Reading,105.0,9,28.02,195,,,,,,Medium,False
AUD_4134,Spontaneous,135.0,10,61.79,98,,,,,,Medium,False
AUD_3602,Spontaneous,118.0,2,62.82,76,,,,,,High,False
synth_low_42_01641,0,158.0,11,42.24,56,,,,,,Low,True
AUD_713,Reading,100.0,4,60.45,183,,,,,,Medium,False
AUD_4186,Reading,168.0,3,45.89,103,,,,,,High,False
AUD_2214,Spontaneous,118.0,11,22.36,98,,,,,,Medium,False
synth_low_42_00301,0,175.0,4,31.26,165,,,,,,Low,True
AUD_2923,Spontaneous,92.0,13,35.43,152,,,,,,High,False
AUD_1810,Reading,167.0,13,37.2,130,,,,,,High,False
AUD_3486,Reading,152.0,8,24.9,178,,,,,,High,False
AUD_3141,Reading,102.0,13,22.25,80,,,,,,Medium,False
AUD_1827,Spontaneous,145.0,7,27.88,95,,,,,,High,False
AUD_1155,Reading,118.0,14,62.6,56,,,,,,High,False
AUD_1324,Spontaneous,98.0,14,69.68,193,,,,,,Medium,False
AUD_4312,Spontaneous,138.0,10,82.93,198,,,,,,High,False
AUD_510,Reading,91.0,3,57.21,125,,,,,,Medium,False
AUD_1680,Reading,132.0,7,32.32,116,,,,,,Medium,False
AUD_499,Spontaneous,152.0,2,60.85,197,,,,,,Medium,False
synth_low_42_01157,0,177.0,14,60.92,190,,,,,,Low,True
AUD_1856,Spontaneous,118.0,8,54.32,167,,,,,,Medium,False
AUD_1388,Reading,115.0,11,69.3,95,,,,,,Medium,False
synth_low_42_00615,0,172.0,2,60.91,128,,,,,,Low,True
AUD_3719,Spontaneous,97.0,7,32.58,160,,,,,,Medium,False
AUD_2386,Reading,133.0,4,28.87,136,,,,,,High,False
synth_low_42_00541,0,127.82,6,77.7,194,,,,,,Low,True
AUD_3236,Spontaneous,131.0,7,66.91,152,,,,,,High,False
AUD_1540,Reading,160.0,9,34.66,65,,,,,,High,False
AUD_1217,Spontaneous,107.0,10,21.78,180,,,,,,High,False
AUD_2681,Spontaneous,153.0,3,51.55,130,,,,,,High,False
AUD_2993,Reading,144.0,8,20.37,191,,,,,,High,False
synth_low_42_00512,0,129.0,5,43.03,159,,,,,,Low,True
AUD_1191,Reading,108.0,11,36.86,165,,,,,,High,False
synth_low_42_00772,0,177.0,11,33.08,168,,,,,,Low,True
synth_low_42_00293,0,108.0,14,57.0,62,,,,,,Low,True
AUD_1542,Reading,137.0,4,51.95,66,,,,,,High,False
AUD_3301,Spontaneous,120.0,11,50.68,186,,,,,,Low,False
AUD_3324,Spontaneous,133.0,11,63.49,117,,,,,,Medium,False
AUD_2539,Reading,117.0,4,84.85,176,,,,,,Medium,False
AUD_953,Spontaneous,119.0,2,69.89,79,,,,,,Medium,False
AUD_4846,Reading,156.0,13,86.61,189,,,,,,Medium,False
AUD_4330,Spontaneous,137.0,4,43.32,91,,,,,,Medium,False
AUD_732,Spontaneous,171.0,9,66.17,139,,,,,,High,False
synth_low_42_01787,0,179.0,9,27.95,124,,,,,,Low,True
AUD_1156,Reading,131.0,10,43.92,132,,,,,,Medium,False
synth_low_42_01289,0,134.56,9,40.02,62,,,,,,Low,True
AUD_3294,Spontaneous,180.0,5,25.85,152,,,,,,Medium,False
AUD_2982,Spontaneous,146.0,9,33.93,61,,,,,,High,False
synth_low_42_00305,0,112.0,2,75.0,76,,,,,,Low,True
synth_low_42_00161,0,177.0,10,20.13,113,,,,,,Low,True
AUD_2156,Reading,122.0,9,41.07,150,,,,,,High,False
AUD_1062,Reading,136.0,8,42.49,196,,,,,,Low,False
AUD_2616,Spontaneous,92.0,3,84.04,183,,,,,,High,False
AUD_1167,Spontaneous,179.0,5,63.76,148,,,,,,High,False
AUD_3222,Spontaneous,166.0,11,58.28,139,,,,,,Medium,False
AUD_3636,Reading,154.0,11,34.74,133,,,,,,High,False
synth_low_42_00588,0,161.0,10,74.04,172,,,,,,Low,True
AUD_2938,Spontaneous,142.0,4,47.81,148,,,,,,Medium,False
AUD_4491,Reading,149.0,7,74.37,90,,,,,,High,False
AUD_3140,Spontaneous,121.0,10,61.84,84,,,,,,Medium,False
AUD_4980,Reading,155.0,9,38.95,140,,,,,,Low,False
AUD_143,Reading,150.0,13,64.29,91,,,,,,High,False
synth_low_42_01732,0,137.0,13,38.5,104,,,,,,Low,True
AUD_3577,Reading,140.0,11,55.12,90,,,,,,High,False
AUD_4946,Reading,123.0,5,84.31,176,,,,,,High,False
AUD_2782,Reading,158.0,2,29.54,164,,,,,,Medium,False
AUD_717,Reading,119.0,8,36.04,199,,,,,,Medium,False
AUD_1819,Reading,90.0,7,49.97,151,,,,,,High,False
AUD_2502,Spontaneous,97.0,7,43.01,97,,,,,,Medium,False
AUD_4360,Reading,143.0,13,86.95,67,,,,,,Medium,False
AUD_4171,Reading,174.0,13,60.9,114,,,,,,Medium,False
AUD_395,Spontaneous,121.0,5,81.71,132,,,,,,Medium,False
synth_low_42_00731,0,129.04,13,37.69,138,,,,,,Low,True
synth_low_42_01568,0,129.0,11,33.42,122,,,,,,Low,True
AUD_4492,Spontaneous,117.0,4,33.25,153,,,,,,Medium,False
AUD_1365,Spontaneous,160.0,9,20.07,199,,,,,,High,False
synth_low_42_01187,0,167.0,2,62.52,84,,,,,,Low,True
synth_low_42_00999,0,158.0,2,48.59,70,,,,,,Low,True
AUD_595,Reading,134.0,5,66.3,117,,,,,,Medium,False
AUD_3952,Reading,126.0,14,48.8,125,,,,,,High,False
synth_low_42_00392,0,139.0,7,42.11,189,,,,,,Low,True
synth_low_42_00917,0,156.0,7,24.07,148,,,,,,Low,True
AUD_4968,Reading,144.0,14,44.15,79,,,,,,High,False
AUD_2914,Spontaneous,99.0,2,74.57,103,,,,,,Medium,False
AUD_2326,Reading,93.0,10,74.8,82,,,,,,Medium,False
synth_low_42_00644,0,110.0,5,44.59,125,,,,,,Low,True
AUD_3766,Spontaneous,124.0,9,47.59,78,,,,,,Medium,False
AUD_3440,Spontaneous,168.0,5,75.7,85,,,,,,Medium,False
AUD_3851,Spontaneous,129.0,11,89.53,130,,,,,,Medium,False
AUD_4132,Reading,145.0,11,24.82,86,,,,,,High,False
synth_low_42_01227,0,125.39,5,32.85,75,,,,,,Low,True
AUD_2143,Reading,148.0,3,20.9,95,,,,,,Medium,False
synth_low_42_01262,0,111.0,7,64.86,129,,,,,,Low,True
synth_low_42_00073,0,105.51,9,61.08,129,,,,,,Low,True
AUD_1571,Spontaneous,111.0,5,52.5,179,,,,,,High,False
AUD_4079,Reading,148.0,9,55.24,110,,,,,,Medium,False
AUD_1122,Spontaneous,127.0,13,67.12,134,,,,,,Medium,False
AUD_2786,Reading,120.0,12,65.28,154,,,,,,High,False
AUD_2967,Spontaneous,90.0,8,55.73,95,,,,,,High,False
AUD_2504,Reading,91.0,8,82.4,194,,,,,,Medium,False
synth_low_42_00988,0,128.39,5,66.38,151,,,,,,Low,True
AUD_3465,Reading,108.0,11,24.68,116,,,,,,Medium,False
AUD_675,Spontaneous,137.0,13,25.42,62,,,,,,High,False
AUD_2808,Reading,150.0,6,89.5,66,,,,,,Medium,False
AUD_3348,Spontaneous,146.0,14,36.99,113,,,,,,Medium,False
AUD_728,Spontaneous,91.0,14,33.82,199,,,,,,Medium,False
AUD_412,Reading,121.0,2,45.86,109,,,,,,High,False
AUD_3146,Spontaneous,114.0,4,40.68,93,,,,,,High,False
AUD_1516,Reading,146.0,9,72.01,124,,,,,,High,False
synth_low_42_00745,0,110.0,13,85.92,70,,,,,,Low,True
AUD_825,Spontaneous,112.0,12,27.34,162,,,,,,High,False
AUD_3267,Spontaneous,129.0,4,47.81,89,,,,,,High,False
AUD_3974,Reading,129.0,6,77.2,120,,,,,,Medium,False
AUD_616,Reading,171.0,9,45.68,81,,,,,,Medium,False
AUD_114,Reading,167.0,12,31.73,104,,,,,,Medium,False
AUD_417,Reading,166.0,10,63.03,172,,,,,,Medium,False
AUD_3069,Spontaneous,130.0,13,49.14,187,,,,,,Medium,False
AUD_1625,Reading,116.0,6,29.02,146,,,,,,Medium,False
synth_low_42_01729,0,134.0,4,39.78,55,,,,,,Low,True
AUD_4185,Spontaneous,133.0,4,76.49,59,,,,,,Medium,False
AUD_2896,Spontaneous,114.0,11,46.24,191,,,,,,Medium,False
synth_low_42_01339,0,99.0,14,28.14,175,,,,,,Low,True
AUD_2082,Reading,122.0,2,41.76,53,,,,,,High,False
AUD_753,Reading,126.0,14,80.54,164,,,,,,High,False
AUD_2546,Spontaneous,142.0,7,45.71,69,,,,,,High,False
AUD_3969,Spontaneous,127.0,5,64.74,122,,,,,,High,False
AUD_3373,Spontaneous,146.0,7,82.54,132,,,,,,High,False
synth_low_42_00726,0,176.0,2,62.87,179,,,,,,Low,True
AUD_4107,Spontaneous,124.0,7,79.18,54,,,,,,High,False
AUD_2444,Spontaneous,147.0,11,74.12,117,,,,,,Medium,False
AUD_4380,Spontaneous,155.0,5,79.36,101,,,,,,High,False
AUD_1066,Spontaneous,165.0,7,65.81,120,,,,,,Medium,False
AUD_3913,Reading,169.0,9,58.6,117,,,,,,High,False
synth_low_42_00287,0,121.0,11,86.25,137,,,,,,Low,True
synth_low_42_00536,0,137.0,3,83.08,163,,,,,,Low,True
synth_low_42_00387,0,140.05,3,69.14,107,,,,,,Low,True
synth_low_42_00732,0,112.81,14,32.44,88,,,,,,Low,True
AUD_3498,Reading,100.0,5,89.82,197,,,,,,Medium,False
AUD_2738,Reading,90.0,11,51.27,150,,,,,,High,False
synth_low_42_00052,0,166.0,5,80.21,162,,,,,,Low,True
AUD_4000,Spontaneous,119.0,6,65.08,109,,,,,,High,False
AUD_1568,Reading,174.0,11,84.84,52,,,,,,Medium,False
AUD_2427,Spontaneous,105.0,6,30.78,52,,,,,,High,False
AUD_3746,Spontaneous,120.0,11,52.38,113,,,,,,Medium,False
synth_low_42_01330,0,157.32,9,57.99,171,,,,,,Low,True
AUD_1687,Reading,159.0,3,42.63,134,,,,,,Medium,False
AUD_851,Reading,143.0,4,57.24,99,,,,,,High,False
AUD_3546,Spontaneous,154.0,9,33.3,119,,,,,,Medium,False
AUD_895,Reading,155.0,11,62.48,145,,,,,,High,False
AUD_4592,Spontaneous,157.0,2,48.2,192,,,,,,Medium,False
synth_low_42_00878,0,118.74,5,82.62,171,,,,,,Low,True
AUD_335,Spontaneous,166.0,11,47.45,82,,,,,,Medium,False
AUD_2839,Reading,113.0,11,40.65,50,,,,,,Medium,False
AUD_3087,Reading,92.0,11,69.04,190,,,,,,Medium,False
AUD_4611,Spontaneous,113.0,8,73.38,169,,,,,,Medium,False
AUD_1348,Reading,118.0,8,82.85,154,,,,,,High,False
AUD_1015,Spontaneous,161.0,4,71.69,141,,,,,,High,False
AUD_2816,Reading,108.0,12,37.78,173,,,,,,Medium,False
AUD_1631,Reading,157.0,9,23.08,160,,,,,,High,False
AUD_2489,Spontaneous,139.0,3,39.55,89,,,,,,Medium,False
AUD_3730,Reading,125.0,4,63.3,52,,,,,,Medium,False
AUD_3251,Spontaneous,159.0,5,77.9,170,,,,,,Medium,False
synth_low_42_01501,0,132.0,7,32.49,92,,,,,,Low,True
synth_low_42_00877,0,167.22,12,41.03,171,,,,,,Low,True
synth_low_42_00881,0,166.98,14,29.9,136,,,,,,Low,True
AUD_2070,Spontaneous,112.0,4,64.54,78,,,,,,Medium,False
AUD_4452,Reading,115.0,6,28.4,173,,,,,,Medium,False
synth_low_42_01633,0,178.42,9,86.15,112,,,,,,Low,True
synth_low_42_00408,0,105.0,4,84.31,69,,,,,,Low,True
AUD_1635,Spontaneous,150.0,10,83.89,57,,,,,,Medium,False
AUD_4646,Reading,157.0,7,61.65,111,,,,,,High,False
AUD_2479,Spontaneous,164.0,9,40.06,161,,,,,,High,False
AUD_2265,Reading,175.0,13,35.26,122,,,,,,Low,False
AUD_2959,Spontaneous,140.0,9,82.22,132,,,,,,Medium,False
synth_low_42_00323,0,98.6,3,40.85,147,,,,,,Low,True
synth_low_42_01418,0,152.68,7,30.33,94,,,,,,Low,True
AUD_3059,Reading,134.0,7,65.5,58,,,,,,Low,False
synth_low_42_00053,0,121.0,3,60.63,68,,,,,,Low,True
synth_low_42_00869,0,94.0,14,42.29,125,,,,,,Low,True
AUD_2141,Reading,153.0,14,53.34,108,,,,,,Medium,False
synth_low_42_00104,0,137.0,13,28.18,117,,,,,,Low,True
AUD_3118,Spontaneous,145.0,2,33.38,84,,,,,,Medium,False
synth_low_42_00188,0,168.85,9,41.03,122,,,,,,Low,True
synth_low_42_01410,0,116.42,2,64.77,184,,,,,,Low,True
AUD_4045,Spontaneous,153.0,14,41.12,110,,,,,,High,False
AUD_3356,Spontaneous,148.0,2,71.73,186,,,,,,Medium,False
AUD_2744,Reading,108.0,12,35.02,102,,,,,,Medium,False
synth_low_42_00092,0,177.0,6,75.13,122,,,,,,Low,True
AUD_3506,Reading,165.0,3,49.91,99,,,,,,High,False
AUD_1679,Spontaneous,94.0,7,30.45,184,,,,,,Low,False
AUD_4249,Spontaneous,117.0,5,68.91,77,,,,,,Medium,False
AUD_3147,Spontaneous,91.0,12,51.67,165,,,,,,Medium,False
AUD_2294,Reading,158.0,3,69.1,138,,,,,,Medium,False
AUD_580,Reading,104.0,4,80.31,130,,,,,,Medium,False
AUD_1470,Reading,169.0,14,70.11,137,,,,,,Medium,False
AUD_4799,Spontaneous,111.0,2,22.8,71,,,,,,High,False
AUD_4070,Spontaneous,158.0,6,42.7,59,,,,,,High,False
synth_low_42_00308,0,112.92,4,68.78,92,,,,,,Low,True
AUD_3343,Reading,93.0,7,29.09,109,,,,,,High,False
AUD_4992,Reading,108.0,11,75.55,147,,,,,,Medium,False
AUD_4583,Spontaneous,156.0,13,53.86,174,,,,,,High,False
AUD_3672,Spontaneous,133.0,14,51.62,52,,,,,,Medium,False
AUD_559,Reading,175.0,6,74.15,173,,,,,,High,False
synth_low_42_00237,0,145.13,10,82.97,82,,,,,,Low,True
synth_low_42_00215,0,166.0,6,54.04,140,,,,,,Low,True
AUD_2849,Reading,152.0,13,30.81,52,,,,,,Medium,False
AUD_512,Spontaneous,137.0,8,77.75,98,,,,,,High,False
AUD_4729,Spontaneous,104.0,13,74.12,199,,,,,,Medium,False
AUD_1081,Reading,139.0,9,22.93,54,,,,,,Medium,False
AUD_1664,Reading,162.0,10,75.46,72,,,,,,High,False
AUD_1012,Spontaneous,131.0,10,31.59,131,,,,,,High,False
AUD_1931,Spontaneous,111.0,11,47.33,171,,,,,,High,False
AUD_1150,Reading,160.0,14,75.24,149,,,,,,High,False
AUD_2838,Spontaneous,136.0,12,44.98,193,,,,,,Medium,False
synth_low_42_00949,0,159.0,13,64.78,164,,,,,,Low,True
AUD_116,Spontaneous,138.0,10,56.74,70,,,,,,High,False
AUD_740,Reading,175.0,2,45.34,149,,,,,,High,False
synth_low_42_01525,0,110.0,5,69.46,56,,,,,,Low,True
synth_low_42_01070,0,164.91,9,73.61,113,,,,,,Low,True
synth_low_42_00177,0,175.0,10,69.45,127,,,,,,Low,True
AUD_3675,Reading,153.0,11,30.82,142,,,,,,Medium,False
synth_low_42_00906,0,128.0,14,28.14,140,,,,,,Low,True
AUD_830,Spontaneous,148.0,4,65.5,115,,,,,,High,False
AUD_119,Reading,130.0,5,72.2,143,,,,,,Medium,False
AUD_4752,Spontaneous,140.0,5,26.98,176,,,,,,Medium,False
synth_low_42_01485,0,124.7,8,43.01,125,,,,,,Low,True
synth_low_42_01431,0,101.0,5,34.75,195,,,,,,Low,True
synth_low_42_01717,0,99.0,9,85.33,150,,,,,,Low,True
AUD_635,Reading,112.0,9,55.21,196,,,,,,Medium,False
AUD_4465,Spontaneous,126.0,5,52.86,63,,,,,,Low,False
AUD_4364,Reading,125.0,12,80.06,58,,,,,,Medium,False
AUD_4142,Reading,167.0,2,22.63,121,,,,,,Medium,False
AUD_991,Reading,145.0,4,56.59,158,,,,,,Medium,False
AUD_876,Reading,166.0,3,86.74,91,,,,,,Medium,False
AUD_4869,Reading,110.0,3,56.41,175,,,,,,High,False
synth_low_42_00315,0,139.0,8,89.78,58,,,,,,Low,True
synth_low_42_00222,0,110.0,10,48.95,126,,,,,,Low,True
AUD_4,Reading,176.0,10,30.79,171,,,,,,Medium,False
AUD_3051,Spontaneous,153.0,9,61.22,181,,,,,,Medium,False
synth_low_42_00691,0,154.08,13,69.45,161,,,,,,Low,True
AUD_3124,Reading,156.0,2,74.41,85,,,,,,High,False
AUD_2660,Spontaneous,113.0,4,50.55,93,,,,,,High,False
AUD_2491,Spontaneous,121.0,5,83.9,159,,,,,,High,False
synth_low_42_00173,0,177.0,5,56.97,125,,,,,,Low,True
AUD_3854,Spontaneous,112.0,2,80.09,122,,,,,,Medium,False
AUD_4933,Reading,100.0,13,34.85,118,,,,,,Medium,False
AUD_4777,Spontaneous,147.0,4,71.46,168,,,,,,High,False
AUD_1715,Spontaneous,149.0,12,27.67,184,,,,,,Medium,False
synth_low_42_01293,0,175.0,6,36.65,139,,,,,,Low,True
AUD_1148,Spontaneous,102.0,12,52.57,177,,,,,,Medium,False
AUD_3261,Spontaneous,118.0,3,37.41,98,,,,,,Medium,False
AUD_574,Spontaneous,167.0,2,41.34,122,,,,,,High,False
AUD_3769,Reading,140.0,3,77.13,82,,,,,,High,False
AUD_3736,Spontaneous,95.0,8,24.72,55,,,,,,High,False
AUD_4146,Reading,145.0,9,32.91,195,,,,,,High,False
AUD_853,Spontaneous,151.0,3,28.92,78,,,,,,High,False
AUD_1982,Reading,141.0,14,75.15,193,,,,,,Medium,False
AUD_2774,Spontaneous,150.0,3,35.93,122,,,,,,Medium,False
synth_low_42_00919,0,176.0,10,73.57,82,,,,,,Low,True
AUD_4929,Reading,91.0,14,22.37,137,,,,,,Medium,False
synth_low_42_00211,0,139.0,10,55.36,163,,,,,,Low,True
AUD_1166,Spontaneous,171.0,13,65.81,52,,,,,,Medium,False
synth_low_42_01002,0,178.36,11,40.7,164,,,,,,Low,True
AUD_971,Reading,152.0,5,43.1,197,,,,,,Medium,False
AUD_2701,Spontaneous,145.0,2,76.94,136,,,,,,High,False
AUD_4495,Spontaneous,103.0,9,78.54,165,,,,,,Medium,False
AUD_3847,Spontaneous,129.0,5,65.13,101,,,,,,High,False
AUD_2368,Spontaneous,125.0,7,73.99,162,,,,,,High,False
AUD_4115,Spontaneous,110.0,4,41.68,96,,,,,,Medium,False
AUD_4780,Spontaneous,175.0,7,61.1,80,,,,,,Medium,False
AUD_4131,Spontaneous,94.0,12,46.83,117,,,,,,High,False
AUD_2950,Reading,159.0,7,32.86,79,,,,,,Low,False
synth_low_42_00625,0,95.0,9,28.36,97,,,,,,Low,True
AUD_524,Reading,132.0,4,57.01,176,,,,,,Medium,False
AUD_2455,Reading,171.0,13,86.15,102,,,,,,Medium,False
synth_low_42_00016,0,98.54,5,32.5,112,,,,,,Low,True
AUD_1841,Reading,107.0,4,85.83,125,,,,,,High,False
synth_low_42_00986,0,158.0,4,39.27,134,,,,,,Low,True
AUD_537,Spontaneous,153.0,10,48.97,80,,,,,,High,False
AUD_2806,Spontaneous,167.0,7,70.04,78,,,,,,Medium,False
synth_low_42_00801,0,144.0,10,60.68,125,,,,,,Low,True
synth_low_42_00596,0,113.61,7,82.42,142,,,,,,Low,True
AUD_4341,Spontaneous,128.0,14,26.25,63,,,,,,High,False
AUD_3175,Reading,162.0,9,32.86,76,,,,,,High,False
AUD_784,Reading,171.0,4,40.69,107,,,,,,Medium,False
AUD_4057,Spontaneous,154.0,4,58.48,70,,,,,,High,False
AUD_1409,Spontaneous,149.0,14,31.43,94,,,,,,High,False
AUD_2537,Reading,158.0,4,50.1,71,,,,,,High,False
AUD_154,Spontaneous,172.0,6,79.8,59,,,,,,Medium,False
AUD_3009,Spontaneous,136.0,12,50.42,166,,,,,,High,False
AUD_1686,Reading,153.0,7,56.23,76,,,,,,Medium,False
AUD_2901,Spontaneous,117.0,6,77.24,164,,,,,,Medium,False
synth_low_42_01728,0,158.0,3,88.25,163,,,,,,Low,True
AUD_4721,Spontaneous,152.0,2,54.74,128,,,,,,Medium,False
AUD_3863,Spontaneous,169.0,4,33.63,89,,,,,,Medium,False
AUD_2733,Spontaneous,165.0,10,21.01,131,,,,,,High,False
AUD_1895,Spontaneous,167.0,4,27.2,187,,,,,,Medium,False
synth_low_42_00442,0,128.0,7,47.61,159,,,,,,Low,True
AUD_569,Reading,133.0,7,40.46,142,,,,,,High,False
synth_low_42_00854,0,121.0,14,53.35,135,,,,,,Low,True
AUD_1816,Reading,165.0,6,42.58,167,,,,,,Medium,False
AUD_2065,Reading,129.0,2,50.87,188,,,,,,Medium,False
AUD_127,Reading,94.0,14,36.67,195,,,,,,High,False
AUD_3394,Reading,92.0,2,44.76,111,,,,,,Medium,False
AUD_3327,Spontaneous,166.0,4,86.61,113,,,,,,High,False
synth_low_42_01771,0,129.0,5,61.08,51,,,,,,Low,True
synth_low_42_01102,0,152.0,10,55.06,110,,,,,,Low,True
AUD_2975,Reading,155.0,4,81.69,113,,,,,,High,False
AUD_980,Reading,177.0,14,32.05,60,,,,,,Medium,False
AUD_2300,Spontaneous,99.0,14,49.54,121,,,,,,High,False
AUD_190,Spontaneous,122.0,4,28.05,140,,,,,,High,False
AUD_1139,Reading,105.0,5,72.21,146,,,,,,High,False
synth_low_42_00088,0,134.0,8,29.55,51,,,,,,Low,True
AUD_699,Reading,146.0,7,59.64,152,,,,,,High,False
synth_low_42_01486,0,165.06,5,24.2,89,,,,,,Low,True
AUD_606,Spontaneous,133.0,7,76.45,165,,,,,,High,False
AUD_4276,Reading,127.0,7,50.18,134,,,,,,High,False
AUD_301,Spontaneous,150.0,5,24.91,109,,,,,,Medium,False
AUD_3420,Reading,105.0,5,57.41,161,,,,,,Medium,False
synth_low_42_01541,0,112.0,9,37.76,91,,,,,,Low,True
AUD_1060,Reading,148.0,4,56.58,149,,,,,,High,False
synth_low_42_01597,0,90.98,9,36.01,51,,,,,,Low,True
synth_low_42_01657,0,156.0,2,74.2,147,,,,,,Low,True
AUD_2565,Spontaneous,113.0,14,73.7,150,,,,,,Medium,False
synth_low_42_01783,0,166.0,7,40.34,136,,,,,,Low,True
AUD_1069,Reading,140.0,3,58.95,119,,,,,,High,False
AUD_2524,Spontaneous,98.0,6,62.79,149,,,,,,High,False
AUD_2205,Reading,168.0,10,21.8,117,,,,,,Medium,False
AUD_1243,Spontaneous,131.0,14,46.94,100,,,,,,High,False
AUD_16,Spontaneous,153.0,7,88.04,139,,,,,,Medium,False
AUD_3120,Spontaneous,99.0,10,63.46,63,,,,,,High,False
synth_low_42_01774,0,101.26,8,61.02,69,,,,,,Low,True
AUD_4642,Spontaneous,150.0,7,85.48,137,,,,,,Low,False
AUD_4754,Spontaneous,132.0,5,25.29,115,,,,,,Low,False
AUD_815,Spontaneous,150.0,3,78.12,189,,,,,,Medium,False
AUD_3067,Reading,118.0,11,43.61,121,,,,,,Medium,False
synth_low_42_01491,0,164.19,7,23.55,73,,,,,,Low,True
synth_low_42_00600,0,95.23,5,44.44,132,,,,,,Low,True
AUD_959,Spontaneous,152.0,10,38.49,78,,,,,,High,False
AUD_4893,Reading,174.0,8,24.6,100,,,,,,High,False
AUD_225,Spontaneous,114.0,14,30.14,132,,,,,,High,False
synth_low_42_01170,0,136.0,3,81.71,106,,,,,,Low,True
AUD_3354,Spontaneous,98.0,11,69.59,118,,,,,,Medium,False
synth_low_42_00895,0,120.81,10,75.21,171,,,,,,Low,True
AUD_2485,Spontaneous,179.0,11,32.12,178,,,,,,Medium,False
AUD_562,Reading,104.0,7,84.92,73,,,,,,Medium,False
AUD_3436,Spontaneous,121.0,3,68.3,119,,,,,,Medium,False
synth_low_42_01373,0,171.25,8,81.59,169,,,,,,Low,True
synth_low_42_01181,0,137.0,8,57.13,80,,,,,,Low,True
AUD_1693,Reading,114.0,14,29.76,169,,,,,,Medium,False
AUD_1045,Reading,164.0,10,40.44,98,,,,,,Medium,False
AUD_3446,Spontaneous,142.0,5,20.33,64,,,,,,Medium,False
AUD_4565,Reading,97.0,12,70.8,173,,,,,,High,False
AUD_954,Reading,178.0,3,27.05,164,,,,,,Medium,False
synth_low_42_01770,0,167.0,2,39.82,125,,,,,,Low,True
AUD_2735,Spontaneous,149.0,8,55.41,136,,,,,,High,False
synth_low_42_01663,0,97.0,14,34.77,127,,,,,,Low,True
AUD_4735,Spontaneous,138.0,7,70.13,113,,,,,,Medium,False
synth_low_42_01544,0,169.14,14,32.77,84,,,,,,Low,True
AUD_1218,Spontaneous,130.0,13,43.51,165,,,,,,High,False
synth_low_42_00254,0,179.0,3,42.08,74,,,,,,Low,True
synth_low_42_00511,0,129.0,2,32.5,100,,,,,,Low,True
synth_low_42_01461,0,155.0,6,43.56,54,,,,,,Low,True
AUD_1527,Spontaneous,134.0,8,52.62,76,,,,,,High,False
AUD_3987,Spontaneous,97.0,3,69.49,168,,,,,,Low,False
synth_low_42_01706,0,174.13,12,34.46,56,,,,,,Low,True
AUD_1300,Spontaneous,92.0,8,70.63,180,,,,,,High,False
synth_low_42_01646,0,132.0,5,81.45,51,,,,,,Low,True
synth_low_42_00699,0,129.0,14,81.16,158,,,,,,Low,True
AUD_160,Reading,117.0,12,40.36,60,,,,,,High,False
AUD_4067,Spontaneous,177.0,4,77.62,99,,,,,,Medium,False
synth_low_42_00800,0,132.0,7,34.46,128,,,,,,Low,True
AUD_956,Spontaneous,169.0,14,55.23,146,,,,,,Medium,False
AUD_3791,Reading,127.0,5,24.04,88,,,,,,Medium,False
AUD_3234,Spontaneous,171.0,9,41.21,198,,,,,,High,False
AUD_2869,Spontaneous,156.0,8,65.84,113,,,,,,High,False
AUD_3777,Spontaneous,128.0,9,35.82,58,,,,,,High,False
AUD_4433,Spontaneous,176.0,12,35.22,51,,,,,,Medium,False
AUD_4973,Reading,118.0,3,76.66,120,,,,,,High,False
synth_low_42_01015,0,142.18,5,46.77,185,,,,,,Low,True
AUD_2961,Reading,131.0,4,21.1,173,,,,,,Medium,False
synth_low_42_00980,0,143.39,12,54.98,146,,,,,,Low,True
AUD_2200,Reading,152.0,14,87.05,68,,,,,,Medium,False
AUD_98,Spontaneous,170.0,5,79.52,147,,,,,,Medium,False
synth_low_42_01606,0,177.0,13,24.05,112,,,,,,Low,True
AUD_2557,Spontaneous,96.0,5,73.25,54,,,,,,High,False
AUD_3183,Reading,168.0,10,39.91,138,,,,,,Low,False
AUD_253,Spontaneous,93.0,7,84.03,188,,,,,,High,False
AUD_3923,Reading,106.0,12,32.96,152,,,,,,Medium,False
AUD_4199,Reading,115.0,14,33.72,176,,,,,,Medium,False
AUD_1445,Spontaneous,152.0,5,70.11,114,,,,,,High,False
synth_low_42_00539,0,141.56,3,50.72,88,,,,,,Low,True
AUD_1648,Spontaneous,98.0,13,66.04,139,,,,,,High,False
AUD_4682,Reading,113.0,5,75.69,62,,,,,,Medium,False
AUD_4723,Reading,142.0,11,85.7,122,,,,,,Medium,False
AUD_3991,Spontaneous,142.0,4,76.0,104,,,,,,High,False
AUD_1696,Reading,161.0,13,80.38,132,,,,,,Medium,False
AUD_3191,Reading,100.0,3,45.28,142,,,,,,High,False
synth_low_42_01197,0,101.0,13,39.04,62,,,,,,Low,True
synth_low_42_01295,0,113.44,10,57.34,180,,,,,,Low,True
AUD_4499,Reading,159.0,4,36.05,145,,,,,,High,False
AUD_1154,Reading,149.0,11,22.53,153,,,,,,Medium,False
AUD_2255,Reading,122.0,10,45.36,61,,,,,,High,False
AUD_1682,Spontaneous,174.0,5,34.48,126,,,,,,Low,False
AUD_3170,Reading,107.0,11,53.0,159,,,,,,High,False
AUD_2056,Reading,123.0,7,63.36,154,,,,,,High,False
AUD_4090,Reading,170.0,2,41.44,157,,,,,,Medium,False
synth_low_42_01626,0,141.0,9,77.51,184,,,,,,Low,True
AUD_3108,Spontaneous,98.0,2,49.61,181,,,,,,Medium,False
AUD_4548,Spontaneous,147.0,7,80.9,149,,,,,,Medium,False
AUD_3723,Spontaneous,111.0,11,80.38,178,,,,,,High,False
synth_low_42_01397,0,128.0,4,69.45,96,,,,,,Low,True
synth_low_42_00423,0,111.84,4,41.25,143,,,,,,Low,True
AUD_2049,Spontaneous,177.0,8,40.22,127,,,,,,High,False
AUD_4976,Spontaneous,113.0,2,63.75,154,,,,,,High,False
AUD_3643,Spontaneous,155.0,12,82.27,101,,,,,,Medium,False
synth_low_42_01701,0,117.61,12,34.34,177,,,,,,Low,True
AUD_623,Reading,171.0,11,21.66,66,,,,,,High,False
synth_low_42_01489,0,110.0,8,30.44,106,,,,,,Low,True
synth_low_42_01536,0,99.0,12,50.68,143,,,,,,Low,True
synth_low_42_00883,0,117.91,9,32.46,157,,,,,,Low,True
AUD_262,Spontaneous,94.0,10,56.61,52,,,,,,Medium,False
synth_low_42_00730,0,90.0,10,41.85,180,,,,,,Low,True
AUD_3369,Spontaneous,116.0,10,77.99,79,,,,,,Medium,False
AUD_4061,Reading,128.0,14,84.95,122,,,,,,High,False
synth_low_42_00534,0,94.07,11,22.38,92,,,,,,Low,True
synth_low_42_01294,0,177.0,7,23.98,106,,,,,,Low,True
synth_low_42_01065,0,101.99,9,60.17,137,,,,,,Low,True
AUD_1802,Spontaneous,105.0,3,60.14,81,,,,,,Medium,False
AUD_4736,Spontaneous,139.0,9,33.66,197,,,,,,Medium,False
synth_low_42_01781,0,177.0,9,85.32,151,,,,,,Low,True
AUD_2385,Reading,124.0,9,45.66,139,,,,,,Medium,False
synth_low_42_00759,0,166.0,10,82.44,171,,,,,,Low,True
AUD_1959,Spontaneous,165.0,2,87.69,140,,,,,,High,False
AUD_2976,Reading,101.0,3,37.86,175,,,,,,Medium,False
AUD_488,Spontaneous,147.0,11,56.79,121,,,,,,Medium,False
AUD_1843,Reading,154.0,3,27.06,153,,,,,,Medium,False
AUD_1734,Reading,153.0,3,37.01,155,,,,,,High,False
AUD_2911,Reading,128.0,10,27.74,141,,,,,,Medium,False
AUD_3219,Spontaneous,138.0,2,88.63,161,,,,,,High,False
AUD_146,Reading,148.0,10,82.6,123,,,,,,High,False
synth_low_42_00630,0,111.0,10,34.5,189,,,,,,Low,True
AUD_1986,Spontaneous,180.0,11,58.62,166,,,,,,Medium,False
AUD_1369,Spontaneous,106.0,13,30.15,162,,,,,,High,False
synth_low_42_01051,0,151.0,8,34.8,85,,,,,,Low,True
AUD_2811,Reading,134.0,2,38.78,98,,,,,,High,False
AUD_659,Spontaneous,122.0,5,43.84,137,,,,,,Medium,False
AUD_1794,Reading,145.0,11,72.37,135,,,,,,Medium,False
AUD_2511,Reading,119.0,7,24.57,132,,,,,,High,False
AUD_3397,Reading,134.0,10,69.08,127,,,,,,High,False
AUD_4282,Spontaneous,178.0,8,74.95,131,,,,,,High,False
AUD_1147,Spontaneous,143.0,8,77.16,101,,,,,,High,False
AUD_3272,Spontaneous,154.0,2,43.7,118,,,,,,Medium,False
AUD_608,Reading,157.0,3,71.72,130,,,,,,High,False
synth_low_42_01287,0,171.72,14,62.61,55,,,,,,Low,True
AUD_3582,Spontaneous,146.0,7,30.9,187,,,,,,Medium,False
AUD_1930,Spontaneous,135.0,10,72.18,67,,,,,,Medium,False
AUD_197,Spontaneous,154.0,9,32.56,161,,,,,,Medium,False
AUD_2931,Spontaneous,172.0,6,21.15,120,,,,,,High,False
AUD_2327,Reading,138.0,10,78.45,167,,,,,,High,False
AUD_4389,Spontaneous,99.0,13,54.42,186,,,,,,High,False
AUD_766,Spontaneous,152.0,6,74.21,100,,,,,,High,False
AUD_4496,Spontaneous,114.0,14,76.6,178,,,,,,Medium,False
AUD_4218,Reading,135.0,4,83.01,116,,,,,,High,False
AUD_3255,Spontaneous,101.0,5,80.7,169,,,,,,High,False
AUD_202,Reading,114.0,10,86.5,123,,,,,,High,False
AUD_3510,Reading,102.0,8,66.68,117,,,,,,High,False
AUD_4931,Reading,152.0,12,28.06,55,,,,,,Medium,False
synth_low_42_01390,0,157.2,8,61.01,128,,,,,,Low,True
synth_low_42_00535,0,175.0,2,42.54,196,,,,,,Low,True
AUD_1733,Spontaneous,105.0,4,41.76,116,,,,,,Medium,False
synth_low_42_00791,0,140.33,7,85.05,194,,,,,,Low,True
AUD_2777,Reading,143.0,2,45.37,106,,,,,,High,False
AUD_1707,Spontaneous,143.0,3,80.28,76,,,,,,High,False
synth_low_42_00172,0,155.0,7,37.82,54,,,,,,Low,True
synth_low_42_00249,0,166.0,3,64.88,113,,,,,,Low,True
synth_low_42_00757,0,179.0,10,84.56,127,,,,,,Low,True
AUD_3474,Spontaneous,147.0,11,22.71,132,,,,,,High,False
synth_low_42_01528,0,99.98,9,55.62,58,,,,,,Low,True
synth_low_42_00855,0,166.66,14,63.66,171,,,,,,Low,True
AUD_854,Spontaneous,141.0,5,40.72,86,,,,,,High,False
synth_low_42_00685,0,134.75,2,81.4,159,,,,,,Low,True
synth_low_42_01363,0,116.0,8,23.99,156,,,,,,Low,True
AUD_4737,Reading,135.0,7,73.82,165,,,,,,Medium,False
AUD_4097,Reading,133.0,5,68.55,115,,,,,,High,False
AUD_2160,Spontaneous,179.0,9,66.49,59,,,,,,High,False
AUD_698,Reading,173.0,13,51.72,186,,,,,,High,False
synth_low_42_01725,0,176.0,13,47.65,198,,,,,,Low,True
AUD_2999,Reading,91.0,2,73.6,51,,,,,,Low,False
AUD_3696,Spontaneous,121.0,6,53.84,179,,,,,,High,False
AUD_1636,Reading,95.0,7,54.08,113,,,,,,Medium,False
AUD_3457,Reading,149.0,10,85.02,148,,,,,,Medium,False
AUD_3581,Reading,99.0,14,40.42,81,,,,,,Medium,False
AUD_1291,Spontaneous,149.0,9,74.52,160,,,,,,Medium,False
AUD_4659,Spontaneous,172.0,3,22.52,104,,,,,,Medium,False
synth_low_42_00616,0,119.62,14,75.02,163,,,,,,Low,True
AUD_1853,Reading,120.0,14,75.88,96,,,,,,Medium,False
synth_low_42_00232,0,147.0,3,62.98,158,,,,,,Low,True
AUD_3763,Spontaneous,140.0,3,21.34,120,,,,,,Medium,False
AUD_3304,Spontaneous,148.0,3,78.8,95,,,,,,High,False
synth_low_42_01680,0,140.0,5,60.69,127,,,,,,Low,True
synth_low_42_00727,0,99.0,10,39.03,82,,,,,,Low,True
AUD_3743,Spontaneous,169.0,7,52.89,96,,,,,,Medium,False
AUD_3445,Reading,149.0,11,37.51,90,,,,,,Medium,False
AUD_1998,Spontaneous,113.0,5,38.72,90,,,,,,High,False
AUD_663,Spontaneous,146.0,13,34.33,114,,,,,,Medium,False
AUD_4779,Spontaneous,116.0,6,83.88,51,,,,,,High,False
synth_low_42_00353,0,167.0,10,84.69,91,,,,,,Low,True
AUD_3748,Reading,105.0,4,78.84,140,,,,,,High,False
AUD_4413,Spontaneous,119.0,13,20.01,143,,,,,,High,False
AUD_4744,Reading,168.0,12,42.48,103,,,,,,Medium,False
synth_low_42_00530,0,132.53,13,34.95,56,,,,,,Low,True
synth_low_42_00575,0,177.11,8,69.45,92,,,,,,Low,True
AUD_709,Reading,126.0,6,32.52,161,,,,,,High,False
AUD_1282,Spontaneous,131.0,9,27.17,66,,,,,,High,False
synth_low_42_00864,0,137.0,13,86.24,115,,,,,,Low,True
synth_low_42_00068,0,147.07,14,28.13,110,,,,,,Low,True
AUD_2675,Spontaneous,147.0,2,26.51,66,,,,,,Medium,False
AUD_4029,Reading,130.0,10,87.4,173,,,,,,Medium,False
AUD_1306,Spontaneous,170.0,10,42.05,195,,,,,,Medium,False
synth_low_42_00496,0,102.0,3,87.47,140,,,,,,Low,True
synth_low_42_00504,0,128.0,12,20.13,148,,,,,,Low,True
AUD_2237,Spontaneous,165.0,7,47.33,152,,,,,,High,False
AUD_3302,Reading,100.0,4,36.69,150,,,,,,High,False
synth_low_42_00592,0,111.0,9,30.35,64,,,,,,Low,True
AUD_2038,Reading,114.0,10,88.21,88,,,,,,Medium,False
AUD_1529,Reading,140.0,2,22.91,65,,,,,,Medium,False
AUD_1663,Spontaneous,127.0,8,35.35,73,,,,,,High,False
synth_low_42_00450,0,176.0,14,47.42,169,,,,,,Low,True
synth_low_42_01709,0,143.5,2,64.12,152,,,,,,Low,True
synth_low_42_01734,0,129.0,3,68.7,174,,,,,,Low,True
AUD_3627,Reading,91.0,12,75.61,187,,,,,,High,False
synth_low_42_00739,0,110.0,5,74.41,159,,,,,,Low,True
synth_low_42_00147,0,96.8,14,41.75,86,,,,,,Low,True
AUD_4891,Spontaneous,135.0,14,48.75,180,,,,,,Medium,False
AUD_2693,Spontaneous,108.0,12,85.13,79,,,,,,Medium,False
AUD_3060,Spontaneous,122.0,14,56.17,161,,,,,,Medium,False
AUD_1597,Reading,101.0,6,44.69,52,,,,,,Medium,False
AUD_2729,Spontaneous,136.0,2,35.67,78,,,,,,High,False
AUD_2625,Spontaneous,97.0,10,43.05,164,,,,,,High,False
synth_low_42_00915,0,124.08,5,49.14,122,,,,,,Low,True
AUD_3157,Spontaneous,148.0,10,32.5,130,,,,,,Low,False
AUD_3314,Reading,126.0,8,85.84,199,,,,,,High,False
AUD_1722,Spontaneous,106.0,3,50.23,66,,,,,,High,False
synth_low_42_00279,0,117.0,12,31.78,53,,,,,,Low,True
AUD_1059,Spontaneous,164.0,8,46.69,196,,,,,,Medium,False
AUD_4636,Spontaneous,167.0,5,80.9,173,,,,,,Medium,False
AUD_3242,Reading,151.0,12,29.45,75,,,,,,Low,False
AUD_1678,Reading,97.0,12,59.55,109,,,,,,Medium,False
synth_low_42_01374,0,104.76,9,30.88,84,,,,,,Low,True
synth_low_42_01628,0,155.48,8,81.43,110,,,,,,Low,True
AUD_1757,Spontaneous,158.0,2,61.75,160,,,,,,Medium,False
synth_low_42_01019,0,151.0,13,32.78,184,,,,,,Low,True
AUD_4191,Reading,113.0,5,78.56,196,,,,,,High,False
synth_low_42_00116,0,155.0,2,34.58,120,,,,,,Low,True
AUD_563,Reading,175.0,6,46.81,126,,,,,,High,False
AUD_2790,Spontaneous,171.0,3,66.45,196,,,,,,Medium,False
AUD_863,Spontaneous,124.0,6,82.25,152,,,,,,Medium,False
AUD_1484,Spontaneous,146.0,6,61.07,61,,,,,,High,False
synth_low_42_00977,0,124.36,11,30.16,120,,,,,,Low,True
synth_low_42_00134,0,150.04,10,44.14,190,,,,,,Low,True
AUD_206,Reading,105.0,8,55.12,170,,,,,,High,False
AUD_4488,Spontaneous,92.0,7,22.73,185,,,,,,Medium,False
AUD_870,Reading,176.0,12,22.55,129,,,,,,High,False
AUD_4493,Reading,167.0,5,70.8,75,,,,,,Medium,False
AUD_502,Reading,152.0,6,83.39,197,,,,,,High,False
AUD_1028,Spontaneous,180.0,6,29.49,57,,,,,,High,False
AUD_3840,Spontaneous,129.0,6,43.21,103,,,,,,Medium,False
AUD_2690,Spontaneous,130.0,3,53.8,85,,,,,,High,False
synth_low_42_00581,0,139.0,13,30.48,71,,,,,,Low,True
synth_low_42_00056,0,151.0,9,26.52,125,,,,,,Low,True
AUD_1570,Spontaneous,102.0,2,35.73,65,,,,,,High,False
AUD_2773,Reading,128.0,3,74.05,92,,,,,,Low,False
synth_low_42_00991,0,171.81,7,28.15,152,,,,,,Low,True
AUD_2731,Spontaneous,103.0,11,67.42,196,,,,,,High,False
synth_low_42_01242,0,91.0,8,82.65,117,,,,,,Low,True
AUD_804,Reading,156.0,2,75.12,96,,,,,,High,False
synth_low_42_00847,0,152.4,7,75.02,148,,,,,,Low,True
AUD_3645,Reading,127.0,14,58.03,90,,,,,,Medium,False
AUD_2454,Reading,118.0,13,29.23,102,,,,,,Medium,False
AUD_4598,Reading,156.0,2,85.86,117,,,,,,Medium,False
AUD_3104,Spontaneous,114.0,9,84.24,147,,,,,,Medium,False
AUD_4875,Spontaneous,139.0,10,30.69,70,,,,,,Low,False
synth_low_42_00959,0,99.0,8,40.07,157,,,,,,Low,True
AUD_200,Spontaneous,97.0,2,69.75,128,,,,,,Medium,False
synth_low_42_01278,0,117.0,3,73.87,110,,,,,,Low,True
AUD_3099,Reading,166.0,6,41.97,162,,,,,,High,False
synth_low_42_01184,0,94.39,12,24.12,60,,,,,,Low,True
AUD_2278,Reading,175.0,7,39.52,67,,,,,,High,False
AUD_3561,Spontaneous,92.0,6,60.04,58,,,,,,Medium,False
synth_low_42_00892,0,147.0,6,26.8,92,,,,,,Low,True
AUD_4474,Reading,93.0,2,79.8,77,,,,,,High,False
synth_low_42_01432,0,107.1,2,81.02,129,,,,,,Low,True
AUD_4514,Reading,162.0,10,28.31,135,,,,,,Medium,False
synth_low_42_00794,0,94.0,12,32.46,56,,,,,,Low,True
AUD_391,Spontaneous,156.0,11,59.99,132,,,,,,Medium,False
synth_low_42_00618,0,97.0,3,85.35,142,,,,,,Low,True
synth_low_42_00258,0,91.0,5,28.8,89,,,,,,Low,True
AUD_1495,Reading,139.0,13,30.68,97,,,,,,Medium,False
AUD_2695,Reading,158.0,14,40.19,112,,,,,,High,False
AUD_2027,Reading,113.0,7,23.56,183,,,,,,High,False
synth_low_42_00248,0,164.3,4,74.44,129,,,,,,Low,True
synth_low_42_00463,0,148.37,6,35.31,70,,,,,,Low,True
AUD_2568,Spontaneous,146.0,7,83.75,69,,,,,,Medium,False
AUD_64,Spontaneous,130.0,7,47.9,155,,,,,,Medium,False
AUD_3884,Spontaneous,152.0,12,45.92,82,,,,,,Medium,False
AUD_2062,Reading,169.0,7,68.36,150,,,,,,High,False
synth_low_42_00276,0,112.0,8,31.5,75,,,,,,Low,True
AUD_492,Spontaneous,126.0,5,34.58,76,,,,,,Medium,False
AUD_379,Spontaneous,116.0,12,82.68,176,,,,,,High,False
synth_low_42_01331,0,129.52,10,24.25,164,,,,,,Low,True
AUD_4859,Reading,125.0,13,84.31,199,,,,,,Medium,False
synth_low_42_01360,0,123.5,12,30.3,104,,,,,,Low,True
AUD_3993,Spontaneous,98.0,5,86.85,98,,,,,,High,False
AUD_4887,Spontaneous,101.0,4,82.26,125,,,,,,Medium,False
AUD_1076,Spontaneous,175.0,4,83.47,134,,,,,,High,False
AUD_878,Reading,124.0,13,37.21,90,,,,,,High,False
AUD_337,Spontaneous,109.0,11,34.15,181,,,,,,Medium,False
synth_low_42_01439,0,161.71,9,23.77,113,,,,,,Low,True
AUD_1016,Reading,150.0,2,89.09,112,,,,,,High,False
AUD_1275,Reading,121.0,5,25.0,152,,,,,,High,False
AUD_3798,Reading,92.0,9,82.79,142,,,,,,Medium,False
AUD_4551,Reading,103.0,7,48.9,61,,,,,,High,False
AUD_3342,Reading,153.0,10,20.58,114,,,,,,High,False
AUD_4911,Reading,125.0,5,72.94,110,,,,,,Medium,False
synth_low_42_01413,0,105.8,13,40.58,146,,,,,,Low,True
AUD_995,Spontaneous,137.0,9,65.28,90,,,,,,Medium,False
AUD_1981,Spontaneous,99.0,4,42.39,142,,,,,,Medium,False
AUD_4297,Reading,96.0,14,84.44,175,,,,,,Medium,False
AUD_161,Spontaneous,109.0,7,47.94,159,,,,,,High,False
synth_low_42_00675,0,151.0,13,38.21,125,,,,,,Low,True
synth_low_42_01545,0,137.0,4,83.79,152,,,,,,Low,True
AUD_4798,Reading,129.0,6,50.23,142,,,,,,High,False
AUD_1500,Spontaneous,157.0,11,80.73,132,,,,,,Medium,False
AUD_3843,Reading,97.0,2,46.52,185,,,,,,Medium,False
synth_low_42_00225,0,96.0,3,75.48,190,,,,,,Low,True
AUD_2613,Reading,160.0,11,47.4,117,,,,,,High,False
AUD_3461,Spontaneous,151.0,5,69.48,188,,,,,,High,False
AUD_1021,Reading,106.0,5,84.39,106,,,,,,High,False
AUD_3073,Spontaneous,122.0,10,87.8,193,,,,,,Medium,False
AUD_3943,Reading,164.0,13,34.33,175,,,,,,High,False
AUD_1585,Reading,156.0,8,54.14,168,,,,,,Medium,False
AUD_1955,Reading,121.0,11,49.73,178,,,,,,High,False
AUD_3152,Spontaneous,163.0,3,57.14,119,,,,,,High,False
synth_low_42_01349,0,151.39,9,74.09,140,,,,,,Low,True
AUD_34,Reading,130.0,11,55.83,179,,,,,,Medium,False
AUD_4014,Spontaneous,167.0,11,54.85,89,,,,,,Medium,False
AUD_775,Spontaneous,98.0,5,22.58,186,,,,,,High,False
AUD_2556,Reading,92.0,9,70.1,166,,,,,,Medium,False
AUD_1478,Spontaneous,164.0,3,76.79,129,,,,,,High,False
synth_low_42_00486,0,166.0,7,64.92,110,,,,,,Low,True
synth_low_42_01235,0,110.07,7,31.34,95,,,,,,Low,True
AUD_1363,Spontaneous,105.0,3,64.72,52,,,,,,Low,False
AUD_2612,Spontaneous,163.0,7,80.74,115,,,,,,Medium,False
AUD_2824,Reading,93.0,14,31.7,148,,,,,,Medium,False
AUD_2041,Reading,123.0,8,70.63,154,,,,,,Medium,False
AUD_241,Spontaneous,141.0,2,50.68,143,,,,,,High,False
AUD_2061,Spontaneous,159.0,5,52.88,188,,,,,,High,False
AUD_2363,Spontaneous,160.0,9,24.99,66,,,,,,Medium,False
AUD_600,Spontaneous,118.0,8,27.64,136,,,,,,Medium,False
AUD_2435,Spontaneous,135.0,6,88.86,121,,,,,,Medium,False
synth_low_42_00393,0,102.0,7,64.74,125,,,,,,Low,True
synth_low_42_01310,0,110.0,3,37.1,112,,,,,,Low,True
AUD_2888,Spontaneous,142.0,11,84.67,113,,,,,,High,False
synth_low_42_01164,0,101.0,7,74.79,184,,,,,,Low,True
AUD_646,Reading,174.0,3,68.87,99,,,,,,High,False
AUD_3890,Spontaneous,115.0,4,42.81,155,,,,,,Medium,False
AUD_3556,Spontaneous,133.0,12,72.9,70,,,,,,Medium,False
AUD_3202,Reading,164.0,8,54.02,60,,,,,,High,False
AUD_1528,Reading,154.0,12,31.93,149,,,,,,Medium,False
AUD_1267,Spontaneous,158.0,14,56.22,54,,,,,,High,False
AUD_1899,Reading,144.0,13,50.39,123,,,,,,Medium,False
AUD_4658,Spontaneous,156.0,5,85.73,166,,,,,,Medium,False
AUD_3005,Reading,130.0,4,41.26,160,,,,,,High,False
AUD_2734,Reading,157.0,12,72.55,52,,,,,,High,False
AUD_189,Reading,151.0,10,69.22,54,,,,,,High,False
AUD_1806,Reading,127.0,10,59.15,127,,,,,,Medium,False
AUD_975,Reading,135.0,9,76.92,148,,,,,,High,False
AUD_2747,Reading,95.0,3,60.19,115,,,,,,Medium,False
AUD_2047,Spontaneous,143.0,10,62.39,162,,,,,,High,False
AUD_2558,Reading,160.0,9,31.63,170,,,,,,High,False
AUD_1082,Reading,120.0,3,39.53,199,,,,,,Medium,False
AUD_474,Reading,158.0,5,37.05,111,,,,,,High,False
AUD_2904,Spontaneous,113.0,7,36.43,76,,,,,,High,False
AUD_4843,Spontaneous,96.0,2,64.09,112,,,,,,Medium,False
synth_low_42_01396,0,166.0,9,52.99,138,,,,,,Low,True
AUD_4117,Reading,93.0,2,45.3,76,,,,,,High,False
AUD_3385,Reading,129.0,9,48.21,136,,,,,,High,False
AUD_4555,Reading,128.0,4,30.79,81,,,,,,High,False
AUD_1184,Spontaneous,116.0,14,73.24,83,,,,,,High,False
synth_low_42_01420,0,111.0,3,43.79,150,,,,,,Low,True
synth_low_42_00051,0,129.0,10,83.04,150,,,,,,Low,True
synth_low_42_00311,0,117.0,10,31.59,189,,,,,,Low,True
AUD_2433,Spontaneous,111.0,2,69.9,84,,,,,,Medium,False
synth_low_42_00611,0,97.0,8,73.71,125,,,,,,Low,True
AUD_2391,Spontaneous,96.0,11,25.64,148,,,,,,High,False
AUD_769,Reading,150.0,13,38.32,96,,,,,,Medium,False
AUD_1685,Spontaneous,156.0,7,63.82,61,,,,,,High,False
AUD_130,Spontaneous,142.0,5,78.6,162,,,,,,High,False
AUD_2919,Reading,117.0,4,68.0,177,,,,,,Medium,False
AUD_3171,Reading,115.0,8,24.79,189,,,,,,High,False
AUD_3444,Spontaneous,169.0,12,40.08,117,,,,,,Medium,False
synth_low_42_01231,0,113.02,11,49.14,74,,,,,,Low,True
synth_low_42_00578,0,104.0,8,77.81,89,,,,,,Low,True
AUD_4426,Spontaneous,177.0,12,46.0,60,,,,,,Medium,False
synth_low_42_00334,0,91.29,10,50.81,172,,,,,,Low,True
AUD_466,Spontaneous,154.0,9,65.98,199,,,,,,Medium,False
synth_low_42_01265,0,118.0,3,84.2,198,,,,,,Low,True
synth_low_42_00734,0,149.0,10,64.72,194,,,,,,Low,True
AUD_3092,Reading,107.0,11,63.76,133,,,,,,Medium,False
AUD_3772,Reading,111.0,6,27.1,172,,,,,,High,False
synth_low_42_00191,0,103.73,13,46.28,185,,,,,,Low,True
synth_low_42_00226,0,123.74,13,47.8,56,,,,,,Low,True
synth_low_42_00390,0,138.95,12,44.82,148,,,,,,Low,True
AUD_860,Reading,131.0,9,52.11,155,,,,,,Medium,False
